INSERT INTO Contact (Id, GivenName, Surname, ContactType, CreatedDate, LastModifiedDate) 
	VALUES (1, 'Kayden', 'Khan', 'Supplier', '2018-09-30 06:08:40', '2021-06-12 12:21:25');
INSERT INTO [Address] (Id, Street, City, [State], Country, Postcode) 
	VALUES (1, '890 Hawthorne Lane', 'Duntroon', 'Wellington', 'New Zealand', '2901');
INSERT INTO ContactAddress (ContactId, AddressId, AddressType) 
	VALUES (1, 1, 1);
INSERT INTO [Address] (Id, Street, City, [State], Country, Postcode) 
		VALUES (2, '1128 Cedar Court', 'Hendon', 'Nelson', 'New Zealand', '4925');
INSERT INTO ContactAddress (ContactId, AddressId, AddressType) 
		VALUES (1, 2, 2);
INSERT INTO Contact (Id, GivenName, Surname, ContactType, CreatedDate, LastModifiedDate) 
	VALUES (2, 'Nicole', 'Woodward', 'Employee', '2023-04-17 18:21:56', '2023-07-31 05:06:07');
INSERT INTO [Address] (Id, Street, City, [State], Country, Postcode) 
	VALUES (3, '1224 Bayberry Drive', 'Banks', 'Nelson', 'New Zealand', '2808');
INSERT INTO ContactAddress (ContactId, AddressId, AddressType) 
	VALUES (2, 3, 1);
INSERT INTO Contact (Id, GivenName, Surname, ContactType, CreatedDate, LastModifiedDate) 
	VALUES (3, 'Luna', 'Pace', 'Employee', '2022-09-21 06:52:10', '2023-02-19 22:36:26');
INSERT INTO [Address] (Id, Street, City, [State], Country, Postcode) 
	VALUES (4, '925 1st Avenue', 'Riverhills', 'Wellington', 'New Zealand', '2472');
INSERT INTO ContactAddress (ContactId, AddressId, AddressType) 
	VALUES (3, 4, 1);
INSERT INTO Contact (Id, GivenName, Surname, ContactType, CreatedDate, LastModifiedDate) 
	VALUES (4, 'Lila', 'Mendoza', 'Customer', '2023-04-18 00:49:59', '2023-12-24 10:12:35');
INSERT INTO [Address] (Id, Street, City, [State], Country, Postcode) 
	VALUES (5, '114 Cedar Avenue', 'Nunkeri', 'Wellington', 'New Zealand', '1697');
INSERT INTO ContactAddress (ContactId, AddressId, AddressType) 
	VALUES (4, 5, 1);
INSERT INTO [Address] (Id, Street, City, [State], Country, Postcode) 
		VALUES (6, '536 Cleveland Avenue', 'Clifden', 'Nelson', 'New Zealand', '8309');
INSERT INTO ContactAddress (ContactId, AddressId, AddressType) 
		VALUES (4, 6, 2);
INSERT INTO Contact (Id, GivenName, Surname, ContactType, CreatedDate, LastModifiedDate) 
	VALUES (5, 'Josie', 'Shah', 'Customer', '2023-09-02 23:32:34', '2023-09-11 14:53:26');
INSERT INTO [Address] (Id, Street, City, [State], Country, Postcode) 
	VALUES (7, '454 Circle Drive', 'Awonga', 'Nelson', 'New Zealand', '4688');
INSERT INTO ContactAddress (ContactId, AddressId, AddressType) 
	VALUES (5, 7, 1);
INSERT INTO Contact (Id, GivenName, Surname, ContactType, CreatedDate, LastModifiedDate) 
	VALUES (6, 'Kaylee', 'Bradford', 'Other', '2019-01-08 00:57:13', '2023-03-14 17:56:18');
INSERT INTO [Address] (Id, Street, City, [State], Country, Postcode) 
	VALUES (8, '1695 Broadway', 'Meenar', 'Otago', 'New Zealand', '5691');
INSERT INTO ContactAddress (ContactId, AddressId, AddressType) 
	VALUES (6, 8, 1);
INSERT INTO Contact (Id, GivenName, Surname, ContactType, CreatedDate, LastModifiedDate) 
	VALUES (7, 'Cullen', 'Levy', 'Customer', '2019-10-26 21:28:36', '2022-07-02 16:49:37');
INSERT INTO [Address] (Id, Street, City, [State], Country, Postcode) 
	VALUES (9, '1227 Sycamore Drive', 'Meenar', 'Wellington', 'New Zealand', '6936');
INSERT INTO ContactAddress (ContactId, AddressId, AddressType) 
	VALUES (7, 9, 1);
INSERT INTO [Address] (Id, Street, City, [State], Country, Postcode) 
		VALUES (10, '1471 Church Street', 'Nullawarre', 'New Plymouth', 'New Zealand', '3690');
INSERT INTO ContactAddress (ContactId, AddressId, AddressType) 
		VALUES (7, 10, 2);
INSERT INTO Contact (Id, GivenName, Surname, ContactType, CreatedDate, LastModifiedDate) 
	VALUES (8, 'Carl', 'Watts', 'Customer', '2023-08-30 11:58:42', '2023-10-23 16:19:19');
INSERT INTO [Address] (Id, Street, City, [State], Country, Postcode) 
	VALUES (11, '1744 Valley View Road', 'Miakite', 'Catnerbury', 'New Zealand', '2187');
INSERT INTO ContactAddress (ContactId, AddressId, AddressType) 
	VALUES (8, 11, 1);
INSERT INTO Contact (Id, GivenName, Surname, ContactType, CreatedDate, LastModifiedDate) 
	VALUES (9, 'Romeo', 'Rivera', 'Customer', '2020-03-25 21:34:36', '2022-04-09 00:16:18');
INSERT INTO [Address] (Id, Street, City, [State], Country, Postcode) 
	VALUES (12, '1561 Hillcrest Avenue', 'Nora Head', 'Catnerbury', 'New Zealand', '2378');
INSERT INTO ContactAddress (ContactId, AddressId, AddressType) 
	VALUES (9, 12, 1);
INSERT INTO Contact (Id, GivenName, Surname, ContactType, CreatedDate, LastModifiedDate) 
	VALUES (10, 'Micah', 'Calderon', 'Customer', '2020-03-25 00:41:41', '2023-09-02 01:14:16');
INSERT INTO [Address] (Id, Street, City, [State], Country, Postcode) 
	VALUES (13, '421 Cross Street', 'Saint Ives', 'Wellington', 'New Zealand', '3674');
INSERT INTO ContactAddress (ContactId, AddressId, AddressType) 
	VALUES (10, 13, 1);
INSERT INTO [Address] (Id, Street, City, [State], Country, Postcode) 
		VALUES (14, '324 George Street', 'Bodalla', 'Wellington', 'New Zealand', '5162');
INSERT INTO ContactAddress (ContactId, AddressId, AddressType) 
		VALUES (10, 14, 2);
INSERT INTO Contact (Id, GivenName, Surname, ContactType, CreatedDate, LastModifiedDate) 
	VALUES (11, 'Kale', 'Powers', 'Supplier', '2018-12-07 06:59:16', '2021-12-15 06:26:05');
INSERT INTO [Address] (Id, Street, City, [State], Country, Postcode) 
	VALUES (15, '708 Bridle Court', 'Mount Perry', 'Catnerbury', 'New Zealand', '7393');
INSERT INTO ContactAddress (ContactId, AddressId, AddressType) 
	VALUES (11, 15, 1);
INSERT INTO Contact (Id, GivenName, Surname, ContactType, CreatedDate, LastModifiedDate) 
	VALUES (12, 'Aedan', 'Mckee', 'Customer', '2019-09-01 20:15:34', '2023-10-19 04:08:00');
INSERT INTO [Address] (Id, Street, City, [State], Country, Postcode) 
	VALUES (16, '396 Washington Avenue', 'Yurammie', 'New Plymouth', 'New Zealand', '8629');
INSERT INTO ContactAddress (ContactId, AddressId, AddressType) 
	VALUES (12, 16, 1);
INSERT INTO Contact (Id, GivenName, Surname, ContactType, CreatedDate, LastModifiedDate) 
	VALUES (13, 'Kathleen', 'Cobb', 'Customer', '2021-09-19 17:55:00', '2022-06-22 13:04:38');
INSERT INTO [Address] (Id, Street, City, [State], Country, Postcode) 
	VALUES (17, '612 3rd Avenue', 'Aldavilla', 'Aukland', 'New Zealand', '1729');
INSERT INTO ContactAddress (ContactId, AddressId, AddressType) 
	VALUES (13, 17, 1);
INSERT INTO [Address] (Id, Street, City, [State], Country, Postcode) 
		VALUES (18, '756 Clay Street', 'Coledale', 'New Plymouth', 'New Zealand', '3887');
INSERT INTO ContactAddress (ContactId, AddressId, AddressType) 
		VALUES (13, 18, 2);
INSERT INTO Contact (Id, GivenName, Surname, ContactType, CreatedDate, LastModifiedDate) 
	VALUES (14, 'Belinda', 'Finley', 'Customer', '2023-04-16 10:01:37', '2023-06-25 00:27:47');
INSERT INTO [Address] (Id, Street, City, [State], Country, Postcode) 
	VALUES (19, '1593 Jackson Avenue', 'Caramut', 'Catnerbury', 'New Zealand', '8017');
INSERT INTO ContactAddress (ContactId, AddressId, AddressType) 
	VALUES (14, 19, 1);
INSERT INTO Contact (Id, GivenName, Surname, ContactType, CreatedDate, LastModifiedDate) 
	VALUES (15, 'Aubrie', 'Newman', 'Supplier', '2021-07-19 02:36:09', '2022-11-27 06:39:19');
INSERT INTO [Address] (Id, Street, City, [State], Country, Postcode) 
	VALUES (20, '1412 Willow Street', 'Maldon', 'Otago', 'New Zealand', '3217');
INSERT INTO ContactAddress (ContactId, AddressId, AddressType) 
	VALUES (15, 20, 1);
INSERT INTO Contact (Id, GivenName, Surname, ContactType, CreatedDate, LastModifiedDate) 
	VALUES (16, 'Liliana', 'Barry', 'Other', '2023-03-23 08:01:58', '2023-06-05 14:32:16');
INSERT INTO [Address] (Id, Street, City, [State], Country, Postcode) 
	VALUES (21, '372 Lake Street', 'Woleebee', 'Otago', 'New Zealand', '3205');
INSERT INTO ContactAddress (ContactId, AddressId, AddressType) 
	VALUES (16, 21, 1);
INSERT INTO [Address] (Id, Street, City, [State], Country, Postcode) 
		VALUES (22, '1746 York Road', 'Koo-Wee-Rup North', 'New Plymouth', 'New Zealand', '7192');
INSERT INTO ContactAddress (ContactId, AddressId, AddressType) 
		VALUES (16, 22, 2);
INSERT INTO Contact (Id, GivenName, Surname, ContactType, CreatedDate, LastModifiedDate) 
	VALUES (17, 'Judith', 'Hammond', 'Employee', '2021-10-10 10:52:38', '2023-10-26 22:37:45');
INSERT INTO [Address] (Id, Street, City, [State], Country, Postcode) 
	VALUES (23, '381 Route 44', 'Uranquinty', 'New Plymouth', 'New Zealand', '3945');
INSERT INTO ContactAddress (ContactId, AddressId, AddressType) 
	VALUES (17, 23, 1);
INSERT INTO Contact (Id, GivenName, Surname, ContactType, CreatedDate, LastModifiedDate) 
	VALUES (18, 'Diya', 'Webb', 'Employee', '2022-11-07 07:26:14', '2023-04-27 01:54:40');
INSERT INTO [Address] (Id, Street, City, [State], Country, Postcode) 
	VALUES (24, '679 2nd Street West', 'Garryowen', 'Aukland', 'New Zealand', '5849');
INSERT INTO ContactAddress (ContactId, AddressId, AddressType) 
	VALUES (18, 24, 1);
INSERT INTO Contact (Id, GivenName, Surname, ContactType, CreatedDate, LastModifiedDate) 
	VALUES (19, 'Jovanni', 'York', 'Customer', '2021-12-16 11:04:56', '2023-09-30 10:27:56');
INSERT INTO [Address] (Id, Street, City, [State], Country, Postcode) 
	VALUES (25, '1821 Jackson Avenue', 'Rapid Bay', 'Aukland', 'New Zealand', '5689');
INSERT INTO ContactAddress (ContactId, AddressId, AddressType) 
	VALUES (19, 25, 1);
INSERT INTO [Address] (Id, Street, City, [State], Country, Postcode) 
		VALUES (26, '265 Ivy Court', 'Stokers Siding', 'Wellington', 'New Zealand', '7373');
INSERT INTO ContactAddress (ContactId, AddressId, AddressType) 
		VALUES (19, 26, 2);
INSERT INTO Contact (Id, GivenName, Surname, ContactType, CreatedDate, LastModifiedDate) 
	VALUES (20, 'Rose', 'Briggs', 'Customer', '2019-03-24 07:04:23', '2023-07-24 23:22:28');
INSERT INTO [Address] (Id, Street, City, [State], Country, Postcode) 
	VALUES (27, '967 Park Avenue', 'Erina East', 'Wellington', 'New Zealand', '3791');
INSERT INTO ContactAddress (ContactId, AddressId, AddressType) 
	VALUES (20, 27, 1);
INSERT INTO Contact (Id, GivenName, Surname, ContactType, CreatedDate, LastModifiedDate) 
	VALUES (21, 'Gavin', 'Fowler', 'Employee', '2020-02-02 09:31:12', '2020-11-30 23:42:24');
INSERT INTO [Address] (Id, Street, City, [State], Country, Postcode) 
	VALUES (28, '1893 East Avenue', 'Waubra Junction', 'Wellington', 'New Zealand', '2309');
INSERT INTO ContactAddress (ContactId, AddressId, AddressType) 
	VALUES (21, 28, 1);
INSERT INTO Contact (Id, GivenName, Surname, ContactType, CreatedDate, LastModifiedDate) 
	VALUES (22, 'German', 'Zavala', 'Customer', '2019-10-05 18:32:33', '2022-11-21 06:59:24');
INSERT INTO [Address] (Id, Street, City, [State], Country, Postcode) 
	VALUES (29, '1183 Cemetery Road', 'Moogara', 'Wellington', 'New Zealand', '8938');
INSERT INTO ContactAddress (ContactId, AddressId, AddressType) 
	VALUES (22, 29, 1);
INSERT INTO [Address] (Id, Street, City, [State], Country, Postcode) 
		VALUES (30, '688 Valley View Road', 'Kalbarri', 'Wellington', 'New Zealand', '6077');
INSERT INTO ContactAddress (ContactId, AddressId, AddressType) 
		VALUES (22, 30, 2);
INSERT INTO Contact (Id, GivenName, Surname, ContactType, CreatedDate, LastModifiedDate) 
	VALUES (23, 'Everett', 'Santiago', 'Customer', '2023-09-29 08:09:36', '2024-01-03 13:24:34');
INSERT INTO [Address] (Id, Street, City, [State], Country, Postcode) 
	VALUES (31, '1042 Delaware Avenue', 'Tarraleah', 'Wellington', 'New Zealand', '1823');
INSERT INTO ContactAddress (ContactId, AddressId, AddressType) 
	VALUES (23, 31, 1);
INSERT INTO Contact (Id, GivenName, Surname, ContactType, CreatedDate, LastModifiedDate) 
	VALUES (24, 'Alfred', 'Ramsey', 'Other', '2019-07-28 05:33:54', '2023-11-08 20:56:04');
INSERT INTO [Address] (Id, Street, City, [State], Country, Postcode) 
	VALUES (32, '1736 Victoria Court', 'Congo Park', 'New Plymouth', 'New Zealand', '8663');
INSERT INTO ContactAddress (ContactId, AddressId, AddressType) 
	VALUES (24, 32, 1);
INSERT INTO Contact (Id, GivenName, Surname, ContactType, CreatedDate, LastModifiedDate) 
	VALUES (25, 'Mariana', 'Jefferson', 'Customer', '2022-11-17 03:40:16', '2023-12-01 11:42:05');
INSERT INTO [Address] (Id, Street, City, [State], Country, Postcode) 
	VALUES (33, '1812 Willow Drive', 'Dinmore', 'New Plymouth', 'New Zealand', '3378');
INSERT INTO ContactAddress (ContactId, AddressId, AddressType) 
	VALUES (25, 33, 1);
INSERT INTO [Address] (Id, Street, City, [State], Country, Postcode) 
		VALUES (34, '803 Sycamore Lane', 'Cannon Hill', 'Nelson', 'New Zealand', '6223');
INSERT INTO ContactAddress (ContactId, AddressId, AddressType) 
		VALUES (25, 34, 2);
INSERT INTO Contact (Id, GivenName, Surname, ContactType, CreatedDate, LastModifiedDate) 
	VALUES (26, 'Haylee', 'Schroeder', 'Customer', '2021-04-12 20:07:06', '2021-09-19 19:17:58');
INSERT INTO [Address] (Id, Street, City, [State], Country, Postcode) 
	VALUES (35, '85 Water Street', 'Gormanston', 'Nelson', 'New Zealand', '7682');
INSERT INTO ContactAddress (ContactId, AddressId, AddressType) 
	VALUES (26, 35, 1);
INSERT INTO Contact (Id, GivenName, Surname, ContactType, CreatedDate, LastModifiedDate) 
	VALUES (27, 'Jimmy', 'Huffman', 'Customer', '2022-07-07 22:13:09', '2023-06-10 13:39:18');
INSERT INTO [Address] (Id, Street, City, [State], Country, Postcode) 
	VALUES (36, '1996 East Avenue', 'Old Bar', 'South Australia', 'Australia', '2081');
INSERT INTO ContactAddress (ContactId, AddressId, AddressType) 
	VALUES (27, 36, 1);
INSERT INTO Contact (Id, GivenName, Surname, ContactType, CreatedDate, LastModifiedDate) 
	VALUES (28, 'Trevin', 'Yoder', 'Supplier', '2019-01-17 13:55:44', '2019-08-22 05:19:34');
INSERT INTO [Address] (Id, Street, City, [State], Country, Postcode) 
	VALUES (37, '188 Chapel Street', 'Rockton', 'New Plymouth', 'New Zealand', '6082');
INSERT INTO ContactAddress (ContactId, AddressId, AddressType) 
	VALUES (28, 37, 1);
INSERT INTO [Address] (Id, Street, City, [State], Country, Postcode) 
		VALUES (38, '183 Heritage Drive', 'San Remo', 'New Plymouth', 'New Zealand', '3369');
INSERT INTO ContactAddress (ContactId, AddressId, AddressType) 
		VALUES (28, 38, 2);
INSERT INTO Contact (Id, GivenName, Surname, ContactType, CreatedDate, LastModifiedDate) 
	VALUES (29, 'Abigail', 'Dean', 'Customer', '2023-04-27 04:16:14', '2023-05-29 08:17:14');
INSERT INTO [Address] (Id, Street, City, [State], Country, Postcode) 
	VALUES (39, '865 Hillside Avenue', 'Napier', 'Wellington', 'New Zealand', '4339');
INSERT INTO ContactAddress (ContactId, AddressId, AddressType) 
	VALUES (29, 39, 1);
INSERT INTO Contact (Id, GivenName, Surname, ContactType, CreatedDate, LastModifiedDate) 
	VALUES (30, 'Phoebe', 'Chavez', 'Customer', '2023-08-30 16:27:52', '2023-09-24 18:38:21');
INSERT INTO [Address] (Id, Street, City, [State], Country, Postcode) 
	VALUES (40, '1428 9th Street West', 'Blackheath', 'Otago', 'New Zealand', '8691');
INSERT INTO ContactAddress (ContactId, AddressId, AddressType) 
	VALUES (30, 40, 1);
INSERT INTO Contact (Id, GivenName, Surname, ContactType, CreatedDate, LastModifiedDate) 
	VALUES (31, 'Landon', 'Galvan', 'Customer', '2019-07-23 03:00:02', '2023-10-18 12:50:23');
INSERT INTO [Address] (Id, Street, City, [State], Country, Postcode) 
	VALUES (41, '522 Academy Street', 'Lamington', 'Catnerbury', 'New Zealand', '1938');
INSERT INTO ContactAddress (ContactId, AddressId, AddressType) 
	VALUES (31, 41, 1);
INSERT INTO [Address] (Id, Street, City, [State], Country, Postcode) 
		VALUES (42, '508 Academy Street', 'Cromer', 'Catnerbury', 'New Zealand', '2164');
INSERT INTO ContactAddress (ContactId, AddressId, AddressType) 
		VALUES (31, 42, 2);
INSERT INTO Contact (Id, GivenName, Surname, ContactType, CreatedDate, LastModifiedDate) 
	VALUES (32, 'Lucas', 'Francis', 'Customer', '2020-02-26 14:45:11', '2022-06-26 16:38:11');
INSERT INTO [Address] (Id, Street, City, [State], Country, Postcode) 
	VALUES (43, '752 Magnolia Avenue', 'Hendon', 'Otago', 'New Zealand', '2895');
INSERT INTO ContactAddress (ContactId, AddressId, AddressType) 
	VALUES (32, 43, 1);
INSERT INTO Contact (Id, GivenName, Surname, ContactType, CreatedDate, LastModifiedDate) 
	VALUES (33, 'Aubrey', 'Krause', 'Customer', '2021-05-23 02:20:01', '2022-05-24 07:17:16');
INSERT INTO [Address] (Id, Street, City, [State], Country, Postcode) 
	VALUES (44, '866 Forest Avenue', 'Trangie', 'Catnerbury', 'New Zealand', '7580');
INSERT INTO ContactAddress (ContactId, AddressId, AddressType) 
	VALUES (33, 44, 1);
INSERT INTO Contact (Id, GivenName, Surname, ContactType, CreatedDate, LastModifiedDate) 
	VALUES (34, 'Brooks', 'Little', 'Customer', '2021-04-02 09:54:40', '2022-12-20 02:06:37');
INSERT INTO [Address] (Id, Street, City, [State], Country, Postcode) 
	VALUES (45, '1617 11th Street', 'Maldon', 'Otago', 'New Zealand', '1928');
INSERT INTO ContactAddress (ContactId, AddressId, AddressType) 
	VALUES (34, 45, 1);
INSERT INTO [Address] (Id, Street, City, [State], Country, Postcode) 
		VALUES (46, '1047 Deerfield Drive', 'Meandarra', 'Otago', 'New Zealand', '2406');
INSERT INTO ContactAddress (ContactId, AddressId, AddressType) 
		VALUES (34, 46, 2);
INSERT INTO Contact (Id, GivenName, Surname, ContactType, CreatedDate, LastModifiedDate) 
	VALUES (35, 'Nathalia', 'Russell', 'Employee', '2019-08-19 12:59:09', '2020-05-02 12:32:15');
INSERT INTO [Address] (Id, Street, City, [State], Country, Postcode) 
	VALUES (47, '1798 Walnut Avenue', 'Woolner', 'Nelson', 'New Zealand', '3007');
INSERT INTO ContactAddress (ContactId, AddressId, AddressType) 
	VALUES (35, 47, 1);
INSERT INTO Contact (Id, GivenName, Surname, ContactType, CreatedDate, LastModifiedDate) 
	VALUES (36, 'Lauren', 'Rice', 'Customer', '2021-01-22 14:54:06', '2023-08-10 12:48:38');
INSERT INTO [Address] (Id, Street, City, [State], Country, Postcode) 
	VALUES (48, '1988 Madison Avenue', 'Devon Meadows', 'Nelson', 'New Zealand', '5178');
INSERT INTO ContactAddress (ContactId, AddressId, AddressType) 
	VALUES (36, 48, 1);
INSERT INTO Contact (Id, GivenName, Surname, ContactType, CreatedDate, LastModifiedDate) 
	VALUES (37, 'Xavier', 'Harris', 'Customer', '2020-02-21 14:07:34', '2020-06-03 09:25:25');
INSERT INTO [Address] (Id, Street, City, [State], Country, Postcode) 
	VALUES (49, '1151 Main Street West', 'Yambla', 'Aukland', 'New Zealand', '1848');
INSERT INTO ContactAddress (ContactId, AddressId, AddressType) 
	VALUES (37, 49, 1);
INSERT INTO [Address] (Id, Street, City, [State], Country, Postcode) 
		VALUES (50, '1821 Glenwood Drive', 'Thirlstane', 'New Plymouth', 'New Zealand', '5024');
INSERT INTO ContactAddress (ContactId, AddressId, AddressType) 
		VALUES (37, 50, 2);
INSERT INTO Contact (Id, GivenName, Surname, ContactType, CreatedDate, LastModifiedDate) 
	VALUES (38, 'Darwin', 'Lambert', 'Customer', '2018-11-06 02:07:42', '2021-11-08 14:46:31');
INSERT INTO [Address] (Id, Street, City, [State], Country, Postcode) 
	VALUES (51, '1435 Marshall Street', 'Clear Is. Wtrs', 'Wellington', 'New Zealand', '4085');
INSERT INTO ContactAddress (ContactId, AddressId, AddressType) 
	VALUES (38, 51, 1);
INSERT INTO Contact (Id, GivenName, Surname, ContactType, CreatedDate, LastModifiedDate) 
	VALUES (39, 'Kiera', 'Mccarthy', 'Customer', '2021-02-27 06:48:46', '2023-03-14 01:11:34');
INSERT INTO [Address] (Id, Street, City, [State], Country, Postcode) 
	VALUES (52, '490 Madison Court', 'Bellbird', 'New Plymouth', 'New Zealand', '8130');
INSERT INTO ContactAddress (ContactId, AddressId, AddressType) 
	VALUES (39, 52, 1);
INSERT INTO Contact (Id, GivenName, Surname, ContactType, CreatedDate, LastModifiedDate) 
	VALUES (40, 'Jaylene', 'Woodward', 'Supplier', '2023-05-07 19:00:02', '2023-07-23 15:59:14');
INSERT INTO [Address] (Id, Street, City, [State], Country, Postcode) 
	VALUES (53, '366 Cemetery Road', 'New Town', 'Wellington', 'New Zealand', '5416');
INSERT INTO ContactAddress (ContactId, AddressId, AddressType) 
	VALUES (40, 53, 1);
INSERT INTO [Address] (Id, Street, City, [State], Country, Postcode) 
		VALUES (54, '1489 Street Road', 'Craigallian', 'Wellington', 'New Zealand', '4328');
INSERT INTO ContactAddress (ContactId, AddressId, AddressType) 
		VALUES (40, 54, 2);
INSERT INTO Contact (Id, GivenName, Surname, ContactType, CreatedDate, LastModifiedDate) 
	VALUES (41, 'Harper', 'Calderon', 'Other', '2018-09-13 04:12:18', '2019-02-28 01:58:48');
INSERT INTO [Address] (Id, Street, City, [State], Country, Postcode) 
	VALUES (55, '1162 Sunset Drive', 'Hendon', 'Wellington', 'New Zealand', '4490');
INSERT INTO ContactAddress (ContactId, AddressId, AddressType) 
	VALUES (41, 55, 1);
INSERT INTO Contact (Id, GivenName, Surname, ContactType, CreatedDate, LastModifiedDate) 
	VALUES (42, 'Grayson', 'Zuniga', 'Supplier', '2021-12-21 17:00:33', '2023-02-20 22:23:41');
INSERT INTO [Address] (Id, Street, City, [State], Country, Postcode) 
	VALUES (56, '1850 Broad Street', 'Old Erowal Bay', 'Nelson', 'New Zealand', '1463');
INSERT INTO ContactAddress (ContactId, AddressId, AddressType) 
	VALUES (42, 56, 1);
INSERT INTO Contact (Id, GivenName, Surname, ContactType, CreatedDate, LastModifiedDate) 
	VALUES (43, 'Michael', 'Mcmillan', 'Customer', '2019-07-10 12:11:45', '2020-02-13 17:09:54');
INSERT INTO [Address] (Id, Street, City, [State], Country, Postcode) 
	VALUES (57, '609 New Street', 'Vasey', 'Catnerbury', 'New Zealand', '4470');
INSERT INTO ContactAddress (ContactId, AddressId, AddressType) 
	VALUES (43, 57, 1);
INSERT INTO [Address] (Id, Street, City, [State], Country, Postcode) 
		VALUES (58, '1489 Route 27', 'Stalker', 'Nelson', 'New Zealand', '5805');
INSERT INTO ContactAddress (ContactId, AddressId, AddressType) 
		VALUES (43, 58, 2);
INSERT INTO Contact (Id, GivenName, Surname, ContactType, CreatedDate, LastModifiedDate) 
	VALUES (44, 'Zachery', 'Gillespie', 'Customer', '2023-08-19 09:44:28', '2023-11-18 00:33:02');
INSERT INTO [Address] (Id, Street, City, [State], Country, Postcode) 
	VALUES (59, '1076 Virginia Street', 'Nalangil', 'Otago', 'New Zealand', '4816');
INSERT INTO ContactAddress (ContactId, AddressId, AddressType) 
	VALUES (44, 59, 1);
INSERT INTO Contact (Id, GivenName, Surname, ContactType, CreatedDate, LastModifiedDate) 
	VALUES (45, 'Eduardo', 'Le', 'Customer', '2020-05-26 04:04:14', '2023-06-22 08:57:23');
INSERT INTO [Address] (Id, Street, City, [State], Country, Postcode) 
	VALUES (60, '245 Canterbury Road', 'Parkdale', 'Wellington', 'New Zealand', '5401');
INSERT INTO ContactAddress (ContactId, AddressId, AddressType) 
	VALUES (45, 60, 1);
INSERT INTO Contact (Id, GivenName, Surname, ContactType, CreatedDate, LastModifiedDate) 
	VALUES (46, 'Malachi', 'Zuniga', 'Customer', '2021-10-20 08:59:55', '2023-06-04 23:17:46');
INSERT INTO [Address] (Id, Street, City, [State], Country, Postcode) 
	VALUES (61, '1221 Circle Drive', 'Whitton', 'Otago', 'New Zealand', '5759');
INSERT INTO ContactAddress (ContactId, AddressId, AddressType) 
	VALUES (46, 61, 1);
INSERT INTO [Address] (Id, Street, City, [State], Country, Postcode) 
		VALUES (62, '1114 Atlantic Avenue', 'Eight Mile Plains', 'New Plymouth', 'New Zealand', '8624');
INSERT INTO ContactAddress (ContactId, AddressId, AddressType) 
		VALUES (46, 62, 2);
INSERT INTO Contact (Id, GivenName, Surname, ContactType, CreatedDate, LastModifiedDate) 
	VALUES (47, 'Jamie', 'Valentine', 'Customer', '2023-09-17 18:04:24', '2023-12-11 09:54:03');
INSERT INTO [Address] (Id, Street, City, [State], Country, Postcode) 
	VALUES (63, '1023 Mill Road', 'Landsborough', 'Otago', 'New Zealand', '5608');
INSERT INTO ContactAddress (ContactId, AddressId, AddressType) 
	VALUES (47, 63, 1);
INSERT INTO Contact (Id, GivenName, Surname, ContactType, CreatedDate, LastModifiedDate) 
	VALUES (48, 'Shaylee', 'Baldwin', 'Customer', '2021-06-29 20:18:51', '2022-11-15 20:46:07');
INSERT INTO [Address] (Id, Street, City, [State], Country, Postcode) 
	VALUES (64, '227 Garfield Avenue', 'Broadmarsh', 'Wellington', 'New Zealand', '4974');
INSERT INTO ContactAddress (ContactId, AddressId, AddressType) 
	VALUES (48, 64, 1);
INSERT INTO Contact (Id, GivenName, Surname, ContactType, CreatedDate, LastModifiedDate) 
	VALUES (49, 'Sergio', 'Carrillo', 'Customer', '2020-04-15 00:46:51', '2022-05-09 12:26:59');
INSERT INTO [Address] (Id, Street, City, [State], Country, Postcode) 
	VALUES (65, '758 Augusta Drive', 'Morningside', 'Aukland', 'New Zealand', '2583');
INSERT INTO ContactAddress (ContactId, AddressId, AddressType) 
	VALUES (49, 65, 1);
INSERT INTO [Address] (Id, Street, City, [State], Country, Postcode) 
		VALUES (66, '555 Wood Street', 'Devon Meadows', 'Nelson', 'New Zealand', '5459');
INSERT INTO ContactAddress (ContactId, AddressId, AddressType) 
		VALUES (49, 66, 2);
INSERT INTO Contact (Id, GivenName, Surname, ContactType, CreatedDate, LastModifiedDate) 
	VALUES (50, 'Myah', 'Morris', 'Employee', '2019-08-17 19:43:55', '2023-08-29 05:10:46');
INSERT INTO [Address] (Id, Street, City, [State], Country, Postcode) 
	VALUES (67, '129 Park Street', 'Ellalong', 'New Plymouth', 'New Zealand', '8902');
INSERT INTO ContactAddress (ContactId, AddressId, AddressType) 
	VALUES (50, 67, 1);
INSERT INTO Contact (Id, GivenName, Surname, ContactType, CreatedDate, LastModifiedDate) 
	VALUES (51, 'Derrick', 'Robbins', 'Customer', '2023-12-16 21:33:12', '2023-12-25 09:59:08');
INSERT INTO [Address] (Id, Street, City, [State], Country, Postcode) 
	VALUES (68, '682 Highland Avenue', 'Winterbourne', 'Catnerbury', 'New Zealand', '4581');
INSERT INTO ContactAddress (ContactId, AddressId, AddressType) 
	VALUES (51, 68, 1);
INSERT INTO Contact (Id, GivenName, Surname, ContactType, CreatedDate, LastModifiedDate) 
	VALUES (52, 'Reuben', 'Burns', 'Employee', '2021-01-26 21:14:14', '2022-02-07 03:34:00');
INSERT INTO [Address] (Id, Street, City, [State], Country, Postcode) 
	VALUES (69, '175 Route 20', 'Manypeaks', 'Aukland', 'New Zealand', '1523');
INSERT INTO ContactAddress (ContactId, AddressId, AddressType) 
	VALUES (52, 69, 1);
INSERT INTO [Address] (Id, Street, City, [State], Country, Postcode) 
		VALUES (70, '1300 Summit Street', 'Edi Upper', 'Aukland', 'New Zealand', '7427');
INSERT INTO ContactAddress (ContactId, AddressId, AddressType) 
		VALUES (52, 70, 2);
INSERT INTO Contact (Id, GivenName, Surname, ContactType, CreatedDate, LastModifiedDate) 
	VALUES (53, 'Isabella', 'Le', 'Employee', '2023-12-27 07:33:23', '2024-01-04 11:12:57');
INSERT INTO [Address] (Id, Street, City, [State], Country, Postcode) 
	VALUES (71, '1769 Madison Avenue', 'Banks', 'Otago', 'New Zealand', '1238');
INSERT INTO ContactAddress (ContactId, AddressId, AddressType) 
	VALUES (53, 71, 1);
INSERT INTO Contact (Id, GivenName, Surname, ContactType, CreatedDate, LastModifiedDate) 
	VALUES (54, 'Nicholas', 'Johnson', 'Employee', '2022-09-24 17:38:13', '2023-08-19 01:56:00');
INSERT INTO [Address] (Id, Street, City, [State], Country, Postcode) 
	VALUES (72, '955 Locust Lane', 'Bullioh', 'Victoria', 'Australia', '7275');
INSERT INTO ContactAddress (ContactId, AddressId, AddressType) 
	VALUES (54, 72, 1);
INSERT INTO Contact (Id, GivenName, Surname, ContactType, CreatedDate, LastModifiedDate) 
	VALUES (55, 'Janae', 'Taylor', 'Customer', '2023-01-20 11:31:48', '2024-01-28 21:10:15');
INSERT INTO [Address] (Id, Street, City, [State], Country, Postcode) 
	VALUES (73, '875 Willow Drive', 'Devon Meadows', 'New Plymouth', 'New Zealand', '7657');
INSERT INTO ContactAddress (ContactId, AddressId, AddressType) 
	VALUES (55, 73, 1);
INSERT INTO [Address] (Id, Street, City, [State], Country, Postcode) 
		VALUES (74, '1383 Garfield Avenue', 'Coledale', 'Otago', 'New Zealand', '8479');
INSERT INTO ContactAddress (ContactId, AddressId, AddressType) 
		VALUES (55, 74, 2);
INSERT INTO Contact (Id, GivenName, Surname, ContactType, CreatedDate, LastModifiedDate) 
	VALUES (56, 'Keira', 'Palmer', 'Customer', '2022-12-29 02:17:10', '2023-08-12 13:12:47');
INSERT INTO [Address] (Id, Street, City, [State], Country, Postcode) 
	VALUES (75, '167 Williams Street', 'Black Lead', 'Nelson', 'New Zealand', '8226');
INSERT INTO ContactAddress (ContactId, AddressId, AddressType) 
	VALUES (56, 75, 1);
INSERT INTO Contact (Id, GivenName, Surname, ContactType, CreatedDate, LastModifiedDate) 
	VALUES (57, 'Janessa', 'Reyes', 'Employee', '2020-01-14 18:18:49', '2023-07-02 16:29:29');
INSERT INTO [Address] (Id, Street, City, [State], Country, Postcode) 
	VALUES (76, '689 Union Street', 'Mourilyan', 'Catnerbury', 'New Zealand', '6058');
INSERT INTO ContactAddress (ContactId, AddressId, AddressType) 
	VALUES (57, 76, 1);
INSERT INTO Contact (Id, GivenName, Surname, ContactType, CreatedDate, LastModifiedDate) 
	VALUES (58, 'Zachariah', 'Jackson', 'Customer', '2023-09-01 01:36:59', '2023-10-06 04:35:45');
INSERT INTO [Address] (Id, Street, City, [State], Country, Postcode) 
	VALUES (77, '1768 Linden Avenue', 'Kilrush', 'New Plymouth', 'New Zealand', '7121');
INSERT INTO ContactAddress (ContactId, AddressId, AddressType) 
	VALUES (58, 77, 1);
INSERT INTO [Address] (Id, Street, City, [State], Country, Postcode) 
		VALUES (78, '636 3rd Street East', 'Gembrook North', 'Aukland', 'New Zealand', '1039');
INSERT INTO ContactAddress (ContactId, AddressId, AddressType) 
		VALUES (58, 78, 2);
INSERT INTO Contact (Id, GivenName, Surname, ContactType, CreatedDate, LastModifiedDate) 
	VALUES (59, 'Keon', 'Hart', 'Employee', '2021-02-19 14:12:32', '2023-06-10 14:57:16');
INSERT INTO [Address] (Id, Street, City, [State], Country, Postcode) 
	VALUES (79, '163 2nd Avenue', 'Warkton', 'Aukland', 'New Zealand', '8937');
INSERT INTO ContactAddress (ContactId, AddressId, AddressType) 
	VALUES (59, 79, 1);
INSERT INTO Contact (Id, GivenName, Surname, ContactType, CreatedDate, LastModifiedDate) 
	VALUES (60, 'Kinsley', 'Huber', 'Customer', '2020-07-15 13:53:35', '2022-04-14 07:07:06');
INSERT INTO [Address] (Id, Street, City, [State], Country, Postcode) 
	VALUES (80, '1637 Route 10', 'Injune', 'Nelson', 'New Zealand', '4275');
INSERT INTO ContactAddress (ContactId, AddressId, AddressType) 
	VALUES (60, 80, 1);
INSERT INTO Contact (Id, GivenName, Surname, ContactType, CreatedDate, LastModifiedDate) 
	VALUES (61, 'Anaya', 'Singleton', 'Customer', '2020-07-28 23:50:13', '2020-08-30 19:44:26');
INSERT INTO [Address] (Id, Street, City, [State], Country, Postcode) 
	VALUES (81, '748 Shady Lane', 'Stalker', 'Wellington', 'New Zealand', '2662');
INSERT INTO ContactAddress (ContactId, AddressId, AddressType) 
	VALUES (61, 81, 1);
INSERT INTO [Address] (Id, Street, City, [State], Country, Postcode) 
		VALUES (82, '1051 Elizabeth Street', 'Narngulu', 'Aukland', 'New Zealand', '8218');
INSERT INTO ContactAddress (ContactId, AddressId, AddressType) 
		VALUES (61, 82, 2);
INSERT INTO Contact (Id, GivenName, Surname, ContactType, CreatedDate, LastModifiedDate) 
	VALUES (62, 'Karsyn', 'Lara', 'Customer', '2022-04-16 21:43:59', '2022-07-20 23:56:10');
INSERT INTO [Address] (Id, Street, City, [State], Country, Postcode) 
	VALUES (83, '304 Washington Avenue', 'Budgeree East', 'Aukland', 'New Zealand', '3145');
INSERT INTO ContactAddress (ContactId, AddressId, AddressType) 
	VALUES (62, 83, 1);
INSERT INTO Contact (Id, GivenName, Surname, ContactType, CreatedDate, LastModifiedDate) 
	VALUES (63, 'Nyasia', 'Michael', 'Supplier', '2023-10-03 14:17:11', '2024-01-04 05:32:41');
INSERT INTO [Address] (Id, Street, City, [State], Country, Postcode) 
	VALUES (84, '1286 Street Road', 'Wahroonga', 'Otago', 'New Zealand', '5507');
INSERT INTO ContactAddress (ContactId, AddressId, AddressType) 
	VALUES (63, 84, 1);
INSERT INTO Contact (Id, GivenName, Surname, ContactType, CreatedDate, LastModifiedDate) 
	VALUES (64, 'Case', 'Gallegos', 'Employee', '2022-08-07 14:07:50', '2022-09-23 04:10:28');
INSERT INTO [Address] (Id, Street, City, [State], Country, Postcode) 
	VALUES (85, '63 Shady Lane', 'Freeburgh', 'Otago', 'New Zealand', '3365');
INSERT INTO ContactAddress (ContactId, AddressId, AddressType) 
	VALUES (64, 85, 1);
INSERT INTO [Address] (Id, Street, City, [State], Country, Postcode) 
		VALUES (86, '1089 Clinton Street', 'Warwick', 'Catnerbury', 'New Zealand', '2625');
INSERT INTO ContactAddress (ContactId, AddressId, AddressType) 
		VALUES (64, 86, 2);
INSERT INTO Contact (Id, GivenName, Surname, ContactType, CreatedDate, LastModifiedDate) 
	VALUES (65, 'Giovanny', 'Rowe', 'Customer', '2018-10-18 02:02:13', '2021-08-29 05:53:52');
INSERT INTO [Address] (Id, Street, City, [State], Country, Postcode) 
	VALUES (87, '263 Bridge Street', 'Beerburrum', 'Catnerbury', 'New Zealand', '1614');
INSERT INTO ContactAddress (ContactId, AddressId, AddressType) 
	VALUES (65, 87, 1);
INSERT INTO Contact (Id, GivenName, Surname, ContactType, CreatedDate, LastModifiedDate) 
	VALUES (66, 'Lawson', 'Mcintosh', 'Employee', '2018-11-20 13:59:42', '2020-05-23 06:52:55');
INSERT INTO [Address] (Id, Street, City, [State], Country, Postcode) 
	VALUES (88, '418 Sycamore Street', 'Walcha', 'Nelson', 'New Zealand', '6124');
INSERT INTO ContactAddress (ContactId, AddressId, AddressType) 
	VALUES (66, 88, 1);
INSERT INTO Contact (Id, GivenName, Surname, ContactType, CreatedDate, LastModifiedDate) 
	VALUES (67, 'Randy', 'Durham', 'Customer', '2020-09-30 16:30:23', '2022-08-01 12:06:24');
INSERT INTO [Address] (Id, Street, City, [State], Country, Postcode) 
	VALUES (89, '1699 Buckingham Drive', 'North Queenstown', 'Wellington', 'New Zealand', '3365');
INSERT INTO ContactAddress (ContactId, AddressId, AddressType) 
	VALUES (67, 89, 1);
INSERT INTO [Address] (Id, Street, City, [State], Country, Postcode) 
		VALUES (90, '1933 Aspen Court', 'Crab Tree Station', 'Catnerbury', 'New Zealand', '4217');
INSERT INTO ContactAddress (ContactId, AddressId, AddressType) 
		VALUES (67, 90, 2);
INSERT INTO Contact (Id, GivenName, Surname, ContactType, CreatedDate, LastModifiedDate) 
	VALUES (68, 'Tori', 'Shields', 'Customer', '2023-08-01 03:13:18', '2023-08-17 22:59:52');
INSERT INTO [Address] (Id, Street, City, [State], Country, Postcode) 
	VALUES (91, '832 Carriage Drive', 'Cromer', 'Wellington', 'New Zealand', '3307');
INSERT INTO ContactAddress (ContactId, AddressId, AddressType) 
	VALUES (68, 91, 1);
INSERT INTO Contact (Id, GivenName, Surname, ContactType, CreatedDate, LastModifiedDate) 
	VALUES (69, 'Yosef', 'Morrison', 'Customer', '2019-08-15 12:27:58', '2023-03-08 03:04:14');
INSERT INTO [Address] (Id, Street, City, [State], Country, Postcode) 
	VALUES (92, '827 Devonshire Drive', 'Lyons', 'Aukland', 'New Zealand', '4956');
INSERT INTO ContactAddress (ContactId, AddressId, AddressType) 
	VALUES (69, 92, 1);
INSERT INTO Contact (Id, GivenName, Surname, ContactType, CreatedDate, LastModifiedDate) 
	VALUES (70, 'Magdalena', 'Barajas', 'Customer', '2019-11-22 05:43:20', '2020-05-22 11:44:04');
INSERT INTO [Address] (Id, Street, City, [State], Country, Postcode) 
	VALUES (93, '303 Route 30', 'Cockle Creek', 'Otago', 'New Zealand', '6330');
INSERT INTO ContactAddress (ContactId, AddressId, AddressType) 
	VALUES (70, 93, 1);
INSERT INTO [Address] (Id, Street, City, [State], Country, Postcode) 
		VALUES (94, '723 York Road', 'Eight Mile Plains', 'New Plymouth', 'New Zealand', '8376');
INSERT INTO ContactAddress (ContactId, AddressId, AddressType) 
		VALUES (70, 94, 2);
INSERT INTO Contact (Id, GivenName, Surname, ContactType, CreatedDate, LastModifiedDate) 
	VALUES (71, 'Bradley', 'Malone', 'Other', '2021-04-13 05:34:17', '2023-10-21 01:56:38');
INSERT INTO [Address] (Id, Street, City, [State], Country, Postcode) 
	VALUES (95, '830 10th Street', 'Pelican', 'Nelson', 'New Zealand', '8240');
INSERT INTO ContactAddress (ContactId, AddressId, AddressType) 
	VALUES (71, 95, 1);
INSERT INTO Contact (Id, GivenName, Surname, ContactType, CreatedDate, LastModifiedDate) 
	VALUES (72, 'Dane', 'Gonzales', 'Customer', '2020-03-09 15:13:57', '2023-02-26 23:11:21');
INSERT INTO [Address] (Id, Street, City, [State], Country, Postcode) 
	VALUES (96, '139 Cottage Street', 'Berrygil', 'Otago', 'New Zealand', '8572');
INSERT INTO ContactAddress (ContactId, AddressId, AddressType) 
	VALUES (72, 96, 1);
INSERT INTO Contact (Id, GivenName, Surname, ContactType, CreatedDate, LastModifiedDate) 
	VALUES (73, 'Sophia', 'Mullen', 'Other', '2023-07-04 18:25:09', '2023-11-11 01:55:27');
INSERT INTO [Address] (Id, Street, City, [State], Country, Postcode) 
	VALUES (97, '320 Route 64', 'Kilrush', 'Wellington', 'New Zealand', '2578');
INSERT INTO ContactAddress (ContactId, AddressId, AddressType) 
	VALUES (73, 97, 1);
INSERT INTO [Address] (Id, Street, City, [State], Country, Postcode) 
		VALUES (98, '1872 Evergreen Drive', 'Nullawarre', 'Wellington', 'New Zealand', '8430');
INSERT INTO ContactAddress (ContactId, AddressId, AddressType) 
		VALUES (73, 98, 2);
INSERT INTO Contact (Id, GivenName, Surname, ContactType, CreatedDate, LastModifiedDate) 
	VALUES (74, 'Michelle', 'Day', 'Employee', '2019-09-20 12:23:12', '2021-10-20 05:45:12');
INSERT INTO [Address] (Id, Street, City, [State], Country, Postcode) 
	VALUES (99, '200 Meadow Lane', 'Langkoop', 'Wellington', 'New Zealand', '4656');
INSERT INTO ContactAddress (ContactId, AddressId, AddressType) 
	VALUES (74, 99, 1);
INSERT INTO Contact (Id, GivenName, Surname, ContactType, CreatedDate, LastModifiedDate) 
	VALUES (75, 'Daniel', 'Mcdonald', 'Customer', '2018-08-12 17:29:46', '2023-08-24 13:59:36');
INSERT INTO [Address] (Id, Street, City, [State], Country, Postcode) 
	VALUES (100, '841 Creekside Drive', 'Brierfield', 'Catnerbury', 'New Zealand', '7175');
INSERT INTO ContactAddress (ContactId, AddressId, AddressType) 
	VALUES (75, 100, 1);
INSERT INTO Contact (Id, GivenName, Surname, ContactType, CreatedDate, LastModifiedDate) 
	VALUES (76, 'Nataly', 'Mitchell', 'Supplier', '2022-05-05 21:00:55', '2024-01-22 23:53:48');
INSERT INTO [Address] (Id, Street, City, [State], Country, Postcode) 
	VALUES (101, '1730 Mulberry Lane', 'Ellalong', 'New Plymouth', 'New Zealand', '1425');
INSERT INTO ContactAddress (ContactId, AddressId, AddressType) 
	VALUES (76, 101, 1);
INSERT INTO [Address] (Id, Street, City, [State], Country, Postcode) 
		VALUES (102, '1354 5th Avenue', 'Luddenham', 'Catnerbury', 'New Zealand', '5030');
INSERT INTO ContactAddress (ContactId, AddressId, AddressType) 
		VALUES (76, 102, 2);
INSERT INTO Contact (Id, GivenName, Surname, ContactType, CreatedDate, LastModifiedDate) 
	VALUES (77, 'Akira', 'Estrada', 'Customer', '2020-04-30 17:14:33', '2023-10-03 05:37:15');
INSERT INTO [Address] (Id, Street, City, [State], Country, Postcode) 
	VALUES (103, '985 Water Street', 'Kingstown', 'New Plymouth', 'New Zealand', '2207');
INSERT INTO ContactAddress (ContactId, AddressId, AddressType) 
	VALUES (77, 103, 1);
INSERT INTO Contact (Id, GivenName, Surname, ContactType, CreatedDate, LastModifiedDate) 
	VALUES (78, 'Trace', 'Cherry', 'Customer', '2021-08-01 07:24:23', '2023-07-07 11:25:09');
INSERT INTO [Address] (Id, Street, City, [State], Country, Postcode) 
	VALUES (104, '693 Hawthorne Avenue', 'Greenway', 'New Plymouth', 'New Zealand', '2643');
INSERT INTO ContactAddress (ContactId, AddressId, AddressType) 
	VALUES (78, 104, 1);
INSERT INTO Contact (Id, GivenName, Surname, ContactType, CreatedDate, LastModifiedDate) 
	VALUES (79, 'Rowan', 'Fowler', 'Customer', '2019-01-26 22:55:15', '2023-07-25 19:09:54');
INSERT INTO [Address] (Id, Street, City, [State], Country, Postcode) 
	VALUES (105, '1729 Bank Street', 'Meenar', 'New Plymouth', 'New Zealand', '7163');
INSERT INTO ContactAddress (ContactId, AddressId, AddressType) 
	VALUES (79, 105, 1);
INSERT INTO [Address] (Id, Street, City, [State], Country, Postcode) 
		VALUES (106, '862 Carriage Drive', 'Moolerr', 'Victoria', 'Australia', '3526');
INSERT INTO ContactAddress (ContactId, AddressId, AddressType) 
		VALUES (79, 106, 2);
INSERT INTO Contact (Id, GivenName, Surname, ContactType, CreatedDate, LastModifiedDate) 
	VALUES (80, 'Kathy', 'Walker', 'Customer', '2018-08-08 21:10:18', '2019-04-13 01:44:24');
INSERT INTO [Address] (Id, Street, City, [State], Country, Postcode) 
	VALUES (107, '558 Cleveland Avenue', 'Ilbilbie', 'Catnerbury', 'New Zealand', '7814');
INSERT INTO ContactAddress (ContactId, AddressId, AddressType) 
	VALUES (80, 107, 1);
INSERT INTO Contact (Id, GivenName, Surname, ContactType, CreatedDate, LastModifiedDate) 
	VALUES (81, 'Tyson', 'Mcgee', 'Customer', '2023-03-12 03:48:34', '2023-12-23 05:42:04');
INSERT INTO [Address] (Id, Street, City, [State], Country, Postcode) 
	VALUES (108, '1447 Eagle Road', 'Lyndhurst', 'Western Australia', 'Australia', '4357');
INSERT INTO ContactAddress (ContactId, AddressId, AddressType) 
	VALUES (81, 108, 1);
INSERT INTO Contact (Id, GivenName, Surname, ContactType, CreatedDate, LastModifiedDate) 
	VALUES (82, 'Janiya', 'Buck', 'Customer', '2018-11-08 12:41:57', '2022-06-11 22:06:37');
INSERT INTO [Address] (Id, Street, City, [State], Country, Postcode) 
	VALUES (109, '1291 Circle Drive', 'Boyneside', 'Nelson', 'New Zealand', '6542');
INSERT INTO ContactAddress (ContactId, AddressId, AddressType) 
	VALUES (82, 109, 1);
INSERT INTO [Address] (Id, Street, City, [State], Country, Postcode) 
		VALUES (110, '1181 Aspen Court', 'Yalgogrin', 'Nelson', 'New Zealand', '5460');
INSERT INTO ContactAddress (ContactId, AddressId, AddressType) 
		VALUES (82, 110, 2);
INSERT INTO Contact (Id, GivenName, Surname, ContactType, CreatedDate, LastModifiedDate) 
	VALUES (83, 'Benjamin', 'Arroyo', 'Employee', '2023-03-09 06:06:39', '2023-05-05 04:36:38');
INSERT INTO [Address] (Id, Street, City, [State], Country, Postcode) 
	VALUES (111, '967 Lakeview Drive', 'Albion', 'Otago', 'New Zealand', '7826');
INSERT INTO ContactAddress (ContactId, AddressId, AddressType) 
	VALUES (83, 111, 1);
INSERT INTO Contact (Id, GivenName, Surname, ContactType, CreatedDate, LastModifiedDate) 
	VALUES (84, 'Noemi', 'Reilly', 'Supplier', '2022-01-31 01:19:56', '2023-03-11 16:44:35');
INSERT INTO [Address] (Id, Street, City, [State], Country, Postcode) 
	VALUES (112, '187 2nd Street West', 'Freeburgh', 'Otago', 'New Zealand', '2641');
INSERT INTO ContactAddress (ContactId, AddressId, AddressType) 
	VALUES (84, 112, 1);
INSERT INTO Contact (Id, GivenName, Surname, ContactType, CreatedDate, LastModifiedDate) 
	VALUES (85, 'Harley', 'Hurst', 'Customer', '2020-08-29 01:39:17', '2022-05-05 09:38:54');
INSERT INTO [Address] (Id, Street, City, [State], Country, Postcode) 
	VALUES (113, '232 Maple Avenue', 'Dingley', 'Aukland', 'New Zealand', '6271');
INSERT INTO ContactAddress (ContactId, AddressId, AddressType) 
	VALUES (85, 113, 1);
INSERT INTO [Address] (Id, Street, City, [State], Country, Postcode) 
		VALUES (114, '1149 Depot Street', 'Arakoon', 'Otago', 'New Zealand', '8662');
INSERT INTO ContactAddress (ContactId, AddressId, AddressType) 
		VALUES (85, 114, 2);
INSERT INTO Contact (Id, GivenName, Surname, ContactType, CreatedDate, LastModifiedDate) 
	VALUES (86, 'Myah', 'Yates', 'Supplier', '2022-12-08 15:57:41', '2023-12-10 21:02:51');
INSERT INTO [Address] (Id, Street, City, [State], Country, Postcode) 
	VALUES (115, '864 Primrose Lane', 'St Pauls', 'New Plymouth', 'New Zealand', '1558');
INSERT INTO ContactAddress (ContactId, AddressId, AddressType) 
	VALUES (86, 115, 1);
INSERT INTO Contact (Id, GivenName, Surname, ContactType, CreatedDate, LastModifiedDate) 
	VALUES (87, 'Frankie', 'Barrera', 'Customer', '2020-05-08 22:01:39', '2022-12-29 19:01:00');
INSERT INTO [Address] (Id, Street, City, [State], Country, Postcode) 
	VALUES (116, '1873 Durham Road', 'Kudo', 'Catnerbury', 'New Zealand', '1242');
INSERT INTO ContactAddress (ContactId, AddressId, AddressType) 
	VALUES (87, 116, 1);
INSERT INTO Contact (Id, GivenName, Surname, ContactType, CreatedDate, LastModifiedDate) 
	VALUES (88, 'Chasity', 'Nelson', 'Employee', '2023-11-07 00:23:21', '2023-12-19 01:53:15');
INSERT INTO [Address] (Id, Street, City, [State], Country, Postcode) 
	VALUES (117, '1549 Route 44', 'Parkville', 'Nelson', 'New Zealand', '4522');
INSERT INTO ContactAddress (ContactId, AddressId, AddressType) 
	VALUES (88, 117, 1);
INSERT INTO [Address] (Id, Street, City, [State], Country, Postcode) 
		VALUES (118, '1609 Cleveland Avenue', 'Barpinba', 'Aukland', 'New Zealand', '3762');
INSERT INTO ContactAddress (ContactId, AddressId, AddressType) 
		VALUES (88, 118, 2);
INSERT INTO Contact (Id, GivenName, Surname, ContactType, CreatedDate, LastModifiedDate) 
	VALUES (89, 'Finnegan', 'Gentry', 'Employee', '2020-12-25 22:30:46', '2022-01-13 11:52:16');
INSERT INTO [Address] (Id, Street, City, [State], Country, Postcode) 
	VALUES (119, '769 Main Street East', 'Aldavilla', 'Aukland', 'New Zealand', '6432');
INSERT INTO ContactAddress (ContactId, AddressId, AddressType) 
	VALUES (89, 119, 1);
INSERT INTO Contact (Id, GivenName, Surname, ContactType, CreatedDate, LastModifiedDate) 
	VALUES (90, 'Tess', 'Morton', 'Customer', '2019-11-19 23:11:21', '2021-04-23 13:50:40');
INSERT INTO [Address] (Id, Street, City, [State], Country, Postcode) 
	VALUES (120, '1431 Highland Drive', 'Glenworth Valley', 'Catnerbury', 'New Zealand', '8085');
INSERT INTO ContactAddress (ContactId, AddressId, AddressType) 
	VALUES (90, 120, 1);
INSERT INTO Contact (Id, GivenName, Surname, ContactType, CreatedDate, LastModifiedDate) 
	VALUES (91, 'Neveah', 'Barrett', 'Employee', '2022-11-14 08:22:49', '2023-01-29 00:58:58');
INSERT INTO [Address] (Id, Street, City, [State], Country, Postcode) 
	VALUES (121, '1584 Arch Street', 'Bago', 'Catnerbury', 'New Zealand', '3807');
INSERT INTO ContactAddress (ContactId, AddressId, AddressType) 
	VALUES (91, 121, 1);
INSERT INTO [Address] (Id, Street, City, [State], Country, Postcode) 
		VALUES (122, '484 10th Street', 'Kings Plains', 'Catnerbury', 'New Zealand', '1298');
INSERT INTO ContactAddress (ContactId, AddressId, AddressType) 
		VALUES (91, 122, 2);
INSERT INTO Contact (Id, GivenName, Surname, ContactType, CreatedDate, LastModifiedDate) 
	VALUES (92, 'Keagan', 'Hendrix', 'Customer', '2023-03-10 05:13:38', '2023-04-07 17:13:12');
INSERT INTO [Address] (Id, Street, City, [State], Country, Postcode) 
	VALUES (123, '1158 Wall Street', 'Congo Park', 'New Plymouth', 'New Zealand', '1016');
INSERT INTO ContactAddress (ContactId, AddressId, AddressType) 
	VALUES (92, 123, 1);
INSERT INTO Contact (Id, GivenName, Surname, ContactType, CreatedDate, LastModifiedDate) 
	VALUES (93, 'Jean', 'Cline', 'Customer', '2023-08-17 02:46:36', '2023-10-12 10:36:00');
INSERT INTO [Address] (Id, Street, City, [State], Country, Postcode) 
	VALUES (124, '424 Glenwood Drive', 'Elabbin', 'New Plymouth', 'New Zealand', '3671');
INSERT INTO ContactAddress (ContactId, AddressId, AddressType) 
	VALUES (93, 124, 1);
INSERT INTO Contact (Id, GivenName, Surname, ContactType, CreatedDate, LastModifiedDate) 
	VALUES (94, 'Malcolm', 'Massey', 'Customer', '2020-06-05 12:49:15', '2020-10-09 14:07:21');
INSERT INTO [Address] (Id, Street, City, [State], Country, Postcode) 
	VALUES (125, '1628 Devon Court', 'Tibooburra', 'Catnerbury', 'New Zealand', '5537');
INSERT INTO ContactAddress (ContactId, AddressId, AddressType) 
	VALUES (94, 125, 1);
INSERT INTO [Address] (Id, Street, City, [State], Country, Postcode) 
		VALUES (126, '233 Madison Street', 'Lillian Rock', 'Aukland', 'New Zealand', '2625');
INSERT INTO ContactAddress (ContactId, AddressId, AddressType) 
		VALUES (94, 126, 2);
INSERT INTO Contact (Id, GivenName, Surname, ContactType, CreatedDate, LastModifiedDate) 
	VALUES (95, 'Jasiah', 'Zhang', 'Customer', '2019-02-07 01:02:31', '2023-08-24 07:17:47');
INSERT INTO [Address] (Id, Street, City, [State], Country, Postcode) 
	VALUES (127, '1932 Roosevelt Avenue', 'Thirlstane', 'New Plymouth', 'New Zealand', '8224');
INSERT INTO ContactAddress (ContactId, AddressId, AddressType) 
	VALUES (95, 127, 1);
INSERT INTO Contact (Id, GivenName, Surname, ContactType, CreatedDate, LastModifiedDate) 
	VALUES (96, 'Warren', 'Anthony', 'Customer', '2020-04-01 23:08:03', '2021-06-18 05:50:55');
INSERT INTO [Address] (Id, Street, City, [State], Country, Postcode) 
	VALUES (128, '483 Fawn Lane', 'Exford', 'Wellington', 'New Zealand', '8566');
INSERT INTO ContactAddress (ContactId, AddressId, AddressType) 
	VALUES (96, 128, 1);
INSERT INTO Contact (Id, GivenName, Surname, ContactType, CreatedDate, LastModifiedDate) 
	VALUES (97, 'Alani', 'Moreno', 'Customer', '2023-10-18 07:31:35', '2023-12-25 16:09:01');
INSERT INTO [Address] (Id, Street, City, [State], Country, Postcode) 
	VALUES (129, '164 Virginia Street', 'Rapid Bay', 'Catnerbury', 'New Zealand', '4587');
INSERT INTO ContactAddress (ContactId, AddressId, AddressType) 
	VALUES (97, 129, 1);
INSERT INTO [Address] (Id, Street, City, [State], Country, Postcode) 
		VALUES (130, '847 Valley Road', 'Laidley', 'Catnerbury', 'New Zealand', '2170');
INSERT INTO ContactAddress (ContactId, AddressId, AddressType) 
		VALUES (97, 130, 2);
INSERT INTO Contact (Id, GivenName, Surname, ContactType, CreatedDate, LastModifiedDate) 
	VALUES (98, 'Carolina', 'Chase', 'Supplier', '2019-04-09 21:17:27', '2019-04-29 22:14:59');
INSERT INTO [Address] (Id, Street, City, [State], Country, Postcode) 
	VALUES (131, '1575 Route 64', 'Karyrie', 'Otago', 'New Zealand', '8998');
INSERT INTO ContactAddress (ContactId, AddressId, AddressType) 
	VALUES (98, 131, 1);
INSERT INTO Contact (Id, GivenName, Surname, ContactType, CreatedDate, LastModifiedDate) 
	VALUES (99, 'Kaylie', 'Mcmillan', 'Employee', '2021-06-27 21:56:39', '2023-10-02 13:36:58');
INSERT INTO [Address] (Id, Street, City, [State], Country, Postcode) 
	VALUES (132, '806 Liberty Street', 'Myall Cowal', 'Otago', 'New Zealand', '3126');
INSERT INTO ContactAddress (ContactId, AddressId, AddressType) 
	VALUES (99, 132, 1);
INSERT INTO Contact (Id, GivenName, Surname, ContactType, CreatedDate, LastModifiedDate) 
	VALUES (100, 'Yareli', 'Massey', 'Customer', '2020-11-17 06:08:35', '2020-11-18 13:30:45');
INSERT INTO [Address] (Id, Street, City, [State], Country, Postcode) 
	VALUES (133, '685 Cedar Street', 'Gormanston', 'Wellington', 'New Zealand', '2009');
INSERT INTO ContactAddress (ContactId, AddressId, AddressType) 
	VALUES (100, 133, 1);
INSERT INTO [Address] (Id, Street, City, [State], Country, Postcode) 
		VALUES (134, '394 Laurel Street', 'Tarampa', 'Wellington', 'New Zealand', '5183');
INSERT INTO ContactAddress (ContactId, AddressId, AddressType) 
		VALUES (100, 134, 2);
INSERT INTO Contact (Id, GivenName, Surname, ContactType, CreatedDate, LastModifiedDate) 
	VALUES (101, 'Mayra', 'Beard', 'Supplier', '2019-12-03 23:36:28', '2023-10-13 17:25:48');
INSERT INTO [Address] (Id, Street, City, [State], Country, Postcode) 
	VALUES (135, '1272 Locust Lane', 'North Walgoolan', 'Nelson', 'New Zealand', '4204');
INSERT INTO ContactAddress (ContactId, AddressId, AddressType) 
	VALUES (101, 135, 1);
INSERT INTO Contact (Id, GivenName, Surname, ContactType, CreatedDate, LastModifiedDate) 
	VALUES (102, 'Livia', 'Benjamin', 'Customer', '2020-07-04 07:40:28', '2022-09-19 23:10:12');
INSERT INTO [Address] (Id, Street, City, [State], Country, Postcode) 
	VALUES (136, '321 Fieldstone Drive', 'Euleilah', 'Wellington', 'New Zealand', '3012');
INSERT INTO ContactAddress (ContactId, AddressId, AddressType) 
	VALUES (102, 136, 1);
INSERT INTO Contact (Id, GivenName, Surname, ContactType, CreatedDate, LastModifiedDate) 
	VALUES (103, 'Declan', 'Casey', 'Customer', '2021-03-31 16:22:23', '2023-12-02 00:06:29');
INSERT INTO [Address] (Id, Street, City, [State], Country, Postcode) 
	VALUES (137, '1330 Route 5', 'Eurella', 'Wellington', 'New Zealand', '7870');
INSERT INTO ContactAddress (ContactId, AddressId, AddressType) 
	VALUES (103, 137, 1);
INSERT INTO [Address] (Id, Street, City, [State], Country, Postcode) 
		VALUES (138, '360 Ivy Lane', 'Old Erowal Bay', 'Aukland', 'New Zealand', '2615');
INSERT INTO ContactAddress (ContactId, AddressId, AddressType) 
		VALUES (103, 138, 2);
INSERT INTO Contact (Id, GivenName, Surname, ContactType, CreatedDate, LastModifiedDate) 
	VALUES (104, 'Kendrick', 'Ryan', 'Customer', '2019-10-18 18:19:45', '2021-10-16 10:05:36');
INSERT INTO [Address] (Id, Street, City, [State], Country, Postcode) 
	VALUES (139, '1633 Magnolia Drive', 'Winterbourne', 'Nelson', 'New Zealand', '1400');
INSERT INTO ContactAddress (ContactId, AddressId, AddressType) 
	VALUES (104, 139, 1);
INSERT INTO Contact (Id, GivenName, Surname, ContactType, CreatedDate, LastModifiedDate) 
	VALUES (105, 'Virginia', 'Moreno', 'Customer', '2018-10-01 18:58:53', '2020-07-21 10:12:54');
INSERT INTO [Address] (Id, Street, City, [State], Country, Postcode) 
	VALUES (140, '1273 6th Street North', 'Swanpool', 'Nelson', 'New Zealand', '7017');
INSERT INTO ContactAddress (ContactId, AddressId, AddressType) 
	VALUES (105, 140, 1);
INSERT INTO Contact (Id, GivenName, Surname, ContactType, CreatedDate, LastModifiedDate) 
	VALUES (106, 'Kendal', 'Huerta', 'Customer', '2019-08-19 17:53:33', '2021-08-21 06:12:50');
INSERT INTO [Address] (Id, Street, City, [State], Country, Postcode) 
	VALUES (141, '433 1st Avenue', 'Sunnyside', 'Wellington', 'New Zealand', '5584');
INSERT INTO ContactAddress (ContactId, AddressId, AddressType) 
	VALUES (106, 141, 1);
INSERT INTO [Address] (Id, Street, City, [State], Country, Postcode) 
		VALUES (142, '791 Route 4', 'Ilbilbie', 'Catnerbury', 'New Zealand', '2198');
INSERT INTO ContactAddress (ContactId, AddressId, AddressType) 
		VALUES (106, 142, 2);
INSERT INTO Contact (Id, GivenName, Surname, ContactType, CreatedDate, LastModifiedDate) 
	VALUES (107, 'Agustin', 'Perkins', 'Customer', '2018-08-25 18:34:20', '2022-06-29 09:58:44');
INSERT INTO [Address] (Id, Street, City, [State], Country, Postcode) 
	VALUES (143, '1630 Pleasant Street', 'Reservoir', 'Nelson', 'New Zealand', '4292');
INSERT INTO ContactAddress (ContactId, AddressId, AddressType) 
	VALUES (107, 143, 1);
INSERT INTO Contact (Id, GivenName, Surname, ContactType, CreatedDate, LastModifiedDate) 
	VALUES (108, 'Lorelei', 'Clay', 'Customer', '2021-09-18 23:45:44', '2023-09-08 14:35:17');
INSERT INTO [Address] (Id, Street, City, [State], Country, Postcode) 
	VALUES (144, '310 Virginia Street', 'Berrygil', 'Victoria', 'Australia', '1404');
INSERT INTO ContactAddress (ContactId, AddressId, AddressType) 
	VALUES (108, 144, 1);
INSERT INTO Contact (Id, GivenName, Surname, ContactType, CreatedDate, LastModifiedDate) 
	VALUES (109, 'Ann', 'Suarez', 'Customer', '2022-06-04 20:29:45', '2022-06-28 17:17:40');
INSERT INTO [Address] (Id, Street, City, [State], Country, Postcode) 
	VALUES (145, '1956 Sunset Drive', 'Bogandilla', 'New Plymouth', 'New Zealand', '3013');
INSERT INTO ContactAddress (ContactId, AddressId, AddressType) 
	VALUES (109, 145, 1);
INSERT INTO [Address] (Id, Street, City, [State], Country, Postcode) 
		VALUES (146, '1628 Maiden Lane', 'Cunderdin North', 'Catnerbury', 'New Zealand', '3094');
INSERT INTO ContactAddress (ContactId, AddressId, AddressType) 
		VALUES (109, 146, 2);
INSERT INTO Contact (Id, GivenName, Surname, ContactType, CreatedDate, LastModifiedDate) 
	VALUES (110, 'Aron', 'Ramirez', 'Customer', '2023-09-24 16:50:08', '2023-11-10 17:07:40');
INSERT INTO [Address] (Id, Street, City, [State], Country, Postcode) 
	VALUES (147, '386 Manor Drive', 'North Cunderdin', 'Aukland', 'New Zealand', '2676');
INSERT INTO ContactAddress (ContactId, AddressId, AddressType) 
	VALUES (110, 147, 1);
INSERT INTO Contact (Id, GivenName, Surname, ContactType, CreatedDate, LastModifiedDate) 
	VALUES (111, 'Dante', 'Willis', 'Customer', '2019-02-07 16:53:30', '2021-11-04 22:30:10');
INSERT INTO [Address] (Id, Street, City, [State], Country, Postcode) 
	VALUES (148, '683 9th Street', 'Don', 'Aukland', 'New Zealand', '2061');
INSERT INTO ContactAddress (ContactId, AddressId, AddressType) 
	VALUES (111, 148, 1);
INSERT INTO Contact (Id, GivenName, Surname, ContactType, CreatedDate, LastModifiedDate) 
	VALUES (112, 'Myla', 'Knight', 'Employee', '2018-10-13 09:28:46', '2021-07-13 14:00:41');
INSERT INTO [Address] (Id, Street, City, [State], Country, Postcode) 
	VALUES (149, '466 5th Street West', 'Loch Valley', 'New Plymouth', 'New Zealand', '7721');
INSERT INTO ContactAddress (ContactId, AddressId, AddressType) 
	VALUES (112, 149, 1);
INSERT INTO [Address] (Id, Street, City, [State], Country, Postcode) 
		VALUES (150, '76 Walnut Street', 'Rutherglen', 'New Plymouth', 'New Zealand', '2601');
INSERT INTO ContactAddress (ContactId, AddressId, AddressType) 
		VALUES (112, 150, 2);
INSERT INTO Contact (Id, GivenName, Surname, ContactType, CreatedDate, LastModifiedDate) 
	VALUES (113, 'Drew', 'Carter', 'Customer', '2023-08-14 18:14:16', '2023-11-06 20:49:29');
INSERT INTO [Address] (Id, Street, City, [State], Country, Postcode) 
	VALUES (151, '319 Glenwood Drive', 'Murray Town', 'Catnerbury', 'New Zealand', '1283');
INSERT INTO ContactAddress (ContactId, AddressId, AddressType) 
	VALUES (113, 151, 1);
INSERT INTO Contact (Id, GivenName, Surname, ContactType, CreatedDate, LastModifiedDate) 
	VALUES (114, 'Heidi', 'Frye', 'Employee', '2022-11-29 03:43:49', '2023-05-05 01:19:26');
INSERT INTO [Address] (Id, Street, City, [State], Country, Postcode) 
	VALUES (152, '290 Division Street', 'Booyong', 'Otago', 'New Zealand', '6416');
INSERT INTO ContactAddress (ContactId, AddressId, AddressType) 
	VALUES (114, 152, 1);
INSERT INTO Contact (Id, GivenName, Surname, ContactType, CreatedDate, LastModifiedDate) 
	VALUES (115, 'Karly', 'Hurst', 'Customer', '2022-04-28 12:16:11', '2022-11-05 15:16:01');
INSERT INTO [Address] (Id, Street, City, [State], Country, Postcode) 
	VALUES (153, '6 Hamilton Street', 'North Queenstown', 'New Plymouth', 'New Zealand', '4531');
INSERT INTO ContactAddress (ContactId, AddressId, AddressType) 
	VALUES (115, 153, 1);
INSERT INTO [Address] (Id, Street, City, [State], Country, Postcode) 
		VALUES (154, '307 Arlington Avenue', 'Caramut', 'Otago', 'New Zealand', '2877');
INSERT INTO ContactAddress (ContactId, AddressId, AddressType) 
		VALUES (115, 154, 2);
INSERT INTO Contact (Id, GivenName, Surname, ContactType, CreatedDate, LastModifiedDate) 
	VALUES (116, 'Audrina', 'Nguyen', 'Customer', '2022-06-02 10:44:22', '2023-07-05 03:49:06');
INSERT INTO [Address] (Id, Street, City, [State], Country, Postcode) 
	VALUES (155, '605 Cleveland Avenue', 'Ridgley', 'Nelson', 'New Zealand', '4644');
INSERT INTO ContactAddress (ContactId, AddressId, AddressType) 
	VALUES (116, 155, 1);
INSERT INTO Contact (Id, GivenName, Surname, ContactType, CreatedDate, LastModifiedDate) 
	VALUES (117, 'Grady', 'Hatfield', 'Other', '2018-11-10 17:30:43', '2021-09-28 04:47:01');
INSERT INTO [Address] (Id, Street, City, [State], Country, Postcode) 
	VALUES (156, '739 Grand Avenue', 'Eight Mile Plains', 'Aukland', 'New Zealand', '8502');
INSERT INTO ContactAddress (ContactId, AddressId, AddressType) 
	VALUES (117, 156, 1);
INSERT INTO Contact (Id, GivenName, Surname, ContactType, CreatedDate, LastModifiedDate) 
	VALUES (118, 'Kaia', 'Church', 'Customer', '2020-05-13 11:25:02', '2023-06-08 09:20:29');
INSERT INTO [Address] (Id, Street, City, [State], Country, Postcode) 
	VALUES (157, '1571 Brandywine Drive', 'Welcome Hill', 'New Plymouth', 'New Zealand', '7930');
INSERT INTO ContactAddress (ContactId, AddressId, AddressType) 
	VALUES (118, 157, 1);
INSERT INTO [Address] (Id, Street, City, [State], Country, Postcode) 
		VALUES (158, '1220 Virginia Avenue', 'Weatherboard', 'Aukland', 'New Zealand', '7451');
INSERT INTO ContactAddress (ContactId, AddressId, AddressType) 
		VALUES (118, 158, 2);
INSERT INTO Contact (Id, GivenName, Surname, ContactType, CreatedDate, LastModifiedDate) 
	VALUES (119, 'Giovani', 'Bradshaw', 'Customer', '2020-07-14 08:09:11', '2022-05-02 21:11:21');
INSERT INTO [Address] (Id, Street, City, [State], Country, Postcode) 
	VALUES (159, '657 Lantern Lane', 'Naturi', 'Catnerbury', 'New Zealand', '2275');
INSERT INTO ContactAddress (ContactId, AddressId, AddressType) 
	VALUES (119, 159, 1);
INSERT INTO Contact (Id, GivenName, Surname, ContactType, CreatedDate, LastModifiedDate) 
	VALUES (120, 'Dana', 'Novak', 'Customer', '2021-10-26 15:22:13', '2023-09-08 19:49:40');
INSERT INTO [Address] (Id, Street, City, [State], Country, Postcode) 
	VALUES (160, '1578 2nd Street North', 'Willangie', 'Aukland', 'New Zealand', '6233');
INSERT INTO ContactAddress (ContactId, AddressId, AddressType) 
	VALUES (120, 160, 1);
INSERT INTO Contact (Id, GivenName, Surname, ContactType, CreatedDate, LastModifiedDate) 
	VALUES (121, 'Naima', 'Ferrell', 'Customer', '2021-12-07 02:23:07', '2023-07-06 10:11:54');
INSERT INTO [Address] (Id, Street, City, [State], Country, Postcode) 
	VALUES (161, '1783 Dogwood Drive', 'Apsley', 'Wellington', 'New Zealand', '8002');
INSERT INTO ContactAddress (ContactId, AddressId, AddressType) 
	VALUES (121, 161, 1);
INSERT INTO [Address] (Id, Street, City, [State], Country, Postcode) 
		VALUES (162, '1191 Briarwood Court', 'Ashbridge', 'Aukland', 'New Zealand', '2553');
INSERT INTO ContactAddress (ContactId, AddressId, AddressType) 
		VALUES (121, 162, 2);
INSERT INTO Contact (Id, GivenName, Surname, ContactType, CreatedDate, LastModifiedDate) 
	VALUES (122, 'Joshua', 'Beltran', 'Employee', '2022-02-12 06:50:41', '2023-01-22 03:28:48');
INSERT INTO [Address] (Id, Street, City, [State], Country, Postcode) 
	VALUES (163, '1454 Redwood Drive', 'Wahroonga', 'Catnerbury', 'New Zealand', '5942');
INSERT INTO ContactAddress (ContactId, AddressId, AddressType) 
	VALUES (122, 163, 1);
INSERT INTO Contact (Id, GivenName, Surname, ContactType, CreatedDate, LastModifiedDate) 
	VALUES (123, 'Catherine', 'Peters', 'Customer', '2021-10-18 02:11:41', '2022-07-30 06:34:33');
INSERT INTO [Address] (Id, Street, City, [State], Country, Postcode) 
	VALUES (164, '806 Route 32', 'Cunderdin North', 'Nelson', 'New Zealand', '5127');
INSERT INTO ContactAddress (ContactId, AddressId, AddressType) 
	VALUES (123, 164, 1);
INSERT INTO Contact (Id, GivenName, Surname, ContactType, CreatedDate, LastModifiedDate) 
	VALUES (124, 'Van', 'Gillespie', 'Employee', '2021-11-16 07:23:26', '2023-12-20 18:46:22');
INSERT INTO [Address] (Id, Street, City, [State], Country, Postcode) 
	VALUES (165, '463 Madison Street', 'Killcare', 'Catnerbury', 'New Zealand', '4555');
INSERT INTO ContactAddress (ContactId, AddressId, AddressType) 
	VALUES (124, 165, 1);
INSERT INTO [Address] (Id, Street, City, [State], Country, Postcode) 
		VALUES (166, '195 Wood Street', 'Darke Peak', 'Wellington', 'New Zealand', '3003');
INSERT INTO ContactAddress (ContactId, AddressId, AddressType) 
		VALUES (124, 166, 2);
INSERT INTO Contact (Id, GivenName, Surname, ContactType, CreatedDate, LastModifiedDate) 
	VALUES (125, 'Rodney', 'Hatfield', 'Customer', '2023-12-10 17:17:21', '2023-12-25 13:43:46');
INSERT INTO [Address] (Id, Street, City, [State], Country, Postcode) 
	VALUES (167, '41 Hillcrest Drive', 'Narpi', 'New Plymouth', 'New Zealand', '2999');
INSERT INTO ContactAddress (ContactId, AddressId, AddressType) 
	VALUES (125, 167, 1);
INSERT INTO Contact (Id, GivenName, Surname, ContactType, CreatedDate, LastModifiedDate) 
	VALUES (126, 'Ariella', 'Cole', 'Customer', '2019-09-26 18:44:56', '2022-05-25 13:49:48');
INSERT INTO [Address] (Id, Street, City, [State], Country, Postcode) 
	VALUES (168, '973 Inverness Drive', 'Port Keats', 'New Plymouth', 'New Zealand', '5848');
INSERT INTO ContactAddress (ContactId, AddressId, AddressType) 
	VALUES (126, 168, 1);
INSERT INTO Contact (Id, GivenName, Surname, ContactType, CreatedDate, LastModifiedDate) 
	VALUES (127, 'Alexus', 'Hardy', 'Customer', '2021-05-14 09:51:37', '2023-03-06 12:16:25');
INSERT INTO [Address] (Id, Street, City, [State], Country, Postcode) 
	VALUES (169, '1246 Woodland Road', 'Kalbarri', 'Nelson', 'New Zealand', '4959');
INSERT INTO ContactAddress (ContactId, AddressId, AddressType) 
	VALUES (127, 169, 1);
INSERT INTO [Address] (Id, Street, City, [State], Country, Postcode) 
		VALUES (170, '1621 Locust Street', 'Brierfield', 'Catnerbury', 'New Zealand', '4149');
INSERT INTO ContactAddress (ContactId, AddressId, AddressType) 
		VALUES (127, 170, 2);
INSERT INTO Contact (Id, GivenName, Surname, ContactType, CreatedDate, LastModifiedDate) 
	VALUES (128, 'Madilynn', 'English', 'Customer', '2019-12-05 07:15:46', '2023-04-26 21:20:44');
INSERT INTO [Address] (Id, Street, City, [State], Country, Postcode) 
	VALUES (171, '1522 Brandywine Drive', 'Popanyinning', 'Nelson', 'New Zealand', '5719');
INSERT INTO ContactAddress (ContactId, AddressId, AddressType) 
	VALUES (128, 171, 1);
INSERT INTO Contact (Id, GivenName, Surname, ContactType, CreatedDate, LastModifiedDate) 
	VALUES (129, 'Camryn', 'Mann', 'Customer', '2023-06-04 01:31:40', '2023-06-22 13:41:01');
INSERT INTO [Address] (Id, Street, City, [State], Country, Postcode) 
	VALUES (172, '1997 Jefferson Court', 'Wall Flat', 'Nelson', 'New Zealand', '5467');
INSERT INTO ContactAddress (ContactId, AddressId, AddressType) 
	VALUES (129, 172, 1);
INSERT INTO Contact (Id, GivenName, Surname, ContactType, CreatedDate, LastModifiedDate) 
	VALUES (130, 'Lucia', 'Gross', 'Customer', '2020-11-25 08:19:54', '2022-05-02 13:51:11');
INSERT INTO [Address] (Id, Street, City, [State], Country, Postcode) 
	VALUES (173, '1439 White Street', 'Rapid Bay', 'Otago', 'New Zealand', '4072');
INSERT INTO ContactAddress (ContactId, AddressId, AddressType) 
	VALUES (130, 173, 1);
INSERT INTO [Address] (Id, Street, City, [State], Country, Postcode) 
		VALUES (174, '287 Madison Court', 'Normanville', 'Wellington', 'New Zealand', '1464');
INSERT INTO ContactAddress (ContactId, AddressId, AddressType) 
		VALUES (130, 174, 2);
INSERT INTO Contact (Id, GivenName, Surname, ContactType, CreatedDate, LastModifiedDate) 
	VALUES (131, 'Michaela', 'Webb', 'Customer', '2022-10-20 02:51:08', '2024-01-11 00:51:21');
INSERT INTO [Address] (Id, Street, City, [State], Country, Postcode) 
	VALUES (175, '1969 College Avenue', 'Bullioh', 'Otago', 'New Zealand', '6187');
INSERT INTO ContactAddress (ContactId, AddressId, AddressType) 
	VALUES (131, 175, 1);
INSERT INTO Contact (Id, GivenName, Surname, ContactType, CreatedDate, LastModifiedDate) 
	VALUES (132, 'Mara', 'Pitts', 'Supplier', '2021-11-29 06:55:13', '2023-02-14 03:40:53');
INSERT INTO [Address] (Id, Street, City, [State], Country, Postcode) 
	VALUES (176, '766 3rd Street', 'Lillian Rock', 'Otago', 'New Zealand', '7050');
INSERT INTO ContactAddress (ContactId, AddressId, AddressType) 
	VALUES (132, 176, 1);
INSERT INTO Contact (Id, GivenName, Surname, ContactType, CreatedDate, LastModifiedDate) 
	VALUES (133, 'Valery', 'Cobb', 'Employee', '2020-07-22 01:45:39', '2023-04-08 13:42:17');
INSERT INTO [Address] (Id, Street, City, [State], Country, Postcode) 
	VALUES (177, '1809 Church Street South', 'Beckom', 'Wellington', 'New Zealand', '3719');
INSERT INTO ContactAddress (ContactId, AddressId, AddressType) 
	VALUES (133, 177, 1);
INSERT INTO [Address] (Id, Street, City, [State], Country, Postcode) 
		VALUES (178, '1532 Fulton Street', 'Coombell', 'Otago', 'New Zealand', '6211');
INSERT INTO ContactAddress (ContactId, AddressId, AddressType) 
		VALUES (133, 178, 2);
INSERT INTO Contact (Id, GivenName, Surname, ContactType, CreatedDate, LastModifiedDate) 
	VALUES (134, 'Caden', 'Mcgrath', 'Other', '2021-12-27 20:46:19', '2022-08-07 03:51:08');
INSERT INTO [Address] (Id, Street, City, [State], Country, Postcode) 
	VALUES (179, '651 Edgewood Drive', 'Beerburrum', 'New Plymouth', 'New Zealand', '2068');
INSERT INTO ContactAddress (ContactId, AddressId, AddressType) 
	VALUES (134, 179, 1);
INSERT INTO Contact (Id, GivenName, Surname, ContactType, CreatedDate, LastModifiedDate) 
	VALUES (135, 'Hayden', 'Hartman', 'Customer', '2020-08-04 22:39:15', '2020-09-10 07:54:38');
INSERT INTO [Address] (Id, Street, City, [State], Country, Postcode) 
	VALUES (180, '24 3rd Avenue', 'Popanyinning', 'Queensland', 'Australia', '6176');
INSERT INTO ContactAddress (ContactId, AddressId, AddressType) 
	VALUES (135, 180, 1);
INSERT INTO Contact (Id, GivenName, Surname, ContactType, CreatedDate, LastModifiedDate) 
	VALUES (136, 'Jaylin', 'Shah', 'Supplier', '2018-09-06 23:44:52', '2018-12-22 20:58:23');
INSERT INTO [Address] (Id, Street, City, [State], Country, Postcode) 
	VALUES (181, '767 Ann Street', 'Burrapine', 'Otago', 'New Zealand', '4829');
INSERT INTO ContactAddress (ContactId, AddressId, AddressType) 
	VALUES (136, 181, 1);
INSERT INTO [Address] (Id, Street, City, [State], Country, Postcode) 
		VALUES (182, '1662 Academy Street', 'Mourilyan', 'Aukland', 'New Zealand', '3985');
INSERT INTO ContactAddress (ContactId, AddressId, AddressType) 
		VALUES (136, 182, 2);
INSERT INTO Contact (Id, GivenName, Surname, ContactType, CreatedDate, LastModifiedDate) 
	VALUES (137, 'Amelie', 'Wong', 'Customer', '2021-09-25 20:37:57', '2022-10-13 05:35:41');
INSERT INTO [Address] (Id, Street, City, [State], Country, Postcode) 
	VALUES (183, '1938 Adams Street', 'Pilbara Mining Centre', 'Otago', 'New Zealand', '3506');
INSERT INTO ContactAddress (ContactId, AddressId, AddressType) 
	VALUES (137, 183, 1);
INSERT INTO Contact (Id, GivenName, Surname, ContactType, CreatedDate, LastModifiedDate) 
	VALUES (138, 'Alanna', 'Tapia', 'Customer', '2019-01-15 10:50:03', '2019-12-23 02:04:09');
INSERT INTO [Address] (Id, Street, City, [State], Country, Postcode) 
	VALUES (184, '1621 11th Street', 'Tibooburra', 'Nelson', 'New Zealand', '5703');
INSERT INTO ContactAddress (ContactId, AddressId, AddressType) 
	VALUES (138, 184, 1);
INSERT INTO Contact (Id, GivenName, Surname, ContactType, CreatedDate, LastModifiedDate) 
	VALUES (139, 'Anastasia', 'Blackwell', 'Customer', '2021-04-24 01:34:50', '2021-12-17 04:22:10');
INSERT INTO [Address] (Id, Street, City, [State], Country, Postcode) 
	VALUES (185, '489 Lake Avenue', 'Arakoon', 'New Plymouth', 'New Zealand', '2587');
INSERT INTO ContactAddress (ContactId, AddressId, AddressType) 
	VALUES (139, 185, 1);
INSERT INTO [Address] (Id, Street, City, [State], Country, Postcode) 
		VALUES (186, '683 8th Street South', 'Texas', 'Nelson', 'New Zealand', '3294');
INSERT INTO ContactAddress (ContactId, AddressId, AddressType) 
		VALUES (139, 186, 2);
INSERT INTO Contact (Id, GivenName, Surname, ContactType, CreatedDate, LastModifiedDate) 
	VALUES (140, 'Raegan', 'Schmitt', 'Customer', '2019-04-25 10:16:04', '2023-04-08 16:50:21');
INSERT INTO [Address] (Id, Street, City, [State], Country, Postcode) 
	VALUES (187, '338 2nd Street East', 'Bakers Gully', 'New Plymouth', 'New Zealand', '3716');
INSERT INTO ContactAddress (ContactId, AddressId, AddressType) 
	VALUES (140, 187, 1);
INSERT INTO Contact (Id, GivenName, Surname, ContactType, CreatedDate, LastModifiedDate) 
	VALUES (141, 'Rebekah', 'Weiss', 'Customer', '2018-09-13 07:40:26', '2022-12-05 10:13:36');
INSERT INTO [Address] (Id, Street, City, [State], Country, Postcode) 
	VALUES (188, '1782 Hamilton Road', 'Popanyinning', 'Nelson', 'New Zealand', '7740');
INSERT INTO ContactAddress (ContactId, AddressId, AddressType) 
	VALUES (141, 188, 1);
INSERT INTO Contact (Id, GivenName, Surname, ContactType, CreatedDate, LastModifiedDate) 
	VALUES (142, 'Diana', 'Frye', 'Customer', '2023-09-07 17:50:05', '2023-09-12 09:55:23');
INSERT INTO [Address] (Id, Street, City, [State], Country, Postcode) 
	VALUES (189, '260 Central Avenue', 'North Rothbury', 'Aukland', 'New Zealand', '2126');
INSERT INTO ContactAddress (ContactId, AddressId, AddressType) 
	VALUES (142, 189, 1);
INSERT INTO [Address] (Id, Street, City, [State], Country, Postcode) 
		VALUES (190, '1694 Route 27', 'North Walgoolan', 'Catnerbury', 'New Zealand', '4222');
INSERT INTO ContactAddress (ContactId, AddressId, AddressType) 
		VALUES (142, 190, 2);
INSERT INTO Contact (Id, GivenName, Surname, ContactType, CreatedDate, LastModifiedDate) 
	VALUES (143, 'Annabella', 'Kennedy', 'Employee', '2022-10-29 20:38:27', '2023-01-11 01:06:33');
INSERT INTO [Address] (Id, Street, City, [State], Country, Postcode) 
	VALUES (191, '827 Route 1', 'Laravale', 'Wellington', 'New Zealand', '8838');
INSERT INTO ContactAddress (ContactId, AddressId, AddressType) 
	VALUES (143, 191, 1);
INSERT INTO Contact (Id, GivenName, Surname, ContactType, CreatedDate, LastModifiedDate) 
	VALUES (144, 'Cassie', 'Foley', 'Employee', '2021-01-05 19:08:43', '2021-06-13 07:40:20');
INSERT INTO [Address] (Id, Street, City, [State], Country, Postcode) 
	VALUES (192, '570 Liberty Street', 'North Queenstown', 'New Plymouth', 'New Zealand', '3719');
INSERT INTO ContactAddress (ContactId, AddressId, AddressType) 
	VALUES (144, 192, 1);
INSERT INTO Contact (Id, GivenName, Surname, ContactType, CreatedDate, LastModifiedDate) 
	VALUES (145, 'Kash', 'Goodwin', 'Supplier', '2020-06-25 23:06:21', '2023-02-23 14:21:30');
INSERT INTO [Address] (Id, Street, City, [State], Country, Postcode) 
	VALUES (193, '1686 Broadway', 'Karyrie', 'Otago', 'New Zealand', '2664');
INSERT INTO ContactAddress (ContactId, AddressId, AddressType) 
	VALUES (145, 193, 1);
INSERT INTO [Address] (Id, Street, City, [State], Country, Postcode) 
		VALUES (194, '486 Hudson Street', 'Exford', 'Catnerbury', 'New Zealand', '4445');
INSERT INTO ContactAddress (ContactId, AddressId, AddressType) 
		VALUES (145, 194, 2);
INSERT INTO Contact (Id, GivenName, Surname, ContactType, CreatedDate, LastModifiedDate) 
	VALUES (146, 'Jaden', 'Barton', 'Customer', '2021-09-29 04:41:49', '2023-10-23 22:25:46');
INSERT INTO [Address] (Id, Street, City, [State], Country, Postcode) 
	VALUES (195, '1550 5th Avenue', 'Gympie South', 'Aukland', 'New Zealand', '1915');
INSERT INTO ContactAddress (ContactId, AddressId, AddressType) 
	VALUES (146, 195, 1);
INSERT INTO Contact (Id, GivenName, Surname, ContactType, CreatedDate, LastModifiedDate) 
	VALUES (147, 'Devin', 'Stuart', 'Other', '2019-03-22 13:27:42', '2021-04-18 03:38:58');
INSERT INTO [Address] (Id, Street, City, [State], Country, Postcode) 
	VALUES (196, '828 Cambridge Road', 'Elliminyt', 'Aukland', 'New Zealand', '4678');
INSERT INTO ContactAddress (ContactId, AddressId, AddressType) 
	VALUES (147, 196, 1);
INSERT INTO Contact (Id, GivenName, Surname, ContactType, CreatedDate, LastModifiedDate) 
	VALUES (148, 'Frederick', 'Levine', 'Employee', '2020-06-14 16:39:21', '2022-05-29 05:03:50');
INSERT INTO [Address] (Id, Street, City, [State], Country, Postcode) 
	VALUES (197, '295 Arch Street', 'Kunama', 'Catnerbury', 'New Zealand', '7214');
INSERT INTO ContactAddress (ContactId, AddressId, AddressType) 
	VALUES (148, 197, 1);
INSERT INTO [Address] (Id, Street, City, [State], Country, Postcode) 
		VALUES (198, '1435 Queen Street', 'Lumeah', 'Nelson', 'New Zealand', '3443');
INSERT INTO ContactAddress (ContactId, AddressId, AddressType) 
		VALUES (148, 198, 2);
INSERT INTO Contact (Id, GivenName, Surname, ContactType, CreatedDate, LastModifiedDate) 
	VALUES (149, 'Anabel', 'Shelton', 'Customer', '2022-03-02 00:07:23', '2023-09-16 08:37:29');
INSERT INTO [Address] (Id, Street, City, [State], Country, Postcode) 
	VALUES (199, '1498 College Street', 'Lyons', 'New Plymouth', 'New Zealand', '1458');
INSERT INTO ContactAddress (ContactId, AddressId, AddressType) 
	VALUES (149, 199, 1);
INSERT INTO Contact (Id, GivenName, Surname, ContactType, CreatedDate, LastModifiedDate) 
	VALUES (150, 'Morgan', 'Stark', 'Customer', '2022-05-24 23:50:49', '2023-08-10 03:19:44');
INSERT INTO [Address] (Id, Street, City, [State], Country, Postcode) 
	VALUES (200, '425 Atlantic Avenue', 'San Remo', 'Catnerbury', 'New Zealand', '3048');
INSERT INTO ContactAddress (ContactId, AddressId, AddressType) 
	VALUES (150, 200, 1);
INSERT INTO Contact (Id, GivenName, Surname, ContactType, CreatedDate, LastModifiedDate) 
	VALUES (151, 'Sam', 'Watkins', 'Employee', '2023-09-29 00:14:06', '2023-12-29 16:10:02');
INSERT INTO [Address] (Id, Street, City, [State], Country, Postcode) 
	VALUES (201, '1306 Columbia Street', 'Aratula', 'Wellington', 'New Zealand', '5396');
INSERT INTO ContactAddress (ContactId, AddressId, AddressType) 
	VALUES (151, 201, 1);
INSERT INTO [Address] (Id, Street, City, [State], Country, Postcode) 
		VALUES (202, '622 8th Street South', 'Leafgold', 'Catnerbury', 'New Zealand', '4354');
INSERT INTO ContactAddress (ContactId, AddressId, AddressType) 
		VALUES (151, 202, 2);
INSERT INTO Contact (Id, GivenName, Surname, ContactType, CreatedDate, LastModifiedDate) 
	VALUES (152, 'Roderick', 'Ritter', 'Customer', '2019-02-25 08:33:54', '2020-01-14 15:49:59');
INSERT INTO [Address] (Id, Street, City, [State], Country, Postcode) 
	VALUES (203, '1380 3rd Avenue', 'Wilsons Downfall', 'Aukland', 'New Zealand', '3546');
INSERT INTO ContactAddress (ContactId, AddressId, AddressType) 
	VALUES (152, 203, 1);
INSERT INTO Contact (Id, GivenName, Surname, ContactType, CreatedDate, LastModifiedDate) 
	VALUES (153, 'Ashton', 'Chang', 'Customer', '2018-11-24 16:51:05', '2021-01-10 18:04:47');
INSERT INTO [Address] (Id, Street, City, [State], Country, Postcode) 
	VALUES (204, '107 Walnut Street', 'Yurammie', 'Otago', 'New Zealand', '7742');
INSERT INTO ContactAddress (ContactId, AddressId, AddressType) 
	VALUES (153, 204, 1);
INSERT INTO Contact (Id, GivenName, Surname, ContactType, CreatedDate, LastModifiedDate) 
	VALUES (154, 'Aylin', 'Moran', 'Customer', '2019-02-05 12:23:19', '2020-06-20 11:37:05');
INSERT INTO [Address] (Id, Street, City, [State], Country, Postcode) 
	VALUES (205, '1181 William Street', 'Riverhills', 'Otago', 'New Zealand', '8727');
INSERT INTO ContactAddress (ContactId, AddressId, AddressType) 
	VALUES (154, 205, 1);
INSERT INTO [Address] (Id, Street, City, [State], Country, Postcode) 
		VALUES (206, '858 Hamilton Road', 'Normanville', 'Otago', 'New Zealand', '5415');
INSERT INTO ContactAddress (ContactId, AddressId, AddressType) 
		VALUES (154, 206, 2);
INSERT INTO Contact (Id, GivenName, Surname, ContactType, CreatedDate, LastModifiedDate) 
	VALUES (155, 'Clayton', 'Maxwell', 'Employee', '2023-05-16 23:03:45', '2023-08-14 07:35:37');
INSERT INTO [Address] (Id, Street, City, [State], Country, Postcode) 
	VALUES (207, '411 Route 2', 'Garryowen', 'New Plymouth', 'New Zealand', '5672');
INSERT INTO ContactAddress (ContactId, AddressId, AddressType) 
	VALUES (155, 207, 1);
INSERT INTO Contact (Id, GivenName, Surname, ContactType, CreatedDate, LastModifiedDate) 
	VALUES (156, 'Eliezer', 'Mathews', 'Customer', '2024-01-17 20:18:27', '2024-01-22 00:36:02');
INSERT INTO [Address] (Id, Street, City, [State], Country, Postcode) 
	VALUES (208, '585 Franklin Street', 'Mannering Park', 'Nelson', 'New Zealand', '2545');
INSERT INTO ContactAddress (ContactId, AddressId, AddressType) 
	VALUES (156, 208, 1);
INSERT INTO Contact (Id, GivenName, Surname, ContactType, CreatedDate, LastModifiedDate) 
	VALUES (157, 'Michelle', 'Cruz', 'Customer', '2022-11-23 08:59:53', '2023-04-02 17:22:08');
INSERT INTO [Address] (Id, Street, City, [State], Country, Postcode) 
	VALUES (209, '1926 Hudson Street', 'Berendale', 'Catnerbury', 'New Zealand', '8412');
INSERT INTO ContactAddress (ContactId, AddressId, AddressType) 
	VALUES (157, 209, 1);
INSERT INTO [Address] (Id, Street, City, [State], Country, Postcode) 
		VALUES (210, '612 Clay Street', 'Stony Point', 'Wellington', 'New Zealand', '6466');
INSERT INTO ContactAddress (ContactId, AddressId, AddressType) 
		VALUES (157, 210, 2);
INSERT INTO Contact (Id, GivenName, Surname, ContactType, CreatedDate, LastModifiedDate) 
	VALUES (158, 'Alexander', 'Conrad', 'Customer', '2019-03-03 21:16:09', '2021-01-07 12:43:46');
INSERT INTO [Address] (Id, Street, City, [State], Country, Postcode) 
	VALUES (211, '476 Jackson Avenue', 'Ainslie', 'Aukland', 'New Zealand', '8074');
INSERT INTO ContactAddress (ContactId, AddressId, AddressType) 
	VALUES (158, 211, 1);
INSERT INTO Contact (Id, GivenName, Surname, ContactType, CreatedDate, LastModifiedDate) 
	VALUES (159, 'Winston', 'Sloan', 'Customer', '2019-03-28 11:50:21', '2021-10-14 18:44:35');
INSERT INTO [Address] (Id, Street, City, [State], Country, Postcode) 
	VALUES (212, '1193 State Street', 'Injune', 'Aukland', 'New Zealand', '1595');
INSERT INTO ContactAddress (ContactId, AddressId, AddressType) 
	VALUES (159, 212, 1);
INSERT INTO Contact (Id, GivenName, Surname, ContactType, CreatedDate, LastModifiedDate) 
	VALUES (160, 'Roland', 'Ramirez', 'Customer', '2020-01-07 12:06:57', '2021-06-04 00:47:10');
INSERT INTO [Address] (Id, Street, City, [State], Country, Postcode) 
	VALUES (213, '1760 Route 41', 'Wards River', 'Wellington', 'New Zealand', '2569');
INSERT INTO ContactAddress (ContactId, AddressId, AddressType) 
	VALUES (160, 213, 1);
INSERT INTO [Address] (Id, Street, City, [State], Country, Postcode) 
		VALUES (214, '1550 Spruce Street', 'Cullendora', 'Northern Territory', 'Australia', '3220');
INSERT INTO ContactAddress (ContactId, AddressId, AddressType) 
		VALUES (160, 214, 2);
INSERT INTO Contact (Id, GivenName, Surname, ContactType, CreatedDate, LastModifiedDate) 
	VALUES (161, 'Asher', 'Barr', 'Supplier', '2022-11-09 12:06:32', '2023-02-01 02:45:34');
INSERT INTO [Address] (Id, Street, City, [State], Country, Postcode) 
	VALUES (215, '1784 10th Street', 'Morningside', 'Aukland', 'New Zealand', '7926');
INSERT INTO ContactAddress (ContactId, AddressId, AddressType) 
	VALUES (161, 215, 1);
INSERT INTO Contact (Id, GivenName, Surname, ContactType, CreatedDate, LastModifiedDate) 
	VALUES (162, 'Jaelynn', 'Yang', 'Customer', '2020-02-02 18:35:35', '2023-01-04 11:42:41');
INSERT INTO [Address] (Id, Street, City, [State], Country, Postcode) 
	VALUES (216, '31 Hill Street', 'Huon Valley', 'Victoria', 'Australia', '8434');
INSERT INTO ContactAddress (ContactId, AddressId, AddressType) 
	VALUES (162, 216, 1);
INSERT INTO Contact (Id, GivenName, Surname, ContactType, CreatedDate, LastModifiedDate) 
	VALUES (163, 'Hayden', 'Barry', 'Supplier', '2023-07-01 03:30:27', '2023-10-27 03:13:18');
INSERT INTO [Address] (Id, Street, City, [State], Country, Postcode) 
	VALUES (217, '650 Bridge Street', 'Darlington Point', 'Wellington', 'New Zealand', '2064');
INSERT INTO ContactAddress (ContactId, AddressId, AddressType) 
	VALUES (163, 217, 1);
INSERT INTO [Address] (Id, Street, City, [State], Country, Postcode) 
		VALUES (218, '1630 Fawn Lane', 'Trafalgar West', 'Aukland', 'New Zealand', '5088');
INSERT INTO ContactAddress (ContactId, AddressId, AddressType) 
		VALUES (163, 218, 2);
INSERT INTO Contact (Id, GivenName, Surname, ContactType, CreatedDate, LastModifiedDate) 
	VALUES (164, 'Gustavo', 'Larson', 'Supplier', '2021-02-27 00:38:57', '2022-01-11 21:53:24');
INSERT INTO [Address] (Id, Street, City, [State], Country, Postcode) 
	VALUES (219, '857 Lake Avenue', 'Queenscliffe', 'Otago', 'New Zealand', '3958');
INSERT INTO ContactAddress (ContactId, AddressId, AddressType) 
	VALUES (164, 219, 1);
INSERT INTO Contact (Id, GivenName, Surname, ContactType, CreatedDate, LastModifiedDate) 
	VALUES (165, 'Cohen', 'Kim', 'Customer', '2021-10-23 09:14:50', '2022-02-25 05:40:37');
INSERT INTO [Address] (Id, Street, City, [State], Country, Postcode) 
	VALUES (220, '972 Hamilton Street', 'Yatina', 'Nelson', 'New Zealand', '3141');
INSERT INTO ContactAddress (ContactId, AddressId, AddressType) 
	VALUES (165, 220, 1);
INSERT INTO Contact (Id, GivenName, Surname, ContactType, CreatedDate, LastModifiedDate) 
	VALUES (166, 'Albert', 'Moon', 'Supplier', '2022-02-01 22:17:38', '2023-07-08 04:56:01');
INSERT INTO [Address] (Id, Street, City, [State], Country, Postcode) 
	VALUES (221, '1225 5th Street', 'Brimboal', 'Wellington', 'New Zealand', '6504');
INSERT INTO ContactAddress (ContactId, AddressId, AddressType) 
	VALUES (166, 221, 1);
INSERT INTO [Address] (Id, Street, City, [State], Country, Postcode) 
		VALUES (222, '358 Mill Street', 'Ernest Junction', 'New Plymouth', 'New Zealand', '6810');
INSERT INTO ContactAddress (ContactId, AddressId, AddressType) 
		VALUES (166, 222, 2);
INSERT INTO Contact (Id, GivenName, Surname, ContactType, CreatedDate, LastModifiedDate) 
	VALUES (167, 'Keegan', 'Camacho', 'Employee', '2020-01-31 03:16:03', '2021-07-18 13:27:46');
INSERT INTO [Address] (Id, Street, City, [State], Country, Postcode) 
	VALUES (223, '1031 Route 5', 'Moogara', 'Catnerbury', 'New Zealand', '5649');
INSERT INTO ContactAddress (ContactId, AddressId, AddressType) 
	VALUES (167, 223, 1);
INSERT INTO Contact (Id, GivenName, Surname, ContactType, CreatedDate, LastModifiedDate) 
	VALUES (168, 'Noel', 'Boone', 'Customer', '2019-01-24 15:26:45', '2022-08-20 00:29:13');
INSERT INTO [Address] (Id, Street, City, [State], Country, Postcode) 
	VALUES (224, '91 3rd Street', 'North Cunderdin', 'Wellington', 'New Zealand', '5096');
INSERT INTO ContactAddress (ContactId, AddressId, AddressType) 
	VALUES (168, 224, 1);
INSERT INTO Contact (Id, GivenName, Surname, ContactType, CreatedDate, LastModifiedDate) 
	VALUES (169, 'Layton', 'Valentine', 'Customer', '2023-11-12 12:16:30', '2024-01-11 13:04:27');
INSERT INTO [Address] (Id, Street, City, [State], Country, Postcode) 
	VALUES (225, '452 Homestead Drive', 'Bringalbert South', 'Aukland', 'New Zealand', '3138');
INSERT INTO ContactAddress (ContactId, AddressId, AddressType) 
	VALUES (169, 225, 1);
INSERT INTO [Address] (Id, Street, City, [State], Country, Postcode) 
		VALUES (226, '375 Orchard Avenue', 'Mount Mercer', 'Wellington', 'New Zealand', '7360');
INSERT INTO ContactAddress (ContactId, AddressId, AddressType) 
		VALUES (169, 226, 2);
INSERT INTO Contact (Id, GivenName, Surname, ContactType, CreatedDate, LastModifiedDate) 
	VALUES (170, 'Siena', 'Raymond', 'Customer', '2020-08-26 03:58:54', '2023-06-22 21:26:45');
INSERT INTO [Address] (Id, Street, City, [State], Country, Postcode) 
	VALUES (227, '535 Front Street', 'Old Erowal Bay', 'Wellington', 'New Zealand', '8556');
INSERT INTO ContactAddress (ContactId, AddressId, AddressType) 
	VALUES (170, 227, 1);
INSERT INTO Contact (Id, GivenName, Surname, ContactType, CreatedDate, LastModifiedDate) 
	VALUES (171, 'Erika', 'Snow', 'Customer', '2021-05-27 16:05:37', '2022-11-08 04:47:34');
INSERT INTO [Address] (Id, Street, City, [State], Country, Postcode) 
	VALUES (228, '1158 8th Street', 'Salt Lake', 'Wellington', 'New Zealand', '6288');
INSERT INTO ContactAddress (ContactId, AddressId, AddressType) 
	VALUES (171, 228, 1);
INSERT INTO Contact (Id, GivenName, Surname, ContactType, CreatedDate, LastModifiedDate) 
	VALUES (172, 'Lamar', 'Romero', 'Customer', '2023-07-27 03:58:41', '2023-10-25 18:44:09');
INSERT INTO [Address] (Id, Street, City, [State], Country, Postcode) 
	VALUES (229, '895 Clinton Street', 'Cheltenham', 'Catnerbury', 'New Zealand', '1209');
INSERT INTO ContactAddress (ContactId, AddressId, AddressType) 
	VALUES (172, 229, 1);
INSERT INTO [Address] (Id, Street, City, [State], Country, Postcode) 
		VALUES (230, '1654 Virginia Avenue', 'Mooroopna', 'Otago', 'New Zealand', '4357');
INSERT INTO ContactAddress (ContactId, AddressId, AddressType) 
		VALUES (172, 230, 2);
INSERT INTO Contact (Id, GivenName, Surname, ContactType, CreatedDate, LastModifiedDate) 
	VALUES (173, 'Gilbert', 'Bowen', 'Supplier', '2022-04-12 17:09:04', '2023-05-24 14:32:35');
INSERT INTO [Address] (Id, Street, City, [State], Country, Postcode) 
	VALUES (231, '834 Route 20', 'Hoya', 'Otago', 'New Zealand', '1929');
INSERT INTO ContactAddress (ContactId, AddressId, AddressType) 
	VALUES (173, 231, 1);
INSERT INTO Contact (Id, GivenName, Surname, ContactType, CreatedDate, LastModifiedDate) 
	VALUES (174, 'Aleah', 'Fletcher', 'Customer', '2023-01-28 05:39:13', '2023-08-29 18:37:51');
INSERT INTO [Address] (Id, Street, City, [State], Country, Postcode) 
	VALUES (232, '966 Meadow Lane', 'Mount Molloy', 'Wellington', 'New Zealand', '2748');
INSERT INTO ContactAddress (ContactId, AddressId, AddressType) 
	VALUES (174, 232, 1);
INSERT INTO Contact (Id, GivenName, Surname, ContactType, CreatedDate, LastModifiedDate) 
	VALUES (175, 'Juliana', 'Petersen', 'Employee', '2018-11-07 19:28:59', '2019-04-30 05:19:37');
INSERT INTO [Address] (Id, Street, City, [State], Country, Postcode) 
	VALUES (233, '577 Cobblestone Court', 'Weja', 'Wellington', 'New Zealand', '3085');
INSERT INTO ContactAddress (ContactId, AddressId, AddressType) 
	VALUES (175, 233, 1);
INSERT INTO [Address] (Id, Street, City, [State], Country, Postcode) 
		VALUES (234, '883 Woodland Road', 'Rossmoya', 'Wellington', 'New Zealand', '1136');
INSERT INTO ContactAddress (ContactId, AddressId, AddressType) 
		VALUES (175, 234, 2);
INSERT INTO Contact (Id, GivenName, Surname, ContactType, CreatedDate, LastModifiedDate) 
	VALUES (176, 'Adan', 'Price', 'Customer', '2020-03-15 06:11:49', '2020-07-29 07:46:46');
INSERT INTO [Address] (Id, Street, City, [State], Country, Postcode) 
	VALUES (235, '1298 William Street', 'Davyhurst', 'Wellington', 'New Zealand', '4644');
INSERT INTO ContactAddress (ContactId, AddressId, AddressType) 
	VALUES (176, 235, 1);
INSERT INTO Contact (Id, GivenName, Surname, ContactType, CreatedDate, LastModifiedDate) 
	VALUES (177, 'Grayson', 'Young', 'Supplier', '2022-05-30 00:10:07', '2023-12-20 00:41:55');
INSERT INTO [Address] (Id, Street, City, [State], Country, Postcode) 
	VALUES (236, '886 4th Street West', 'Coogee', 'Aukland', 'New Zealand', '8027');
INSERT INTO ContactAddress (ContactId, AddressId, AddressType) 
	VALUES (177, 236, 1);
INSERT INTO Contact (Id, GivenName, Surname, ContactType, CreatedDate, LastModifiedDate) 
	VALUES (178, 'Deja', 'Rojas', 'Customer', '2020-02-07 16:14:08', '2021-06-24 00:28:26');
INSERT INTO [Address] (Id, Street, City, [State], Country, Postcode) 
	VALUES (237, '1079 Morris Street', 'Caroline', 'Nelson', 'New Zealand', '2740');
INSERT INTO ContactAddress (ContactId, AddressId, AddressType) 
	VALUES (178, 237, 1);
INSERT INTO [Address] (Id, Street, City, [State], Country, Postcode) 
		VALUES (238, '1085 Brandywine Drive', 'Yeulba', 'Nelson', 'New Zealand', '4189');
INSERT INTO ContactAddress (ContactId, AddressId, AddressType) 
		VALUES (178, 238, 2);
INSERT INTO Contact (Id, GivenName, Surname, ContactType, CreatedDate, LastModifiedDate) 
	VALUES (179, 'Sydnee', 'Huerta', 'Other', '2022-10-22 22:01:40', '2023-03-22 13:34:44');
INSERT INTO [Address] (Id, Street, City, [State], Country, Postcode) 
	VALUES (239, '81 Harrison Street', 'Mount Barker Junction', 'New Plymouth', 'New Zealand', '5004');
INSERT INTO ContactAddress (ContactId, AddressId, AddressType) 
	VALUES (179, 239, 1);
INSERT INTO Contact (Id, GivenName, Surname, ContactType, CreatedDate, LastModifiedDate) 
	VALUES (180, 'Paisley', 'Curry', 'Customer', '2019-09-17 04:38:16', '2020-12-25 20:37:26');
INSERT INTO [Address] (Id, Street, City, [State], Country, Postcode) 
	VALUES (240, '1436 Orchard Lane', 'Morrisons', 'Wellington', 'New Zealand', '1515');
INSERT INTO ContactAddress (ContactId, AddressId, AddressType) 
	VALUES (180, 240, 1);
INSERT INTO Contact (Id, GivenName, Surname, ContactType, CreatedDate, LastModifiedDate) 
	VALUES (181, 'Brandon', 'Everett', 'Customer', '2023-07-30 01:37:05', '2023-10-19 12:07:22');
INSERT INTO [Address] (Id, Street, City, [State], Country, Postcode) 
	VALUES (241, '445 Church Street', 'Bellbird', 'Otago', 'New Zealand', '8621');
INSERT INTO ContactAddress (ContactId, AddressId, AddressType) 
	VALUES (181, 241, 1);
INSERT INTO [Address] (Id, Street, City, [State], Country, Postcode) 
		VALUES (242, '617 Devon Road', 'Haly Creek School', 'New Plymouth', 'New Zealand', '1517');
INSERT INTO ContactAddress (ContactId, AddressId, AddressType) 
		VALUES (181, 242, 2);
INSERT INTO Contact (Id, GivenName, Surname, ContactType, CreatedDate, LastModifiedDate) 
	VALUES (182, 'Gretchen', 'Giles', 'Customer', '2023-12-29 04:47:49', '2023-12-31 16:18:05');
INSERT INTO [Address] (Id, Street, City, [State], Country, Postcode) 
	VALUES (243, '318 Cottage Street', 'Waubra Junction', 'New Plymouth', 'New Zealand', '8922');
INSERT INTO ContactAddress (ContactId, AddressId, AddressType) 
	VALUES (182, 243, 1);
INSERT INTO Contact (Id, GivenName, Surname, ContactType, CreatedDate, LastModifiedDate) 
	VALUES (183, 'Ivy', 'Cook', 'Customer', '2019-12-28 19:01:05', '2022-06-21 22:24:20');
INSERT INTO [Address] (Id, Street, City, [State], Country, Postcode) 
	VALUES (244, '451 Cemetery Road', 'Caroline', 'Nelson', 'New Zealand', '4207');
INSERT INTO ContactAddress (ContactId, AddressId, AddressType) 
	VALUES (183, 244, 1);
INSERT INTO Contact (Id, GivenName, Surname, ContactType, CreatedDate, LastModifiedDate) 
	VALUES (184, 'Jaidyn', 'Hoffman', 'Customer', '2022-09-19 06:43:30', '2023-03-23 11:03:20');
INSERT INTO [Address] (Id, Street, City, [State], Country, Postcode) 
	VALUES (245, '1837 5th Street West', 'Victoria Point', 'Nelson', 'New Zealand', '8115');
INSERT INTO ContactAddress (ContactId, AddressId, AddressType) 
	VALUES (184, 245, 1);
INSERT INTO [Address] (Id, Street, City, [State], Country, Postcode) 
		VALUES (246, '1893 2nd Street North', 'Trafalgar West', 'Nelson', 'New Zealand', '3861');
INSERT INTO ContactAddress (ContactId, AddressId, AddressType) 
		VALUES (184, 246, 2);
INSERT INTO Contact (Id, GivenName, Surname, ContactType, CreatedDate, LastModifiedDate) 
	VALUES (185, 'Jessie', 'Holden', 'Customer', '2022-05-26 17:15:13', '2023-05-19 12:54:51');
INSERT INTO [Address] (Id, Street, City, [State], Country, Postcode) 
	VALUES (247, '966 Lafayette Street', 'Mount McIntyre', 'Wellington', 'New Zealand', '5932');
INSERT INTO ContactAddress (ContactId, AddressId, AddressType) 
	VALUES (185, 247, 1);
INSERT INTO Contact (Id, GivenName, Surname, ContactType, CreatedDate, LastModifiedDate) 
	VALUES (186, 'Chace', 'Shea', 'Customer', '2023-01-07 17:53:44', '2023-03-15 11:33:05');
INSERT INTO [Address] (Id, Street, City, [State], Country, Postcode) 
	VALUES (248, '1102 6th Avenue', 'Maldon', 'Wellington', 'New Zealand', '1805');
INSERT INTO ContactAddress (ContactId, AddressId, AddressType) 
	VALUES (186, 248, 1);
INSERT INTO Contact (Id, GivenName, Surname, ContactType, CreatedDate, LastModifiedDate) 
	VALUES (187, 'Stella', 'Cummings', 'Supplier', '2018-11-20 01:52:01', '2020-07-09 15:37:11');
INSERT INTO [Address] (Id, Street, City, [State], Country, Postcode) 
	VALUES (249, '439 Manor Drive', 'Kojonup', 'Otago', 'New Zealand', '8776');
INSERT INTO ContactAddress (ContactId, AddressId, AddressType) 
	VALUES (187, 249, 1);
INSERT INTO [Address] (Id, Street, City, [State], Country, Postcode) 
		VALUES (250, '725 Oxford Road', 'Onkaparinga', 'Nelson', 'New Zealand', '3376');
INSERT INTO ContactAddress (ContactId, AddressId, AddressType) 
		VALUES (187, 250, 2);
INSERT INTO Contact (Id, GivenName, Surname, ContactType, CreatedDate, LastModifiedDate) 
	VALUES (188, 'Casey', 'George', 'Supplier', '2023-07-20 15:35:33', '2023-09-09 20:46:19');
INSERT INTO [Address] (Id, Street, City, [State], Country, Postcode) 
	VALUES (251, '1763 10th Street', 'Bradvale', 'Otago', 'New Zealand', '5213');
INSERT INTO ContactAddress (ContactId, AddressId, AddressType) 
	VALUES (188, 251, 1);
INSERT INTO Contact (Id, GivenName, Surname, ContactType, CreatedDate, LastModifiedDate) 
	VALUES (189, 'Korbin', 'Hutchinson', 'Customer', '2018-08-21 10:45:51', '2018-08-28 21:00:31');
INSERT INTO [Address] (Id, Street, City, [State], Country, Postcode) 
	VALUES (252, '208 Pleasant Street', 'Yurammie', 'Victoria', 'Australia', '1668');
INSERT INTO ContactAddress (ContactId, AddressId, AddressType) 
	VALUES (189, 252, 1);
INSERT INTO Contact (Id, GivenName, Surname, ContactType, CreatedDate, LastModifiedDate) 
	VALUES (190, 'Kaliyah', 'Dougherty', 'Customer', '2020-10-27 08:11:41', '2023-05-28 07:25:30');
INSERT INTO [Address] (Id, Street, City, [State], Country, Postcode) 
	VALUES (253, '263 Hudson Street', 'Wonbah', 'New Plymouth', 'New Zealand', '5672');
INSERT INTO ContactAddress (ContactId, AddressId, AddressType) 
	VALUES (190, 253, 1);
INSERT INTO [Address] (Id, Street, City, [State], Country, Postcode) 
		VALUES (254, '289 Route 20', 'Mount Perry', 'Aukland', 'New Zealand', '2256');
INSERT INTO ContactAddress (ContactId, AddressId, AddressType) 
		VALUES (190, 254, 2);
INSERT INTO Contact (Id, GivenName, Surname, ContactType, CreatedDate, LastModifiedDate) 
	VALUES (191, 'Ryleigh', 'Ho', 'Customer', '2020-06-12 17:26:38', '2021-11-09 02:14:17');
INSERT INTO [Address] (Id, Street, City, [State], Country, Postcode) 
	VALUES (255, '1362 Market Street', 'Trafalgar West', 'Nelson', 'New Zealand', '1817');
INSERT INTO ContactAddress (ContactId, AddressId, AddressType) 
	VALUES (191, 255, 1);
INSERT INTO Contact (Id, GivenName, Surname, ContactType, CreatedDate, LastModifiedDate) 
	VALUES (192, 'Tommy', 'Burns', 'Customer', '2019-11-12 14:23:30', '2022-09-13 11:52:29');
INSERT INTO [Address] (Id, Street, City, [State], Country, Postcode) 
	VALUES (256, '1807 Union Street', 'Neeworra', 'Nelson', 'New Zealand', '2169');
INSERT INTO ContactAddress (ContactId, AddressId, AddressType) 
	VALUES (192, 256, 1);
INSERT INTO Contact (Id, GivenName, Surname, ContactType, CreatedDate, LastModifiedDate) 
	VALUES (193, 'Dario', 'Prince', 'Other', '2022-06-25 13:46:08', '2022-08-10 12:55:20');
INSERT INTO [Address] (Id, Street, City, [State], Country, Postcode) 
	VALUES (257, '216 South Street', 'Rockton', 'Catnerbury', 'New Zealand', '4245');
INSERT INTO ContactAddress (ContactId, AddressId, AddressType) 
	VALUES (193, 257, 1);
INSERT INTO [Address] (Id, Street, City, [State], Country, Postcode) 
		VALUES (258, '581 Depot Street', 'Kinka', 'Otago', 'New Zealand', '7500');
INSERT INTO ContactAddress (ContactId, AddressId, AddressType) 
		VALUES (193, 258, 2);
INSERT INTO Contact (Id, GivenName, Surname, ContactType, CreatedDate, LastModifiedDate) 
	VALUES (194, 'Arabella', 'Reed', 'Customer', '2024-01-12 08:19:30', '2024-01-29 15:10:56');
INSERT INTO [Address] (Id, Street, City, [State], Country, Postcode) 
	VALUES (259, '1019 Windsor Drive', 'Mosman', 'Otago', 'New Zealand', '3627');
INSERT INTO ContactAddress (ContactId, AddressId, AddressType) 
	VALUES (194, 259, 1);
INSERT INTO Contact (Id, GivenName, Surname, ContactType, CreatedDate, LastModifiedDate) 
	VALUES (195, 'Talia', 'Kaufman', 'Other', '2018-11-10 18:53:02', '2020-07-21 05:04:57');
INSERT INTO [Address] (Id, Street, City, [State], Country, Postcode) 
	VALUES (260, '1064 Liberty Street', 'Brierfield', 'Aukland', 'New Zealand', '4769');
INSERT INTO ContactAddress (ContactId, AddressId, AddressType) 
	VALUES (195, 260, 1);
INSERT INTO Contact (Id, GivenName, Surname, ContactType, CreatedDate, LastModifiedDate) 
	VALUES (196, 'Elian', 'Serrano', 'Employee', '2023-11-10 10:08:13', '2023-11-30 08:34:52');
INSERT INTO [Address] (Id, Street, City, [State], Country, Postcode) 
	VALUES (261, '439 East Avenue', 'Cromer', 'Otago', 'New Zealand', '1756');
INSERT INTO ContactAddress (ContactId, AddressId, AddressType) 
	VALUES (196, 261, 1);
INSERT INTO [Address] (Id, Street, City, [State], Country, Postcode) 
		VALUES (262, '726 Brown Street', 'Airlie Beach', 'Catnerbury', 'New Zealand', '5010');
INSERT INTO ContactAddress (ContactId, AddressId, AddressType) 
		VALUES (196, 262, 2);
INSERT INTO Contact (Id, GivenName, Surname, ContactType, CreatedDate, LastModifiedDate) 
	VALUES (197, 'Raina', 'Morris', 'Supplier', '2020-03-11 00:53:35', '2022-07-08 02:15:46');
INSERT INTO [Address] (Id, Street, City, [State], Country, Postcode) 
	VALUES (263, '1799 Broadway', 'Montacute', 'Wellington', 'New Zealand', '1502');
INSERT INTO ContactAddress (ContactId, AddressId, AddressType) 
	VALUES (197, 263, 1);
INSERT INTO Contact (Id, GivenName, Surname, ContactType, CreatedDate, LastModifiedDate) 
	VALUES (198, 'Carson', 'Hale', 'Customer', '2023-01-08 21:58:16', '2023-08-11 19:16:00');
INSERT INTO [Address] (Id, Street, City, [State], Country, Postcode) 
	VALUES (264, '1331 Cardinal Drive', 'Kings Plains', 'Aukland', 'New Zealand', '4912');
INSERT INTO ContactAddress (ContactId, AddressId, AddressType) 
	VALUES (198, 264, 1);
INSERT INTO Contact (Id, GivenName, Surname, ContactType, CreatedDate, LastModifiedDate) 
	VALUES (199, 'Rebecca', 'Middleton', 'Customer', '2023-09-20 12:29:27', '2024-01-11 10:26:40');
INSERT INTO [Address] (Id, Street, City, [State], Country, Postcode) 
	VALUES (265, '589 Cambridge Road', 'Glenworth Valley', 'New Plymouth', 'New Zealand', '1610');
INSERT INTO ContactAddress (ContactId, AddressId, AddressType) 
	VALUES (199, 265, 1);
INSERT INTO [Address] (Id, Street, City, [State], Country, Postcode) 
		VALUES (266, '220 Maple Street', 'Mannering Park', 'Wellington', 'New Zealand', '6085');
INSERT INTO ContactAddress (ContactId, AddressId, AddressType) 
		VALUES (199, 266, 2);
INSERT INTO Contact (Id, GivenName, Surname, ContactType, CreatedDate, LastModifiedDate) 
	VALUES (200, 'Kasey', 'Santana', 'Customer', '2023-12-09 16:45:03', '2024-01-24 15:38:02');
INSERT INTO [Address] (Id, Street, City, [State], Country, Postcode) 
	VALUES (267, '1813 Race Street', 'Weja', 'Nelson', 'New Zealand', '5558');
INSERT INTO ContactAddress (ContactId, AddressId, AddressType) 
	VALUES (200, 267, 1);
INSERT INTO Contact (Id, GivenName, Surname, ContactType, CreatedDate, LastModifiedDate) 
	VALUES (201, 'Jaqueline', 'Riley', 'Customer', '2021-01-29 10:24:45', '2023-06-11 03:06:08');
INSERT INTO [Address] (Id, Street, City, [State], Country, Postcode) 
	VALUES (268, '1553 2nd Avenue', 'Morchard', 'New Plymouth', 'New Zealand', '8371');
INSERT INTO ContactAddress (ContactId, AddressId, AddressType) 
	VALUES (201, 268, 1);
INSERT INTO Contact (Id, GivenName, Surname, ContactType, CreatedDate, LastModifiedDate) 
	VALUES (202, 'Kaydence', 'Gregory', 'Customer', '2021-01-06 06:29:02', '2023-07-21 05:43:17');
INSERT INTO [Address] (Id, Street, City, [State], Country, Postcode) 
	VALUES (269, '49 Franklin Street', 'Yukan', 'Aukland', 'New Zealand', '2472');
INSERT INTO ContactAddress (ContactId, AddressId, AddressType) 
	VALUES (202, 269, 1);
INSERT INTO [Address] (Id, Street, City, [State], Country, Postcode) 
		VALUES (270, '711 Willow Drive', 'Popanyinning', 'Nelson', 'New Zealand', '3808');
INSERT INTO ContactAddress (ContactId, AddressId, AddressType) 
		VALUES (202, 270, 2);
INSERT INTO Contact (Id, GivenName, Surname, ContactType, CreatedDate, LastModifiedDate) 
	VALUES (203, 'Santos', 'Krause', 'Customer', '2019-10-28 14:15:02', '2023-09-24 03:31:37');
INSERT INTO [Address] (Id, Street, City, [State], Country, Postcode) 
	VALUES (271, '1328 Williams Street', 'North Queenstown', 'Catnerbury', 'New Zealand', '6873');
INSERT INTO ContactAddress (ContactId, AddressId, AddressType) 
	VALUES (203, 271, 1);
INSERT INTO Contact (Id, GivenName, Surname, ContactType, CreatedDate, LastModifiedDate) 
	VALUES (204, 'Alexander', 'Beck', 'Customer', '2019-10-20 02:38:26', '2021-06-26 03:17:14');
INSERT INTO [Address] (Id, Street, City, [State], Country, Postcode) 
	VALUES (272, '602 Cooper Street', 'Bendoc', 'Otago', 'New Zealand', '7420');
INSERT INTO ContactAddress (ContactId, AddressId, AddressType) 
	VALUES (204, 272, 1);
INSERT INTO Contact (Id, GivenName, Surname, ContactType, CreatedDate, LastModifiedDate) 
	VALUES (205, 'Krista', 'Vance', 'Customer', '2020-02-02 21:10:52', '2021-01-10 12:51:51');
INSERT INTO [Address] (Id, Street, City, [State], Country, Postcode) 
	VALUES (273, '1637 Cherry Street', 'Kingstown', 'New Plymouth', 'New Zealand', '2010');
INSERT INTO ContactAddress (ContactId, AddressId, AddressType) 
	VALUES (205, 273, 1);
INSERT INTO [Address] (Id, Street, City, [State], Country, Postcode) 
		VALUES (274, '357 Route 2', 'Leafgold', 'Wellington', 'New Zealand', '2010');
INSERT INTO ContactAddress (ContactId, AddressId, AddressType) 
		VALUES (205, 274, 2);
INSERT INTO Contact (Id, GivenName, Surname, ContactType, CreatedDate, LastModifiedDate) 
	VALUES (206, 'Jonathan', 'Shelton', 'Employee', '2021-01-03 16:52:54', '2021-07-12 06:57:01');
INSERT INTO [Address] (Id, Street, City, [State], Country, Postcode) 
	VALUES (275, '59 Broadway', 'South Wolca', 'Otago', 'New Zealand', '2287');
INSERT INTO ContactAddress (ContactId, AddressId, AddressType) 
	VALUES (206, 275, 1);
INSERT INTO Contact (Id, GivenName, Surname, ContactType, CreatedDate, LastModifiedDate) 
	VALUES (207, 'Savion', 'Frank', 'Customer', '2021-01-08 16:13:18', '2021-03-19 22:29:54');
INSERT INTO [Address] (Id, Street, City, [State], Country, Postcode) 
	VALUES (276, '1330 Arlington Avenue', 'Palmervill', 'Aukland', 'New Zealand', '5791');
INSERT INTO ContactAddress (ContactId, AddressId, AddressType) 
	VALUES (207, 276, 1);
INSERT INTO Contact (Id, GivenName, Surname, ContactType, CreatedDate, LastModifiedDate) 
	VALUES (208, 'Sadie', 'Mora', 'Customer', '2020-02-05 20:13:25', '2022-08-07 22:56:39');
INSERT INTO [Address] (Id, Street, City, [State], Country, Postcode) 
	VALUES (277, '311 7th Avenue', 'Edi Upper', 'Otago', 'New Zealand', '8987');
INSERT INTO ContactAddress (ContactId, AddressId, AddressType) 
	VALUES (208, 277, 1);
INSERT INTO [Address] (Id, Street, City, [State], Country, Postcode) 
		VALUES (278, '1003 Laurel Street', 'Alleena', 'Wellington', 'New Zealand', '7107');
INSERT INTO ContactAddress (ContactId, AddressId, AddressType) 
		VALUES (208, 278, 2);
INSERT INTO Contact (Id, GivenName, Surname, ContactType, CreatedDate, LastModifiedDate) 
	VALUES (209, 'Nelson', 'Moore', 'Customer', '2021-02-15 20:10:35', '2022-03-17 14:19:31');
INSERT INTO [Address] (Id, Street, City, [State], Country, Postcode) 
	VALUES (279, '270 Mill Street', 'Morwell', 'Catnerbury', 'New Zealand', '1686');
INSERT INTO ContactAddress (ContactId, AddressId, AddressType) 
	VALUES (209, 279, 1);
INSERT INTO Contact (Id, GivenName, Surname, ContactType, CreatedDate, LastModifiedDate) 
	VALUES (210, 'Autumn', 'Ritter', 'Customer', '2020-06-16 10:12:47', '2023-02-06 23:00:52');
INSERT INTO [Address] (Id, Street, City, [State], Country, Postcode) 
	VALUES (280, '1608 Victoria Court', 'Mountain Creek', 'Aukland', 'New Zealand', '4844');
INSERT INTO ContactAddress (ContactId, AddressId, AddressType) 
	VALUES (210, 280, 1);
INSERT INTO Contact (Id, GivenName, Surname, ContactType, CreatedDate, LastModifiedDate) 
	VALUES (211, 'Daisy', 'Rush', 'Supplier', '2022-03-28 19:32:59', '2023-02-10 10:37:45');
INSERT INTO [Address] (Id, Street, City, [State], Country, Postcode) 
	VALUES (281, '1014 James Street', 'Hoya', 'New Plymouth', 'New Zealand', '1018');
INSERT INTO ContactAddress (ContactId, AddressId, AddressType) 
	VALUES (211, 281, 1);
INSERT INTO [Address] (Id, Street, City, [State], Country, Postcode) 
		VALUES (282, '142 3rd Avenue', 'Glenworth Valley', 'Nelson', 'New Zealand', '8270');
INSERT INTO ContactAddress (ContactId, AddressId, AddressType) 
		VALUES (211, 282, 2);
INSERT INTO Contact (Id, GivenName, Surname, ContactType, CreatedDate, LastModifiedDate) 
	VALUES (212, 'Jaiden', 'Cannon', 'Customer', '2022-07-11 06:44:15', '2022-11-17 06:06:38');
INSERT INTO [Address] (Id, Street, City, [State], Country, Postcode) 
	VALUES (283, '1978 Sunset Avenue', 'Boorindal', 'Catnerbury', 'New Zealand', '3292');
INSERT INTO ContactAddress (ContactId, AddressId, AddressType) 
	VALUES (212, 283, 1);
INSERT INTO Contact (Id, GivenName, Surname, ContactType, CreatedDate, LastModifiedDate) 
	VALUES (213, 'Jabari', 'Huang', 'Customer', '2021-04-18 19:59:28', '2021-11-20 06:55:09');
INSERT INTO [Address] (Id, Street, City, [State], Country, Postcode) 
	VALUES (284, '65 Jefferson Avenue', 'Mount Dalrymple', 'Otago', 'New Zealand', '4328');
INSERT INTO ContactAddress (ContactId, AddressId, AddressType) 
	VALUES (213, 284, 1);
INSERT INTO Contact (Id, GivenName, Surname, ContactType, CreatedDate, LastModifiedDate) 
	VALUES (214, 'Krystal', 'Kidd', 'Supplier', '2023-10-26 01:30:11', '2023-11-23 01:00:40');
INSERT INTO [Address] (Id, Street, City, [State], Country, Postcode) 
	VALUES (285, '270 Court Street', 'Rookhurst', 'New Plymouth', 'New Zealand', '3715');
INSERT INTO ContactAddress (ContactId, AddressId, AddressType) 
	VALUES (214, 285, 1);
INSERT INTO [Address] (Id, Street, City, [State], Country, Postcode) 
		VALUES (286, '1243 Division Street', 'Vasey', 'New Plymouth', 'New Zealand', '3015');
INSERT INTO ContactAddress (ContactId, AddressId, AddressType) 
		VALUES (214, 286, 2);
INSERT INTO Contact (Id, GivenName, Surname, ContactType, CreatedDate, LastModifiedDate) 
	VALUES (215, 'Callum', 'Stewart', 'Customer', '2019-04-14 23:50:44', '2023-05-29 15:15:27');
INSERT INTO [Address] (Id, Street, City, [State], Country, Postcode) 
	VALUES (287, '191 Brookside Drive', 'Cockle Creek', 'Catnerbury', 'New Zealand', '7539');
INSERT INTO ContactAddress (ContactId, AddressId, AddressType) 
	VALUES (215, 287, 1);
INSERT INTO Contact (Id, GivenName, Surname, ContactType, CreatedDate, LastModifiedDate) 
	VALUES (216, 'Tessa', 'Wolf', 'Supplier', '2018-10-01 16:21:28', '2020-08-29 12:15:15');
INSERT INTO [Address] (Id, Street, City, [State], Country, Postcode) 
	VALUES (288, '1332 Country Club Drive', 'Kamarooka', 'New South Wales', 'Australia', '8247');
INSERT INTO ContactAddress (ContactId, AddressId, AddressType) 
	VALUES (216, 288, 1);
INSERT INTO Contact (Id, GivenName, Surname, ContactType, CreatedDate, LastModifiedDate) 
	VALUES (217, 'Laney', 'Keller', 'Employee', '2018-11-15 17:12:35', '2020-11-15 22:59:44');
INSERT INTO [Address] (Id, Street, City, [State], Country, Postcode) 
	VALUES (289, '1129 Railroad Avenue', 'Cromer', 'Wellington', 'New Zealand', '3676');
INSERT INTO ContactAddress (ContactId, AddressId, AddressType) 
	VALUES (217, 289, 1);
INSERT INTO [Address] (Id, Street, City, [State], Country, Postcode) 
		VALUES (290, '553 1st Avenue', 'Towong Upper', 'Otago', 'New Zealand', '5567');
INSERT INTO ContactAddress (ContactId, AddressId, AddressType) 
		VALUES (217, 290, 2);
INSERT INTO Contact (Id, GivenName, Surname, ContactType, CreatedDate, LastModifiedDate) 
	VALUES (218, 'Kaden', 'Ewing', 'Employee', '2023-09-07 08:15:08', '2023-11-26 01:24:37');
INSERT INTO [Address] (Id, Street, City, [State], Country, Postcode) 
	VALUES (291, '1928 5th Street West', 'Snowball', 'Wellington', 'New Zealand', '2687');
INSERT INTO ContactAddress (ContactId, AddressId, AddressType) 
	VALUES (218, 291, 1);
INSERT INTO Contact (Id, GivenName, Surname, ContactType, CreatedDate, LastModifiedDate) 
	VALUES (219, 'Franco', 'Snyder', 'Other', '2021-01-29 01:36:55', '2022-04-06 19:52:39');
INSERT INTO [Address] (Id, Street, City, [State], Country, Postcode) 
	VALUES (292, '1823 Beechwood Drive', 'Central Lansdowne', 'Wellington', 'New Zealand', '2672');
INSERT INTO ContactAddress (ContactId, AddressId, AddressType) 
	VALUES (219, 292, 1);
INSERT INTO Contact (Id, GivenName, Surname, ContactType, CreatedDate, LastModifiedDate) 
	VALUES (220, 'Moshe', 'Escobar', 'Customer', '2023-06-08 23:32:31', '2023-10-16 16:12:23');
INSERT INTO [Address] (Id, Street, City, [State], Country, Postcode) 
	VALUES (293, '1753 Magnolia Drive', 'Woolner', 'Catnerbury', 'New Zealand', '8317');
INSERT INTO ContactAddress (ContactId, AddressId, AddressType) 
	VALUES (220, 293, 1);
INSERT INTO [Address] (Id, Street, City, [State], Country, Postcode) 
		VALUES (294, '1418 Colonial Drive', 'Upper Gundowring', 'New Plymouth', 'New Zealand', '1002');
INSERT INTO ContactAddress (ContactId, AddressId, AddressType) 
		VALUES (220, 294, 2);
INSERT INTO Contact (Id, GivenName, Surname, ContactType, CreatedDate, LastModifiedDate) 
	VALUES (221, 'Elise', 'Randolph', 'Customer', '2022-10-14 14:24:53', '2023-06-29 02:39:12');
INSERT INTO [Address] (Id, Street, City, [State], Country, Postcode) 
	VALUES (295, '1340 Academy Street', 'Burabadji', 'Wellington', 'New Zealand', '8399');
INSERT INTO ContactAddress (ContactId, AddressId, AddressType) 
	VALUES (221, 295, 1);
INSERT INTO Contact (Id, GivenName, Surname, ContactType, CreatedDate, LastModifiedDate) 
	VALUES (222, 'Steve', 'Hodge', 'Customer', '2023-05-03 05:18:35', '2023-07-03 06:43:41');
INSERT INTO [Address] (Id, Street, City, [State], Country, Postcode) 
	VALUES (296, '552 Mechanic Street', 'North Walgoolan', 'New Plymouth', 'New Zealand', '3754');
INSERT INTO ContactAddress (ContactId, AddressId, AddressType) 
	VALUES (222, 296, 1);
INSERT INTO Contact (Id, GivenName, Surname, ContactType, CreatedDate, LastModifiedDate) 
	VALUES (223, 'Deven', 'Mcintosh', 'Customer', '2022-04-21 09:24:18', '2023-03-02 00:35:04');
INSERT INTO [Address] (Id, Street, City, [State], Country, Postcode) 
	VALUES (297, '185 7th Avenue', 'Ridgley', 'Nelson', 'New Zealand', '5835');
INSERT INTO ContactAddress (ContactId, AddressId, AddressType) 
	VALUES (223, 297, 1);
INSERT INTO [Address] (Id, Street, City, [State], Country, Postcode) 
		VALUES (298, '384 Penn Street', 'Yarrawalla South', 'Otago', 'New Zealand', '1853');
INSERT INTO ContactAddress (ContactId, AddressId, AddressType) 
		VALUES (223, 298, 2);
INSERT INTO Contact (Id, GivenName, Surname, ContactType, CreatedDate, LastModifiedDate) 
	VALUES (224, 'Leandro', 'Pratt', 'Employee', '2020-04-10 05:18:40', '2021-05-12 13:19:07');
INSERT INTO [Address] (Id, Street, City, [State], Country, Postcode) 
	VALUES (299, '40 Laurel Drive', 'Wilsons Downfall', 'New Plymouth', 'New Zealand', '8654');
INSERT INTO ContactAddress (ContactId, AddressId, AddressType) 
	VALUES (224, 299, 1);
INSERT INTO Contact (Id, GivenName, Surname, ContactType, CreatedDate, LastModifiedDate) 
	VALUES (225, 'Emmanuel', 'Barnett', 'Customer', '2023-09-30 08:46:37', '2024-01-20 10:54:21');
INSERT INTO [Address] (Id, Street, City, [State], Country, Postcode) 
	VALUES (300, '1541 5th Street North', 'Warramboo', 'Otago', 'New Zealand', '2313');
INSERT INTO ContactAddress (ContactId, AddressId, AddressType) 
	VALUES (225, 300, 1);
INSERT INTO Contact (Id, GivenName, Surname, ContactType, CreatedDate, LastModifiedDate) 
	VALUES (226, 'Savion', 'Walton', 'Supplier', '2022-09-06 23:02:56', '2023-03-23 08:22:50');
INSERT INTO [Address] (Id, Street, City, [State], Country, Postcode) 
	VALUES (301, '722 Park Place', 'Narngulu', 'Aukland', 'New Zealand', '8829');
INSERT INTO ContactAddress (ContactId, AddressId, AddressType) 
	VALUES (226, 301, 1);
INSERT INTO [Address] (Id, Street, City, [State], Country, Postcode) 
		VALUES (302, '1825 5th Street South', 'Holt', 'Catnerbury', 'New Zealand', '3702');
INSERT INTO ContactAddress (ContactId, AddressId, AddressType) 
		VALUES (226, 302, 2);
INSERT INTO Contact (Id, GivenName, Surname, ContactType, CreatedDate, LastModifiedDate) 
	VALUES (227, 'Jessica', 'Juarez', 'Customer', '2021-08-05 06:32:58', '2023-09-11 15:09:56');
INSERT INTO [Address] (Id, Street, City, [State], Country, Postcode) 
	VALUES (303, '1025 Madison Court', 'Hendon', 'Aukland', 'New Zealand', '5849');
INSERT INTO ContactAddress (ContactId, AddressId, AddressType) 
	VALUES (227, 303, 1);
INSERT INTO Contact (Id, GivenName, Surname, ContactType, CreatedDate, LastModifiedDate) 
	VALUES (228, 'Cheyanne', 'Chung', 'Employee', '2018-09-22 04:00:56', '2021-01-02 16:31:07');
INSERT INTO [Address] (Id, Street, City, [State], Country, Postcode) 
	VALUES (304, '893 5th Street', 'Cheltenham', 'Otago', 'New Zealand', '7354');
INSERT INTO ContactAddress (ContactId, AddressId, AddressType) 
	VALUES (228, 304, 1);
INSERT INTO Contact (Id, GivenName, Surname, ContactType, CreatedDate, LastModifiedDate) 
	VALUES (229, 'Mario', 'Dennis', 'Customer', '2020-06-17 13:49:51', '2022-01-20 12:53:22');
INSERT INTO [Address] (Id, Street, City, [State], Country, Postcode) 
	VALUES (305, '808 Linden Avenue', 'Roger Corner', 'New Plymouth', 'New Zealand', '7262');
INSERT INTO ContactAddress (ContactId, AddressId, AddressType) 
	VALUES (229, 305, 1);
INSERT INTO [Address] (Id, Street, City, [State], Country, Postcode) 
		VALUES (306, '795 Somerset Drive', 'North Queenstown', 'Aukland', 'New Zealand', '8669');
INSERT INTO ContactAddress (ContactId, AddressId, AddressType) 
		VALUES (229, 306, 2);
INSERT INTO Contact (Id, GivenName, Surname, ContactType, CreatedDate, LastModifiedDate) 
	VALUES (230, 'Cameron', 'Parker', 'Customer', '2019-09-22 07:59:12', '2021-09-08 07:06:43');
INSERT INTO [Address] (Id, Street, City, [State], Country, Postcode) 
	VALUES (307, '235 South Street', 'Upper Gundowring', 'Nelson', 'New Zealand', '4958');
INSERT INTO ContactAddress (ContactId, AddressId, AddressType) 
	VALUES (230, 307, 1);
INSERT INTO Contact (Id, GivenName, Surname, ContactType, CreatedDate, LastModifiedDate) 
	VALUES (231, 'Kianna', 'Parker', 'Customer', '2022-01-14 05:15:39', '2022-04-17 14:15:53');
INSERT INTO [Address] (Id, Street, City, [State], Country, Postcode) 
	VALUES (308, '1425 Spruce Avenue', 'Stratford', 'New Plymouth', 'New Zealand', '6467');
INSERT INTO ContactAddress (ContactId, AddressId, AddressType) 
	VALUES (231, 308, 1);
INSERT INTO Contact (Id, GivenName, Surname, ContactType, CreatedDate, LastModifiedDate) 
	VALUES (232, 'Gideon', 'Oliver', 'Customer', '2022-11-02 01:55:24', '2023-08-21 10:05:09');
INSERT INTO [Address] (Id, Street, City, [State], Country, Postcode) 
	VALUES (309, '587 Linda Lane', 'Thirlstane', 'New Plymouth', 'New Zealand', '4144');
INSERT INTO ContactAddress (ContactId, AddressId, AddressType) 
	VALUES (232, 309, 1);
INSERT INTO [Address] (Id, Street, City, [State], Country, Postcode) 
		VALUES (310, '1639 Meadow Street', 'Moolerr', 'Catnerbury', 'New Zealand', '1275');
INSERT INTO ContactAddress (ContactId, AddressId, AddressType) 
		VALUES (232, 310, 2);
INSERT INTO Contact (Id, GivenName, Surname, ContactType, CreatedDate, LastModifiedDate) 
	VALUES (233, 'Melany', 'Browning', 'Employee', '2023-02-02 17:15:57', '2023-05-20 22:26:37');
INSERT INTO [Address] (Id, Street, City, [State], Country, Postcode) 
	VALUES (311, '360 Colonial Avenue', 'Hinton', 'Nelson', 'New Zealand', '5695');
INSERT INTO ContactAddress (ContactId, AddressId, AddressType) 
	VALUES (233, 311, 1);
INSERT INTO Contact (Id, GivenName, Surname, ContactType, CreatedDate, LastModifiedDate) 
	VALUES (234, 'Anderson', 'Roman', 'Customer', '2022-03-11 12:37:50', '2022-09-01 12:39:05');
INSERT INTO [Address] (Id, Street, City, [State], Country, Postcode) 
	VALUES (312, '1822 9th Street', 'Kentdale', 'Otago', 'New Zealand', '6037');
INSERT INTO ContactAddress (ContactId, AddressId, AddressType) 
	VALUES (234, 312, 1);
INSERT INTO Contact (Id, GivenName, Surname, ContactType, CreatedDate, LastModifiedDate) 
	VALUES (235, 'Georgia', 'Ramirez', 'Customer', '2021-11-11 01:34:49', '2022-06-19 13:53:45');
INSERT INTO [Address] (Id, Street, City, [State], Country, Postcode) 
	VALUES (313, '1712 Route 2', 'Gembrook North', 'Otago', 'New Zealand', '4684');
INSERT INTO ContactAddress (ContactId, AddressId, AddressType) 
	VALUES (235, 313, 1);
INSERT INTO [Address] (Id, Street, City, [State], Country, Postcode) 
		VALUES (314, '40 Canterbury Road', 'Frances', 'Aukland', 'New Zealand', '8351');
INSERT INTO ContactAddress (ContactId, AddressId, AddressType) 
		VALUES (235, 314, 2);
INSERT INTO Contact (Id, GivenName, Surname, ContactType, CreatedDate, LastModifiedDate) 
	VALUES (236, 'Amy', 'Burgess', 'Customer', '2022-06-21 13:11:00', '2023-12-23 13:34:49');
INSERT INTO [Address] (Id, Street, City, [State], Country, Postcode) 
	VALUES (315, '27 Buttonwood Drive', 'Biddleston', 'New Plymouth', 'New Zealand', '1548');
INSERT INTO ContactAddress (ContactId, AddressId, AddressType) 
	VALUES (236, 315, 1);
INSERT INTO Contact (Id, GivenName, Surname, ContactType, CreatedDate, LastModifiedDate) 
	VALUES (237, 'Lucian', 'Osborn', 'Customer', '2022-06-11 07:57:40', '2022-08-05 02:51:40');
INSERT INTO [Address] (Id, Street, City, [State], Country, Postcode) 
	VALUES (316, '1977 Magnolia Avenue', 'Tabor', 'Catnerbury', 'New Zealand', '5925');
INSERT INTO ContactAddress (ContactId, AddressId, AddressType) 
	VALUES (237, 316, 1);
INSERT INTO Contact (Id, GivenName, Surname, ContactType, CreatedDate, LastModifiedDate) 
	VALUES (238, 'Allen', 'Cherry', 'Customer', '2018-11-16 21:45:25', '2021-10-15 05:42:58');
INSERT INTO [Address] (Id, Street, City, [State], Country, Postcode) 
	VALUES (317, '1275 Chapel Street', 'Killcare', 'Catnerbury', 'New Zealand', '2238');
INSERT INTO ContactAddress (ContactId, AddressId, AddressType) 
	VALUES (238, 317, 1);
INSERT INTO [Address] (Id, Street, City, [State], Country, Postcode) 
		VALUES (318, '1261 Brook Lane', 'Thornton', 'Otago', 'New Zealand', '3676');
INSERT INTO ContactAddress (ContactId, AddressId, AddressType) 
		VALUES (238, 318, 2);
INSERT INTO Contact (Id, GivenName, Surname, ContactType, CreatedDate, LastModifiedDate) 
	VALUES (239, 'Cristina', 'Gates', 'Customer', '2023-08-20 14:09:16', '2023-11-08 10:21:19');
INSERT INTO [Address] (Id, Street, City, [State], Country, Postcode) 
	VALUES (319, '1312 Hamilton Road', 'Nareen', 'Catnerbury', 'New Zealand', '6730');
INSERT INTO ContactAddress (ContactId, AddressId, AddressType) 
	VALUES (239, 319, 1);
INSERT INTO Contact (Id, GivenName, Surname, ContactType, CreatedDate, LastModifiedDate) 
	VALUES (240, 'Nikolai', 'Cooke', 'Customer', '2020-12-08 07:36:32', '2022-04-24 21:43:53');
INSERT INTO [Address] (Id, Street, City, [State], Country, Postcode) 
	VALUES (320, '972 Mulberry Lane', 'Morrisons', 'Aukland', 'New Zealand', '4495');
INSERT INTO ContactAddress (ContactId, AddressId, AddressType) 
	VALUES (240, 320, 1);
INSERT INTO Contact (Id, GivenName, Surname, ContactType, CreatedDate, LastModifiedDate) 
	VALUES (241, 'Leon', 'Cooper', 'Customer', '2022-11-05 15:19:31', '2023-02-27 10:01:23');
INSERT INTO [Address] (Id, Street, City, [State], Country, Postcode) 
	VALUES (321, '265 Crescent Street', 'Reservoir', 'Aukland', 'New Zealand', '4019');
INSERT INTO ContactAddress (ContactId, AddressId, AddressType) 
	VALUES (241, 321, 1);
INSERT INTO [Address] (Id, Street, City, [State], Country, Postcode) 
		VALUES (322, '1216 River Street', 'Aratula', 'South Australia', 'Australia', '6769');
INSERT INTO ContactAddress (ContactId, AddressId, AddressType) 
		VALUES (241, 322, 2);
INSERT INTO Contact (Id, GivenName, Surname, ContactType, CreatedDate, LastModifiedDate) 
	VALUES (242, 'Javion', 'Warner', 'Customer', '2021-09-07 01:19:33', '2023-12-16 04:51:40');
INSERT INTO [Address] (Id, Street, City, [State], Country, Postcode) 
	VALUES (323, '440 Aspen Drive', 'Tibooburra', 'Aukland', 'New Zealand', '4655');
INSERT INTO ContactAddress (ContactId, AddressId, AddressType) 
	VALUES (242, 323, 1);
INSERT INTO Contact (Id, GivenName, Surname, ContactType, CreatedDate, LastModifiedDate) 
	VALUES (243, 'Finnegan', 'Baldwin', 'Customer', '2021-06-30 09:42:06', '2022-10-14 01:48:49');
INSERT INTO [Address] (Id, Street, City, [State], Country, Postcode) 
	VALUES (324, '122 Harrison Avenue', 'New Town', 'Northern Territory', 'Australia', '4018');
INSERT INTO ContactAddress (ContactId, AddressId, AddressType) 
	VALUES (243, 324, 1);
INSERT INTO Contact (Id, GivenName, Surname, ContactType, CreatedDate, LastModifiedDate) 
	VALUES (244, 'America', 'Harvey', 'Supplier', '2019-10-13 07:42:05', '2021-01-15 21:19:43');
INSERT INTO [Address] (Id, Street, City, [State], Country, Postcode) 
	VALUES (325, '546 7th Street', 'Gowangardie', 'New Plymouth', 'New Zealand', '1305');
INSERT INTO ContactAddress (ContactId, AddressId, AddressType) 
	VALUES (244, 325, 1);
INSERT INTO [Address] (Id, Street, City, [State], Country, Postcode) 
		VALUES (326, '161 Hickory Lane', 'Stalker', 'Wellington', 'New Zealand', '5879');
INSERT INTO ContactAddress (ContactId, AddressId, AddressType) 
		VALUES (244, 326, 2);
INSERT INTO Contact (Id, GivenName, Surname, ContactType, CreatedDate, LastModifiedDate) 
	VALUES (245, 'Marvin', 'Henderson', 'Supplier', '2022-12-10 12:04:14', '2023-02-26 10:36:25');
INSERT INTO [Address] (Id, Street, City, [State], Country, Postcode) 
	VALUES (327, '1968 Lafayette Avenue', 'Bendigo', 'Otago', 'New Zealand', '8390');
INSERT INTO ContactAddress (ContactId, AddressId, AddressType) 
	VALUES (245, 327, 1);
INSERT INTO Contact (Id, GivenName, Surname, ContactType, CreatedDate, LastModifiedDate) 
	VALUES (246, 'Augustus', 'Brooks', 'Customer', '2023-04-07 14:08:13', '2024-01-24 12:56:15');
INSERT INTO [Address] (Id, Street, City, [State], Country, Postcode) 
	VALUES (328, '1815 Fieldstone Drive', 'Kanyan', 'Aukland', 'New Zealand', '3168');
INSERT INTO ContactAddress (ContactId, AddressId, AddressType) 
	VALUES (246, 328, 1);
INSERT INTO Contact (Id, GivenName, Surname, ContactType, CreatedDate, LastModifiedDate) 
	VALUES (247, 'Rayne', 'Crane', 'Customer', '2021-02-16 09:27:16', '2022-02-25 07:20:21');
INSERT INTO [Address] (Id, Street, City, [State], Country, Postcode) 
	VALUES (329, '1383 King Street', 'Lumeah', 'New Plymouth', 'New Zealand', '6252');
INSERT INTO ContactAddress (ContactId, AddressId, AddressType) 
	VALUES (247, 329, 1);
INSERT INTO [Address] (Id, Street, City, [State], Country, Postcode) 
		VALUES (330, '67 Route 2', 'Naturi', 'Wellington', 'New Zealand', '7182');
INSERT INTO ContactAddress (ContactId, AddressId, AddressType) 
		VALUES (247, 330, 2);
INSERT INTO Contact (Id, GivenName, Surname, ContactType, CreatedDate, LastModifiedDate) 
	VALUES (248, 'Cale', 'Grimes', 'Customer', '2018-09-13 09:09:30', '2022-12-29 06:42:32');
INSERT INTO [Address] (Id, Street, City, [State], Country, Postcode) 
	VALUES (331, '1230 Ridge Street', 'Malbina', 'Catnerbury', 'New Zealand', '7060');
INSERT INTO ContactAddress (ContactId, AddressId, AddressType) 
	VALUES (248, 331, 1);
INSERT INTO Contact (Id, GivenName, Surname, ContactType, CreatedDate, LastModifiedDate) 
	VALUES (249, 'Ayden', 'Costa', 'Customer', '2023-06-07 01:42:29', '2023-12-25 02:28:07');
INSERT INTO [Address] (Id, Street, City, [State], Country, Postcode) 
	VALUES (332, '690 Winding Way', 'Miriam Vale', 'Otago', 'New Zealand', '7384');
INSERT INTO ContactAddress (ContactId, AddressId, AddressType) 
	VALUES (249, 332, 1);
INSERT INTO Contact (Id, GivenName, Surname, ContactType, CreatedDate, LastModifiedDate) 
	VALUES (250, 'Myla', 'Monroe', 'Customer', '2019-03-19 02:34:16', '2020-04-27 10:18:00');
INSERT INTO [Address] (Id, Street, City, [State], Country, Postcode) 
	VALUES (333, '966 Front Street North', 'Juradine', 'Wellington', 'New Zealand', '3237');
INSERT INTO ContactAddress (ContactId, AddressId, AddressType) 
	VALUES (250, 333, 1);
INSERT INTO [Address] (Id, Street, City, [State], Country, Postcode) 
		VALUES (334, '849 York Road', 'Bradshaws Creek', 'Nelson', 'New Zealand', '7743');
INSERT INTO ContactAddress (ContactId, AddressId, AddressType) 
		VALUES (250, 334, 2);
INSERT INTO Contact (Id, GivenName, Surname, ContactType, CreatedDate, LastModifiedDate) 
	VALUES (251, 'Jordyn', 'Wilcox', 'Customer', '2021-09-23 22:10:39', '2022-04-12 01:32:35');
INSERT INTO [Address] (Id, Street, City, [State], Country, Postcode) 
	VALUES (335, '452 Pleasant Street', 'Red Banks', 'New Plymouth', 'New Zealand', '2508');
INSERT INTO ContactAddress (ContactId, AddressId, AddressType) 
	VALUES (251, 335, 1);
INSERT INTO Contact (Id, GivenName, Surname, ContactType, CreatedDate, LastModifiedDate) 
	VALUES (252, 'Leon', 'Alvarado', 'Customer', '2019-02-18 04:15:04', '2023-03-03 09:17:15');
INSERT INTO [Address] (Id, Street, City, [State], Country, Postcode) 
	VALUES (336, '561 Church Street North', 'Sussex Mill', 'New Plymouth', 'New Zealand', '7088');
INSERT INTO ContactAddress (ContactId, AddressId, AddressType) 
	VALUES (252, 336, 1);
INSERT INTO Contact (Id, GivenName, Surname, ContactType, CreatedDate, LastModifiedDate) 
	VALUES (253, 'Lila', 'Ramos', 'Customer', '2018-09-26 19:12:24', '2022-04-22 12:19:20');
INSERT INTO [Address] (Id, Street, City, [State], Country, Postcode) 
	VALUES (337, '320 Shady Lane', 'Crossman', 'Catnerbury', 'New Zealand', '2646');
INSERT INTO ContactAddress (ContactId, AddressId, AddressType) 
	VALUES (253, 337, 1);
INSERT INTO [Address] (Id, Street, City, [State], Country, Postcode) 
		VALUES (338, '1429 York Road', 'Nillahcootie', 'Nelson', 'New Zealand', '1760');
INSERT INTO ContactAddress (ContactId, AddressId, AddressType) 
		VALUES (253, 338, 2);
INSERT INTO Contact (Id, GivenName, Surname, ContactType, CreatedDate, LastModifiedDate) 
	VALUES (254, 'Ezekiel', 'Shields', 'Supplier', '2023-11-14 01:03:47', '2024-01-13 12:47:57');
INSERT INTO [Address] (Id, Street, City, [State], Country, Postcode) 
	VALUES (339, '1443 Lexington Drive', 'Duntroon', 'Otago', 'New Zealand', '1863');
INSERT INTO ContactAddress (ContactId, AddressId, AddressType) 
	VALUES (254, 339, 1);
INSERT INTO Contact (Id, GivenName, Surname, ContactType, CreatedDate, LastModifiedDate) 
	VALUES (255, 'Madden', 'Kaiser', 'Customer', '2019-08-01 06:37:02', '2019-08-10 15:19:08');
INSERT INTO [Address] (Id, Street, City, [State], Country, Postcode) 
	VALUES (340, '1190 Mulberry Court', 'Boorindal', 'Aukland', 'New Zealand', '3680');
INSERT INTO ContactAddress (ContactId, AddressId, AddressType) 
	VALUES (255, 340, 1);
INSERT INTO Contact (Id, GivenName, Surname, ContactType, CreatedDate, LastModifiedDate) 
	VALUES (256, 'Chloe', 'Richards', 'Customer', '2023-02-14 16:51:10', '2023-05-09 19:16:39');
INSERT INTO [Address] (Id, Street, City, [State], Country, Postcode) 
	VALUES (341, '848 Park Drive', 'Nyngan', 'Aukland', 'New Zealand', '3622');
INSERT INTO ContactAddress (ContactId, AddressId, AddressType) 
	VALUES (256, 341, 1);
INSERT INTO [Address] (Id, Street, City, [State], Country, Postcode) 
		VALUES (342, '966 Washington Street', 'Temma', 'Aukland', 'New Zealand', '8763');
INSERT INTO ContactAddress (ContactId, AddressId, AddressType) 
		VALUES (256, 342, 2);
INSERT INTO Contact (Id, GivenName, Surname, ContactType, CreatedDate, LastModifiedDate) 
	VALUES (257, 'Hector', 'Martinez', 'Other', '2022-09-17 18:26:30', '2023-10-19 04:41:52');
INSERT INTO [Address] (Id, Street, City, [State], Country, Postcode) 
	VALUES (343, '496 Railroad Avenue', 'Tarraleah', 'New Plymouth', 'New Zealand', '2548');
INSERT INTO ContactAddress (ContactId, AddressId, AddressType) 
	VALUES (257, 343, 1);
INSERT INTO Contact (Id, GivenName, Surname, ContactType, CreatedDate, LastModifiedDate) 
	VALUES (258, 'Reynaldo', 'Poole', 'Supplier', '2021-04-03 11:13:11', '2023-03-11 08:50:23');
INSERT INTO [Address] (Id, Street, City, [State], Country, Postcode) 
	VALUES (344, '131 Bridle Court', 'Coogee', 'New Plymouth', 'New Zealand', '8293');
INSERT INTO ContactAddress (ContactId, AddressId, AddressType) 
	VALUES (258, 344, 1);
INSERT INTO Contact (Id, GivenName, Surname, ContactType, CreatedDate, LastModifiedDate) 
	VALUES (259, 'Jewel', 'Olson', 'Customer', '2018-12-24 00:38:57', '2020-02-23 00:58:38');
INSERT INTO [Address] (Id, Street, City, [State], Country, Postcode) 
	VALUES (345, '1222 Division Street', 'Missingham', 'Catnerbury', 'New Zealand', '5533');
INSERT INTO ContactAddress (ContactId, AddressId, AddressType) 
	VALUES (259, 345, 1);
INSERT INTO [Address] (Id, Street, City, [State], Country, Postcode) 
		VALUES (346, '552 Route 1', 'Ernest Junction', 'Wellington', 'New Zealand', '7318');
INSERT INTO ContactAddress (ContactId, AddressId, AddressType) 
		VALUES (259, 346, 2);
INSERT INTO Contact (Id, GivenName, Surname, ContactType, CreatedDate, LastModifiedDate) 
	VALUES (260, 'Josephine', 'Scott', 'Supplier', '2019-07-31 03:38:55', '2023-03-03 01:59:21');
INSERT INTO [Address] (Id, Street, City, [State], Country, Postcode) 
	VALUES (347, '1463 Lincoln Street', 'Dinmore', 'Aukland', 'New Zealand', '8891');
INSERT INTO ContactAddress (ContactId, AddressId, AddressType) 
	VALUES (260, 347, 1);
INSERT INTO Contact (Id, GivenName, Surname, ContactType, CreatedDate, LastModifiedDate) 
	VALUES (261, 'Anderson', 'Acosta', 'Customer', '2021-03-12 05:51:15', '2023-12-23 08:51:57');
INSERT INTO [Address] (Id, Street, City, [State], Country, Postcode) 
	VALUES (348, '1100 Cherry Street', 'Dinmont', 'New Plymouth', 'New Zealand', '3252');
INSERT INTO ContactAddress (ContactId, AddressId, AddressType) 
	VALUES (261, 348, 1);
INSERT INTO Contact (Id, GivenName, Surname, ContactType, CreatedDate, LastModifiedDate) 
	VALUES (262, 'Janiya', 'Andrews', 'Customer', '2024-01-10 18:40:08', '2024-01-12 20:43:48');
INSERT INTO [Address] (Id, Street, City, [State], Country, Postcode) 
	VALUES (349, '1213 Linden Street', 'Chute', 'Catnerbury', 'New Zealand', '4937');
INSERT INTO ContactAddress (ContactId, AddressId, AddressType) 
	VALUES (262, 349, 1);
INSERT INTO [Address] (Id, Street, City, [State], Country, Postcode) 
		VALUES (350, '1524 Arch Street', 'Whitton', 'Nelson', 'New Zealand', '3310');
INSERT INTO ContactAddress (ContactId, AddressId, AddressType) 
		VALUES (262, 350, 2);
INSERT INTO Contact (Id, GivenName, Surname, ContactType, CreatedDate, LastModifiedDate) 
	VALUES (263, 'Jayden', 'Bullock', 'Employee', '2021-05-01 02:36:19', '2023-07-06 19:47:14');
INSERT INTO [Address] (Id, Street, City, [State], Country, Postcode) 
	VALUES (351, '1427 Mulberry Court', 'Coreen', 'Otago', 'New Zealand', '3779');
INSERT INTO ContactAddress (ContactId, AddressId, AddressType) 
	VALUES (263, 351, 1);
INSERT INTO Contact (Id, GivenName, Surname, ContactType, CreatedDate, LastModifiedDate) 
	VALUES (264, 'Jordan', 'Mooney', 'Customer', '2022-06-04 16:42:00', '2023-08-22 07:45:49');
INSERT INTO [Address] (Id, Street, City, [State], Country, Postcode) 
	VALUES (352, '526 Berkshire Drive', 'Yarto', 'Catnerbury', 'New Zealand', '5989');
INSERT INTO ContactAddress (ContactId, AddressId, AddressType) 
	VALUES (264, 352, 1);
INSERT INTO Contact (Id, GivenName, Surname, ContactType, CreatedDate, LastModifiedDate) 
	VALUES (265, 'Sharon', 'Melendez', 'Customer', '2019-01-01 06:11:35', '2023-12-06 15:44:19');
INSERT INTO [Address] (Id, Street, City, [State], Country, Postcode) 
	VALUES (353, '518 Church Road', 'Tawonga', 'Wellington', 'New Zealand', '3358');
INSERT INTO ContactAddress (ContactId, AddressId, AddressType) 
	VALUES (265, 353, 1);
INSERT INTO [Address] (Id, Street, City, [State], Country, Postcode) 
		VALUES (354, '355 Schoolhouse Lane', 'Hollow Tree', 'Catnerbury', 'New Zealand', '2121');
INSERT INTO ContactAddress (ContactId, AddressId, AddressType) 
		VALUES (265, 354, 2);
INSERT INTO Contact (Id, GivenName, Surname, ContactType, CreatedDate, LastModifiedDate) 
	VALUES (266, 'Tanner', 'Daugherty', 'Customer', '2020-05-05 11:54:05', '2021-02-05 15:55:23');
INSERT INTO [Address] (Id, Street, City, [State], Country, Postcode) 
	VALUES (355, '51 Grant Avenue', 'Bendigo', 'Otago', 'New Zealand', '6821');
INSERT INTO ContactAddress (ContactId, AddressId, AddressType) 
	VALUES (266, 355, 1);
INSERT INTO Contact (Id, GivenName, Surname, ContactType, CreatedDate, LastModifiedDate) 
	VALUES (267, 'Marcos', 'Beard', 'Customer', '2022-09-26 00:31:13', '2023-02-27 14:40:47');
INSERT INTO [Address] (Id, Street, City, [State], Country, Postcode) 
	VALUES (356, '598 Water Street', 'Yowrie', 'Aukland', 'New Zealand', '3252');
INSERT INTO ContactAddress (ContactId, AddressId, AddressType) 
	VALUES (267, 356, 1);
INSERT INTO Contact (Id, GivenName, Surname, ContactType, CreatedDate, LastModifiedDate) 
	VALUES (268, 'Antony', 'Bauer', 'Customer', '2019-06-07 05:41:54', '2020-04-29 14:45:40');
INSERT INTO [Address] (Id, Street, City, [State], Country, Postcode) 
	VALUES (357, '370 Queen Street', 'Clyde', 'Otago', 'New Zealand', '8932');
INSERT INTO ContactAddress (ContactId, AddressId, AddressType) 
	VALUES (268, 357, 1);
INSERT INTO [Address] (Id, Street, City, [State], Country, Postcode) 
		VALUES (358, '1849 Prospect Street', 'Greigs Flat', 'Aukland', 'New Zealand', '3862');
INSERT INTO ContactAddress (ContactId, AddressId, AddressType) 
		VALUES (268, 358, 2);
INSERT INTO Contact (Id, GivenName, Surname, ContactType, CreatedDate, LastModifiedDate) 
	VALUES (269, 'Elizabeth', 'Gill', 'Customer', '2019-09-06 21:01:58', '2019-09-17 20:25:55');
INSERT INTO [Address] (Id, Street, City, [State], Country, Postcode) 
	VALUES (359, '952 Route 32', 'Sussex Mill', 'Aukland', 'New Zealand', '4937');
INSERT INTO ContactAddress (ContactId, AddressId, AddressType) 
	VALUES (269, 359, 1);
INSERT INTO Contact (Id, GivenName, Surname, ContactType, CreatedDate, LastModifiedDate) 
	VALUES (270, 'Malcolm', 'Odonnell', 'Customer', '2022-07-17 12:45:06', '2022-12-25 12:40:30');
INSERT INTO [Address] (Id, Street, City, [State], Country, Postcode) 
	VALUES (360, '203 Route 41', 'Yarck', 'Victoria', 'Australia', '4576');
INSERT INTO ContactAddress (ContactId, AddressId, AddressType) 
	VALUES (270, 360, 1);
INSERT INTO Contact (Id, GivenName, Surname, ContactType, CreatedDate, LastModifiedDate) 
	VALUES (271, 'Casey', 'Joyce', 'Employee', '2021-09-04 05:10:24', '2023-03-05 21:51:02');
INSERT INTO [Address] (Id, Street, City, [State], Country, Postcode) 
	VALUES (361, '979 Maple Avenue', 'Tarraleah', 'Catnerbury', 'New Zealand', '3683');
INSERT INTO ContactAddress (ContactId, AddressId, AddressType) 
	VALUES (271, 361, 1);
INSERT INTO [Address] (Id, Street, City, [State], Country, Postcode) 
		VALUES (362, '1925 Windsor Drive', 'Yatina', 'New Plymouth', 'New Zealand', '8649');
INSERT INTO ContactAddress (ContactId, AddressId, AddressType) 
		VALUES (271, 362, 2);
INSERT INTO Contact (Id, GivenName, Surname, ContactType, CreatedDate, LastModifiedDate) 
	VALUES (272, 'Naomi', 'Melendez', 'Customer', '2022-05-09 17:24:48', '2022-10-05 18:21:05');
INSERT INTO [Address] (Id, Street, City, [State], Country, Postcode) 
	VALUES (363, '1728 Lafayette Avenue', 'Ridgley', 'Catnerbury', 'New Zealand', '2598');
INSERT INTO ContactAddress (ContactId, AddressId, AddressType) 
	VALUES (272, 363, 1);
INSERT INTO Contact (Id, GivenName, Surname, ContactType, CreatedDate, LastModifiedDate) 
	VALUES (273, 'Jessie', 'Ferguson', 'Supplier', '2019-06-28 17:34:30', '2023-12-08 13:56:13');
INSERT INTO [Address] (Id, Street, City, [State], Country, Postcode) 
	VALUES (364, '1516 Chestnut Street', 'Blake', 'Aukland', 'New Zealand', '7502');
INSERT INTO ContactAddress (ContactId, AddressId, AddressType) 
	VALUES (273, 364, 1);
INSERT INTO Contact (Id, GivenName, Surname, ContactType, CreatedDate, LastModifiedDate) 
	VALUES (274, 'Amare', 'Mcguire', 'Employee', '2022-12-22 23:48:30', '2023-08-29 05:03:49');
INSERT INTO [Address] (Id, Street, City, [State], Country, Postcode) 
	VALUES (365, '406 Magnolia Court', 'North Queenstown', 'Wellington', 'New Zealand', '7329');
INSERT INTO ContactAddress (ContactId, AddressId, AddressType) 
	VALUES (274, 365, 1);
INSERT INTO [Address] (Id, Street, City, [State], Country, Postcode) 
		VALUES (366, '1019 Hudson Street', 'Leeton', 'Nelson', 'New Zealand', '1061');
INSERT INTO ContactAddress (ContactId, AddressId, AddressType) 
		VALUES (274, 366, 2);
INSERT INTO Contact (Id, GivenName, Surname, ContactType, CreatedDate, LastModifiedDate) 
	VALUES (275, 'Lesly', 'Love', 'Employee', '2022-10-09 02:51:05', '2023-10-15 22:05:26');
INSERT INTO [Address] (Id, Street, City, [State], Country, Postcode) 
	VALUES (367, '691 New Street', 'Laidley', 'Catnerbury', 'New Zealand', '1983');
INSERT INTO ContactAddress (ContactId, AddressId, AddressType) 
	VALUES (275, 367, 1);
INSERT INTO Contact (Id, GivenName, Surname, ContactType, CreatedDate, LastModifiedDate) 
	VALUES (276, 'Leila', 'Williams', 'Customer', '2019-11-19 22:43:59', '2023-11-19 19:54:14');
INSERT INTO [Address] (Id, Street, City, [State], Country, Postcode) 
	VALUES (368, '705 Jefferson Street', 'Rookhurst', 'Nelson', 'New Zealand', '7132');
INSERT INTO ContactAddress (ContactId, AddressId, AddressType) 
	VALUES (276, 368, 1);
INSERT INTO Contact (Id, GivenName, Surname, ContactType, CreatedDate, LastModifiedDate) 
	VALUES (277, 'Shirley', 'Webb', 'Customer', '2019-07-18 12:38:44', '2021-10-26 11:04:21');
INSERT INTO [Address] (Id, Street, City, [State], Country, Postcode) 
	VALUES (369, '353 Spruce Street', 'Mount Whitfield', 'Otago', 'New Zealand', '1106');
INSERT INTO ContactAddress (ContactId, AddressId, AddressType) 
	VALUES (277, 369, 1);
INSERT INTO [Address] (Id, Street, City, [State], Country, Postcode) 
		VALUES (370, '176 Oxford Court', 'Huon Valley', 'Catnerbury', 'New Zealand', '5622');
INSERT INTO ContactAddress (ContactId, AddressId, AddressType) 
		VALUES (277, 370, 2);
INSERT INTO Contact (Id, GivenName, Surname, ContactType, CreatedDate, LastModifiedDate) 
	VALUES (278, 'Susan', 'Owens', 'Customer', '2023-08-21 14:05:39', '2023-11-20 12:22:49');
INSERT INTO [Address] (Id, Street, City, [State], Country, Postcode) 
	VALUES (371, '972 Cardinal Drive', 'Tarraleah', 'Otago', 'New Zealand', '5080');
INSERT INTO ContactAddress (ContactId, AddressId, AddressType) 
	VALUES (278, 371, 1);
INSERT INTO Contact (Id, GivenName, Surname, ContactType, CreatedDate, LastModifiedDate) 
	VALUES (279, 'Micheal', 'Hull', 'Customer', '2023-11-18 18:03:52', '2024-01-26 18:09:55');
INSERT INTO [Address] (Id, Street, City, [State], Country, Postcode) 
	VALUES (372, '1268 Route 27', 'Crab Tree Station', 'New Plymouth', 'New Zealand', '4511');
INSERT INTO ContactAddress (ContactId, AddressId, AddressType) 
	VALUES (279, 372, 1);
INSERT INTO Contact (Id, GivenName, Surname, ContactType, CreatedDate, LastModifiedDate) 
	VALUES (280, 'Aliya', 'Ingram', 'Customer', '2019-12-06 05:41:03', '2020-05-23 21:42:56');
INSERT INTO [Address] (Id, Street, City, [State], Country, Postcode) 
	VALUES (373, '1306 Main Street West', 'Kialla East', 'Wellington', 'New Zealand', '5510');
INSERT INTO ContactAddress (ContactId, AddressId, AddressType) 
	VALUES (280, 373, 1);
INSERT INTO [Address] (Id, Street, City, [State], Country, Postcode) 
		VALUES (374, '1874 Hamilton Road', 'Bowen', 'Wellington', 'New Zealand', '1929');
INSERT INTO ContactAddress (ContactId, AddressId, AddressType) 
		VALUES (280, 374, 2);
INSERT INTO Contact (Id, GivenName, Surname, ContactType, CreatedDate, LastModifiedDate) 
	VALUES (281, 'Markus', 'Barron', 'Customer', '2023-10-06 12:06:47', '2023-10-26 06:16:14');
INSERT INTO [Address] (Id, Street, City, [State], Country, Postcode) 
	VALUES (375, '1751 5th Street', 'Arrawarra', 'Aukland', 'New Zealand', '7358');
INSERT INTO ContactAddress (ContactId, AddressId, AddressType) 
	VALUES (281, 375, 1);
INSERT INTO Contact (Id, GivenName, Surname, ContactType, CreatedDate, LastModifiedDate) 
	VALUES (282, 'Joaquin', 'Chase', 'Customer', '2021-06-10 23:32:09', '2023-05-07 16:17:59');
INSERT INTO [Address] (Id, Street, City, [State], Country, Postcode) 
	VALUES (376, '1646 Orange Street', 'Beulah', 'Nelson', 'New Zealand', '7033');
INSERT INTO ContactAddress (ContactId, AddressId, AddressType) 
	VALUES (282, 376, 1);
INSERT INTO Contact (Id, GivenName, Surname, ContactType, CreatedDate, LastModifiedDate) 
	VALUES (283, 'Maia', 'Costa', 'Customer', '2019-07-17 06:49:48', '2022-01-08 03:15:14');
INSERT INTO [Address] (Id, Street, City, [State], Country, Postcode) 
	VALUES (377, '147 Overlook Circle', 'Hampshire', 'Otago', 'New Zealand', '2827');
INSERT INTO ContactAddress (ContactId, AddressId, AddressType) 
	VALUES (283, 377, 1);
INSERT INTO [Address] (Id, Street, City, [State], Country, Postcode) 
		VALUES (378, '615 Forest Avenue', 'Rutherglen', 'Otago', 'New Zealand', '2470');
INSERT INTO ContactAddress (ContactId, AddressId, AddressType) 
		VALUES (283, 378, 2);
INSERT INTO Contact (Id, GivenName, Surname, ContactType, CreatedDate, LastModifiedDate) 
	VALUES (284, 'Judah', 'Blair', 'Customer', '2020-02-08 03:09:39', '2023-05-02 19:20:35');
INSERT INTO [Address] (Id, Street, City, [State], Country, Postcode) 
	VALUES (379, '268 North Street', 'Cheltenham', 'Wellington', 'New Zealand', '5396');
INSERT INTO ContactAddress (ContactId, AddressId, AddressType) 
	VALUES (284, 379, 1);
INSERT INTO Contact (Id, GivenName, Surname, ContactType, CreatedDate, LastModifiedDate) 
	VALUES (285, 'Yazmin', 'Banks', 'Customer', '2022-03-04 16:46:45', '2022-05-21 16:59:30');
INSERT INTO [Address] (Id, Street, City, [State], Country, Postcode) 
	VALUES (380, '1216 Maple Street', 'Eton', 'Catnerbury', 'New Zealand', '8505');
INSERT INTO ContactAddress (ContactId, AddressId, AddressType) 
	VALUES (285, 380, 1);
INSERT INTO Contact (Id, GivenName, Surname, ContactType, CreatedDate, LastModifiedDate) 
	VALUES (286, 'Scarlet', 'Curtis', 'Supplier', '2023-02-28 08:49:07', '2024-01-13 10:30:03');
INSERT INTO [Address] (Id, Street, City, [State], Country, Postcode) 
	VALUES (381, '1868 Inverness Drive', 'Ilbilbie', 'New Plymouth', 'New Zealand', '6169');
INSERT INTO ContactAddress (ContactId, AddressId, AddressType) 
	VALUES (286, 381, 1);
INSERT INTO [Address] (Id, Street, City, [State], Country, Postcode) 
		VALUES (382, '690 Fulton Street', 'Talbotville', 'Aukland', 'New Zealand', '6667');
INSERT INTO ContactAddress (ContactId, AddressId, AddressType) 
		VALUES (286, 382, 2);
INSERT INTO Contact (Id, GivenName, Surname, ContactType, CreatedDate, LastModifiedDate) 
	VALUES (287, 'Reina', 'Chambers', 'Customer', '2022-10-02 05:44:50', '2023-12-20 13:15:04');
INSERT INTO [Address] (Id, Street, City, [State], Country, Postcode) 
	VALUES (383, '1787 Colonial Drive', 'Frances', 'Wellington', 'New Zealand', '8857');
INSERT INTO ContactAddress (ContactId, AddressId, AddressType) 
	VALUES (287, 383, 1);
INSERT INTO Contact (Id, GivenName, Surname, ContactType, CreatedDate, LastModifiedDate) 
	VALUES (288, 'Antonio', 'Forbes', 'Supplier', '2023-10-29 03:36:23', '2024-01-01 20:31:30');
INSERT INTO [Address] (Id, Street, City, [State], Country, Postcode) 
	VALUES (384, '1609 Pheasant Run', 'Bendoc', 'Catnerbury', 'New Zealand', '7095');
INSERT INTO ContactAddress (ContactId, AddressId, AddressType) 
	VALUES (288, 384, 1);
INSERT INTO Contact (Id, GivenName, Surname, ContactType, CreatedDate, LastModifiedDate) 
	VALUES (289, 'Randall', 'Cisneros', 'Customer', '2018-08-26 04:10:39', '2023-11-08 13:42:51');
INSERT INTO [Address] (Id, Street, City, [State], Country, Postcode) 
	VALUES (385, '680 Delaware Avenue', 'Lyndhurst', 'Nelson', 'New Zealand', '8806');
INSERT INTO ContactAddress (ContactId, AddressId, AddressType) 
	VALUES (289, 385, 1);
INSERT INTO [Address] (Id, Street, City, [State], Country, Postcode) 
		VALUES (386, '1901 Route 27', 'Lillian Rock', 'Wellington', 'New Zealand', '3863');
INSERT INTO ContactAddress (ContactId, AddressId, AddressType) 
		VALUES (289, 386, 2);
INSERT INTO Contact (Id, GivenName, Surname, ContactType, CreatedDate, LastModifiedDate) 
	VALUES (290, 'Raegan', 'Clay', 'Customer', '2020-09-27 05:53:44', '2022-10-08 18:47:49');
INSERT INTO [Address] (Id, Street, City, [State], Country, Postcode) 
	VALUES (387, '1082 2nd Street North', 'Wall Flat', 'Aukland', 'New Zealand', '8802');
INSERT INTO ContactAddress (ContactId, AddressId, AddressType) 
	VALUES (290, 387, 1);
INSERT INTO Contact (Id, GivenName, Surname, ContactType, CreatedDate, LastModifiedDate) 
	VALUES (291, 'Colten', 'Hayes', 'Customer', '2023-06-28 23:07:08', '2023-12-14 02:23:09');
INSERT INTO [Address] (Id, Street, City, [State], Country, Postcode) 
	VALUES (388, '1263 3rd Street', 'Carrolup', 'Aukland', 'New Zealand', '8956');
INSERT INTO ContactAddress (ContactId, AddressId, AddressType) 
	VALUES (291, 388, 1);
INSERT INTO Contact (Id, GivenName, Surname, ContactType, CreatedDate, LastModifiedDate) 
	VALUES (292, 'Ayanna', 'Clay', 'Customer', '2021-12-18 14:45:40', '2023-08-05 10:32:06');
INSERT INTO [Address] (Id, Street, City, [State], Country, Postcode) 
	VALUES (389, '1638 State Street', 'Onkaparinga', 'Catnerbury', 'New Zealand', '6214');
INSERT INTO ContactAddress (ContactId, AddressId, AddressType) 
	VALUES (292, 389, 1);
INSERT INTO [Address] (Id, Street, City, [State], Country, Postcode) 
		VALUES (390, '897 Jefferson Avenue', 'Dinmont', 'Aukland', 'New Zealand', '3940');
INSERT INTO ContactAddress (ContactId, AddressId, AddressType) 
		VALUES (292, 390, 2);
INSERT INTO Contact (Id, GivenName, Surname, ContactType, CreatedDate, LastModifiedDate) 
	VALUES (293, 'Emely', 'Riddle', 'Customer', '2020-07-01 05:27:14', '2021-07-27 02:51:05');
INSERT INTO [Address] (Id, Street, City, [State], Country, Postcode) 
	VALUES (391, '90 West Avenue', 'Monga', 'Otago', 'New Zealand', '1664');
INSERT INTO ContactAddress (ContactId, AddressId, AddressType) 
	VALUES (293, 391, 1);
INSERT INTO Contact (Id, GivenName, Surname, ContactType, CreatedDate, LastModifiedDate) 
	VALUES (294, 'Isabelle', 'Mueller', 'Customer', '2023-07-22 08:56:09', '2023-11-22 18:49:42');
INSERT INTO [Address] (Id, Street, City, [State], Country, Postcode) 
	VALUES (392, '256 1st Street', 'Kinka', 'Catnerbury', 'New Zealand', '2679');
INSERT INTO ContactAddress (ContactId, AddressId, AddressType) 
	VALUES (294, 392, 1);
INSERT INTO Contact (Id, GivenName, Surname, ContactType, CreatedDate, LastModifiedDate) 
	VALUES (295, 'Jordyn', 'Ellison', 'Employee', '2020-06-25 16:32:38', '2023-05-19 05:14:55');
INSERT INTO [Address] (Id, Street, City, [State], Country, Postcode) 
	VALUES (393, '1577 Mechanic Street', 'Baladjie', 'Catnerbury', 'New Zealand', '3486');
INSERT INTO ContactAddress (ContactId, AddressId, AddressType) 
	VALUES (295, 393, 1);
INSERT INTO [Address] (Id, Street, City, [State], Country, Postcode) 
		VALUES (394, '97 Pennsylvania Avenue', 'Ross River', 'Wellington', 'New Zealand', '1598');
INSERT INTO ContactAddress (ContactId, AddressId, AddressType) 
		VALUES (295, 394, 2);
INSERT INTO Contact (Id, GivenName, Surname, ContactType, CreatedDate, LastModifiedDate) 
	VALUES (296, 'Dalia', 'Copeland', 'Customer', '2020-11-23 10:40:58', '2021-04-16 09:19:42');
INSERT INTO [Address] (Id, Street, City, [State], Country, Postcode) 
	VALUES (395, '1974 Buttonwood Drive', 'Congo Park', 'Catnerbury', 'New Zealand', '8182');
INSERT INTO ContactAddress (ContactId, AddressId, AddressType) 
	VALUES (296, 395, 1);
INSERT INTO Contact (Id, GivenName, Surname, ContactType, CreatedDate, LastModifiedDate) 
	VALUES (297, 'Janelle', 'Conway', 'Customer', '2023-07-08 08:09:59', '2023-08-28 07:20:27');
INSERT INTO [Address] (Id, Street, City, [State], Country, Postcode) 
	VALUES (396, '1188 West Avenue', 'Blake', 'Victoria', 'Australia', '4520');
INSERT INTO ContactAddress (ContactId, AddressId, AddressType) 
	VALUES (297, 396, 1);
INSERT INTO Contact (Id, GivenName, Surname, ContactType, CreatedDate, LastModifiedDate) 
	VALUES (298, 'Ashlyn', 'Peters', 'Customer', '2023-07-04 17:02:25', '2023-11-01 19:46:15');
INSERT INTO [Address] (Id, Street, City, [State], Country, Postcode) 
	VALUES (397, '1807 Linda Lane', 'Caramut', 'Otago', 'New Zealand', '4434');
INSERT INTO ContactAddress (ContactId, AddressId, AddressType) 
	VALUES (298, 397, 1);
INSERT INTO [Address] (Id, Street, City, [State], Country, Postcode) 
		VALUES (398, '833 Roberts Road', 'Torquay', 'Nelson', 'New Zealand', '4649');
INSERT INTO ContactAddress (ContactId, AddressId, AddressType) 
		VALUES (298, 398, 2);
INSERT INTO Contact (Id, GivenName, Surname, ContactType, CreatedDate, LastModifiedDate) 
	VALUES (299, 'Finley', 'Buckley', 'Customer', '2022-07-10 16:24:57', '2023-06-05 19:36:02');
INSERT INTO [Address] (Id, Street, City, [State], Country, Postcode) 
	VALUES (399, '364 Holly Court', 'My-yon', 'Otago', 'New Zealand', '1418');
INSERT INTO ContactAddress (ContactId, AddressId, AddressType) 
	VALUES (299, 399, 1);
INSERT INTO Contact (Id, GivenName, Surname, ContactType, CreatedDate, LastModifiedDate) 
	VALUES (300, 'Jenna', 'Zhang', 'Customer', '2019-04-03 03:55:09', '2023-04-05 02:01:09');
INSERT INTO [Address] (Id, Street, City, [State], Country, Postcode) 
	VALUES (400, '121 2nd Street West', 'Lyndhurst', 'Nelson', 'New Zealand', '1106');
INSERT INTO ContactAddress (ContactId, AddressId, AddressType) 
	VALUES (300, 400, 1);
INSERT INTO Contact (Id, GivenName, Surname, ContactType, CreatedDate, LastModifiedDate) 
	VALUES (301, 'Kelsey', 'Reilly', 'Customer', '2018-11-29 14:55:51', '2023-05-12 06:45:10');
INSERT INTO [Address] (Id, Street, City, [State], Country, Postcode) 
	VALUES (401, '1431 2nd Street West', 'Long Park', 'New Plymouth', 'New Zealand', '1043');
INSERT INTO ContactAddress (ContactId, AddressId, AddressType) 
	VALUES (301, 401, 1);
INSERT INTO [Address] (Id, Street, City, [State], Country, Postcode) 
		VALUES (402, '1707 Warren Avenue', 'Caroline', 'Otago', 'New Zealand', '1505');
INSERT INTO ContactAddress (ContactId, AddressId, AddressType) 
		VALUES (301, 402, 2);
INSERT INTO Contact (Id, GivenName, Surname, ContactType, CreatedDate, LastModifiedDate) 
	VALUES (302, 'Fiona', 'Harris', 'Supplier', '2019-10-14 16:33:14', '2020-05-25 09:37:03');
INSERT INTO [Address] (Id, Street, City, [State], Country, Postcode) 
	VALUES (403, '1813 Fawn Court', 'Elliminyt', 'Wellington', 'New Zealand', '6269');
INSERT INTO ContactAddress (ContactId, AddressId, AddressType) 
	VALUES (302, 403, 1);
INSERT INTO Contact (Id, GivenName, Surname, ContactType, CreatedDate, LastModifiedDate) 
	VALUES (303, 'Myles', 'Nelson', 'Customer', '2023-09-27 21:04:52', '2023-11-23 04:56:53');
INSERT INTO [Address] (Id, Street, City, [State], Country, Postcode) 
	VALUES (404, '663 Oxford Court', 'Nariel Creek', 'Wellington', 'New Zealand', '7884');
INSERT INTO ContactAddress (ContactId, AddressId, AddressType) 
	VALUES (303, 404, 1);
INSERT INTO Contact (Id, GivenName, Surname, ContactType, CreatedDate, LastModifiedDate) 
	VALUES (304, 'Kamari', 'Moss', 'Customer', '2018-12-06 20:17:12', '2022-06-12 04:48:06');
INSERT INTO [Address] (Id, Street, City, [State], Country, Postcode) 
	VALUES (405, '570 Park Drive', 'Weja', 'Nelson', 'New Zealand', '5331');
INSERT INTO ContactAddress (ContactId, AddressId, AddressType) 
	VALUES (304, 405, 1);
INSERT INTO [Address] (Id, Street, City, [State], Country, Postcode) 
		VALUES (406, '1918 Virginia Street', 'Peronne', 'Nelson', 'New Zealand', '1226');
INSERT INTO ContactAddress (ContactId, AddressId, AddressType) 
		VALUES (304, 406, 2);
INSERT INTO Contact (Id, GivenName, Surname, ContactType, CreatedDate, LastModifiedDate) 
	VALUES (305, 'Zackery', 'Deleon', 'Other', '2020-05-24 04:00:46', '2021-04-14 14:06:32');
INSERT INTO [Address] (Id, Street, City, [State], Country, Postcode) 
	VALUES (407, '838 Union Street', 'Broadmarsh', 'New Plymouth', 'New Zealand', '3800');
INSERT INTO ContactAddress (ContactId, AddressId, AddressType) 
	VALUES (305, 407, 1);
INSERT INTO Contact (Id, GivenName, Surname, ContactType, CreatedDate, LastModifiedDate) 
	VALUES (306, 'Lane', 'Odonnell', 'Employee', '2020-06-13 05:40:17', '2022-06-25 06:27:51');
INSERT INTO [Address] (Id, Street, City, [State], Country, Postcode) 
	VALUES (408, '686 Church Street South', 'Wangonilla', 'New Plymouth', 'New Zealand', '7603');
INSERT INTO ContactAddress (ContactId, AddressId, AddressType) 
	VALUES (306, 408, 1);
INSERT INTO Contact (Id, GivenName, Surname, ContactType, CreatedDate, LastModifiedDate) 
	VALUES (307, 'Sergio', 'Russell', 'Customer', '2019-09-27 03:31:18', '2021-04-05 19:37:45');
INSERT INTO [Address] (Id, Street, City, [State], Country, Postcode) 
	VALUES (409, '1356 Court Street', 'Roger Corner', 'Catnerbury', 'New Zealand', '8344');
INSERT INTO ContactAddress (ContactId, AddressId, AddressType) 
	VALUES (307, 409, 1);
INSERT INTO [Address] (Id, Street, City, [State], Country, Postcode) 
		VALUES (410, '529 Spruce Avenue', 'Biddleston', 'Aukland', 'New Zealand', '5612');
INSERT INTO ContactAddress (ContactId, AddressId, AddressType) 
		VALUES (307, 410, 2);
INSERT INTO Contact (Id, GivenName, Surname, ContactType, CreatedDate, LastModifiedDate) 
	VALUES (308, 'Jakobe', 'Mathews', 'Customer', '2019-03-17 16:31:49', '2021-05-09 02:03:33');
INSERT INTO [Address] (Id, Street, City, [State], Country, Postcode) 
	VALUES (411, '253 4th Street North', 'Tangambalanga', 'Nelson', 'New Zealand', '6524');
INSERT INTO ContactAddress (ContactId, AddressId, AddressType) 
	VALUES (308, 411, 1);
INSERT INTO Contact (Id, GivenName, Surname, ContactType, CreatedDate, LastModifiedDate) 
	VALUES (309, 'Raegan', 'Lawrence', 'Supplier', '2024-01-07 15:11:06', '2024-01-20 17:27:06');
INSERT INTO [Address] (Id, Street, City, [State], Country, Postcode) 
	VALUES (412, '1489 Jefferson Court', 'Stratford', 'New Plymouth', 'New Zealand', '1043');
INSERT INTO ContactAddress (ContactId, AddressId, AddressType) 
	VALUES (309, 412, 1);
INSERT INTO Contact (Id, GivenName, Surname, ContactType, CreatedDate, LastModifiedDate) 
	VALUES (310, 'Kaiya', 'Mckenzie', 'Customer', '2021-03-24 12:25:23', '2022-08-25 22:18:36');
INSERT INTO [Address] (Id, Street, City, [State], Country, Postcode) 
	VALUES (413, '689 Route 41', 'Popanyinning', 'Otago', 'New Zealand', '7891');
INSERT INTO ContactAddress (ContactId, AddressId, AddressType) 
	VALUES (310, 413, 1);
INSERT INTO [Address] (Id, Street, City, [State], Country, Postcode) 
		VALUES (414, '1359 Harrison Street', 'Kurmond', 'Otago', 'New Zealand', '8822');
INSERT INTO ContactAddress (ContactId, AddressId, AddressType) 
		VALUES (310, 414, 2);
INSERT INTO Contact (Id, GivenName, Surname, ContactType, CreatedDate, LastModifiedDate) 
	VALUES (311, 'Haylie', 'Barton', 'Customer', '2023-09-03 12:47:55', '2023-10-26 12:30:06');
INSERT INTO [Address] (Id, Street, City, [State], Country, Postcode) 
	VALUES (415, '198 Walnut Street', 'Mooroopna', 'Catnerbury', 'New Zealand', '6397');
INSERT INTO ContactAddress (ContactId, AddressId, AddressType) 
	VALUES (311, 415, 1);
INSERT INTO Contact (Id, GivenName, Surname, ContactType, CreatedDate, LastModifiedDate) 
	VALUES (312, 'Giancarlo', 'Osborn', 'Employee', '2023-10-01 23:03:54', '2024-01-26 16:23:35');
INSERT INTO [Address] (Id, Street, City, [State], Country, Postcode) 
	VALUES (416, '742 Clark Street', 'Humphery', 'Otago', 'New Zealand', '7231');
INSERT INTO ContactAddress (ContactId, AddressId, AddressType) 
	VALUES (312, 416, 1);
INSERT INTO Contact (Id, GivenName, Surname, ContactType, CreatedDate, LastModifiedDate) 
	VALUES (313, 'Mya', 'Joseph', 'Employee', '2021-03-13 12:43:04', '2021-10-04 00:54:23');
INSERT INTO [Address] (Id, Street, City, [State], Country, Postcode) 
	VALUES (417, '1888 Railroad Avenue', 'Devon Meadows', 'New Plymouth', 'New Zealand', '4586');
INSERT INTO ContactAddress (ContactId, AddressId, AddressType) 
	VALUES (313, 417, 1);
INSERT INTO [Address] (Id, Street, City, [State], Country, Postcode) 
		VALUES (418, '1068 Broadway', 'Telangatuk East', 'Catnerbury', 'New Zealand', '4429');
INSERT INTO ContactAddress (ContactId, AddressId, AddressType) 
		VALUES (313, 418, 2);
INSERT INTO Contact (Id, GivenName, Surname, ContactType, CreatedDate, LastModifiedDate) 
	VALUES (314, 'Cali', 'Rosales', 'Customer', '2021-03-25 11:38:02', '2021-10-12 09:18:39');
INSERT INTO [Address] (Id, Street, City, [State], Country, Postcode) 
	VALUES (419, '477 Race Street', 'Bakers Gully', 'Aukland', 'New Zealand', '6830');
INSERT INTO ContactAddress (ContactId, AddressId, AddressType) 
	VALUES (314, 419, 1);
INSERT INTO Contact (Id, GivenName, Surname, ContactType, CreatedDate, LastModifiedDate) 
	VALUES (315, 'Kaylee', 'Ochoa', 'Customer', '2020-07-10 11:47:45', '2021-04-07 21:05:18');
INSERT INTO [Address] (Id, Street, City, [State], Country, Postcode) 
	VALUES (420, '390 Park Avenue', 'Nile', 'Nelson', 'New Zealand', '5711');
INSERT INTO ContactAddress (ContactId, AddressId, AddressType) 
	VALUES (315, 420, 1);
INSERT INTO Contact (Id, GivenName, Surname, ContactType, CreatedDate, LastModifiedDate) 
	VALUES (316, 'Scarlett', 'Mclean', 'Supplier', '2020-11-25 01:31:16', '2023-03-08 05:25:05');
INSERT INTO [Address] (Id, Street, City, [State], Country, Postcode) 
	VALUES (421, '915 Sherman Street', 'Yering', 'Catnerbury', 'New Zealand', '6562');
INSERT INTO ContactAddress (ContactId, AddressId, AddressType) 
	VALUES (316, 421, 1);
INSERT INTO [Address] (Id, Street, City, [State], Country, Postcode) 
		VALUES (422, '1108 Queen Street', 'Kulikup', 'Wellington', 'New Zealand', '5180');
INSERT INTO ContactAddress (ContactId, AddressId, AddressType) 
		VALUES (316, 422, 2);
INSERT INTO Contact (Id, GivenName, Surname, ContactType, CreatedDate, LastModifiedDate) 
	VALUES (317, 'Eduardo', 'Garner', 'Employee', '2023-01-29 06:16:34', '2023-07-22 08:09:53');
INSERT INTO [Address] (Id, Street, City, [State], Country, Postcode) 
	VALUES (423, '157 Willow Street', 'Koo-Wee-Rup North', 'Otago', 'New Zealand', '3562');
INSERT INTO ContactAddress (ContactId, AddressId, AddressType) 
	VALUES (317, 423, 1);
INSERT INTO Contact (Id, GivenName, Surname, ContactType, CreatedDate, LastModifiedDate) 
	VALUES (318, 'Esteban', 'Simon', 'Customer', '2019-09-22 03:22:50', '2020-12-28 19:25:03');
INSERT INTO [Address] (Id, Street, City, [State], Country, Postcode) 
	VALUES (424, '595 1st Avenue', 'Strathfield', 'New Plymouth', 'New Zealand', '4439');
INSERT INTO ContactAddress (ContactId, AddressId, AddressType) 
	VALUES (318, 424, 1);
INSERT INTO Contact (Id, GivenName, Surname, ContactType, CreatedDate, LastModifiedDate) 
	VALUES (319, 'Kendal', 'Lane', 'Employee', '2019-03-31 02:07:20', '2020-09-06 19:04:08');
INSERT INTO [Address] (Id, Street, City, [State], Country, Postcode) 
	VALUES (425, '157 Franklin Avenue', 'Emerald Beach', 'Nelson', 'New Zealand', '4859');
INSERT INTO ContactAddress (ContactId, AddressId, AddressType) 
	VALUES (319, 425, 1);
INSERT INTO [Address] (Id, Street, City, [State], Country, Postcode) 
		VALUES (426, '633 Cedar Court', 'Wahroonga', 'Wellington', 'New Zealand', '3934');
INSERT INTO ContactAddress (ContactId, AddressId, AddressType) 
		VALUES (319, 426, 2);
INSERT INTO Contact (Id, GivenName, Surname, ContactType, CreatedDate, LastModifiedDate) 
	VALUES (320, 'Ignacio', 'Beasley', 'Customer', '2019-09-12 11:28:34', '2019-10-26 02:25:42');
INSERT INTO [Address] (Id, Street, City, [State], Country, Postcode) 
	VALUES (427, '719 Hillside Drive', 'Yirkala', 'Otago', 'New Zealand', '7738');
INSERT INTO ContactAddress (ContactId, AddressId, AddressType) 
	VALUES (320, 427, 1);
INSERT INTO Contact (Id, GivenName, Surname, ContactType, CreatedDate, LastModifiedDate) 
	VALUES (321, 'Nick', 'Parrish', 'Customer', '2019-07-11 13:35:51', '2020-11-15 11:38:37');
INSERT INTO [Address] (Id, Street, City, [State], Country, Postcode) 
	VALUES (428, '1191 4th Street North', 'Hazelgrove', 'Aukland', 'New Zealand', '3127');
INSERT INTO ContactAddress (ContactId, AddressId, AddressType) 
	VALUES (321, 428, 1);
INSERT INTO Contact (Id, GivenName, Surname, ContactType, CreatedDate, LastModifiedDate) 
	VALUES (322, 'Theodore', 'Waller', 'Customer', '2023-02-09 04:53:22', '2023-09-30 10:50:49');
INSERT INTO [Address] (Id, Street, City, [State], Country, Postcode) 
	VALUES (429, '330 Fawn Lane', 'Merrilla', 'New Plymouth', 'New Zealand', '6276');
INSERT INTO ContactAddress (ContactId, AddressId, AddressType) 
	VALUES (322, 429, 1);
INSERT INTO [Address] (Id, Street, City, [State], Country, Postcode) 
		VALUES (430, '904 Orchard Lane', 'Wombat', 'Western Australia', 'Australia', '4553');
INSERT INTO ContactAddress (ContactId, AddressId, AddressType) 
		VALUES (322, 430, 2);
INSERT INTO Contact (Id, GivenName, Surname, ContactType, CreatedDate, LastModifiedDate) 
	VALUES (323, 'Adeline', 'Bass', 'Customer', '2022-04-27 01:19:04', '2023-02-25 05:04:15');
INSERT INTO [Address] (Id, Street, City, [State], Country, Postcode) 
	VALUES (431, '21 Grove Avenue', 'Kergunyah', 'Nelson', 'New Zealand', '6582');
INSERT INTO ContactAddress (ContactId, AddressId, AddressType) 
	VALUES (323, 431, 1);
INSERT INTO Contact (Id, GivenName, Surname, ContactType, CreatedDate, LastModifiedDate) 
	VALUES (324, 'Ashlynn', 'Morrison', 'Customer', '2019-03-30 12:45:06', '2022-04-25 12:07:42');
INSERT INTO [Address] (Id, Street, City, [State], Country, Postcode) 
	VALUES (432, '250 Mechanic Street', 'Kamarooka', 'South Australia', 'Australia', '3527');
INSERT INTO ContactAddress (ContactId, AddressId, AddressType) 
	VALUES (324, 432, 1);
INSERT INTO Contact (Id, GivenName, Surname, ContactType, CreatedDate, LastModifiedDate) 
	VALUES (325, 'Rhianna', 'Fritz', 'Customer', '2021-10-19 08:58:15', '2023-02-20 13:02:15');
INSERT INTO [Address] (Id, Street, City, [State], Country, Postcode) 
	VALUES (433, '1714 Penn Street', 'Wangonilla', 'Otago', 'New Zealand', '5265');
INSERT INTO ContactAddress (ContactId, AddressId, AddressType) 
	VALUES (325, 433, 1);
INSERT INTO [Address] (Id, Street, City, [State], Country, Postcode) 
		VALUES (434, '1392 Route 4', 'Budgeree East', 'Aukland', 'New Zealand', '8382');
INSERT INTO ContactAddress (ContactId, AddressId, AddressType) 
		VALUES (325, 434, 2);
INSERT INTO Contact (Id, GivenName, Surname, ContactType, CreatedDate, LastModifiedDate) 
	VALUES (326, 'Kevin', 'Ingram', 'Supplier', '2018-11-21 00:16:32', '2020-12-05 15:38:08');
INSERT INTO [Address] (Id, Street, City, [State], Country, Postcode) 
	VALUES (435, '1496 Cambridge Court', 'Napier', 'Nelson', 'New Zealand', '8285');
INSERT INTO ContactAddress (ContactId, AddressId, AddressType) 
	VALUES (326, 435, 1);
INSERT INTO Contact (Id, GivenName, Surname, ContactType, CreatedDate, LastModifiedDate) 
	VALUES (327, 'Kamari', 'Huber', 'Customer', '2019-08-27 05:35:04', '2024-01-21 15:15:17');
INSERT INTO [Address] (Id, Street, City, [State], Country, Postcode) 
	VALUES (436, '1381 River Street', 'Wollombi', 'Otago', 'New Zealand', '6198');
INSERT INTO ContactAddress (ContactId, AddressId, AddressType) 
	VALUES (327, 436, 1);
INSERT INTO Contact (Id, GivenName, Surname, ContactType, CreatedDate, LastModifiedDate) 
	VALUES (328, 'Hassan', 'Mayo', 'Customer', '2022-06-02 19:09:32', '2022-08-03 19:14:08');
INSERT INTO [Address] (Id, Street, City, [State], Country, Postcode) 
	VALUES (437, '1746 6th Avenue', 'Black Lead', 'Otago', 'New Zealand', '4335');
INSERT INTO ContactAddress (ContactId, AddressId, AddressType) 
	VALUES (328, 437, 1);
INSERT INTO [Address] (Id, Street, City, [State], Country, Postcode) 
		VALUES (438, '1396 B Street', 'Don', 'Aukland', 'New Zealand', '8192');
INSERT INTO ContactAddress (ContactId, AddressId, AddressType) 
		VALUES (328, 438, 2);
INSERT INTO Contact (Id, GivenName, Surname, ContactType, CreatedDate, LastModifiedDate) 
	VALUES (329, 'Katelyn', 'Patton', 'Supplier', '2019-06-21 04:42:19', '2020-06-12 23:40:36');
INSERT INTO [Address] (Id, Street, City, [State], Country, Postcode) 
	VALUES (439, '1372 Washington Street', 'Murray Town', 'Catnerbury', 'New Zealand', '3935');
INSERT INTO ContactAddress (ContactId, AddressId, AddressType) 
	VALUES (329, 439, 1);
INSERT INTO Contact (Id, GivenName, Surname, ContactType, CreatedDate, LastModifiedDate) 
	VALUES (330, 'Catherine', 'Huber', 'Customer', '2018-09-07 19:07:32', '2018-12-28 15:38:43');
INSERT INTO [Address] (Id, Street, City, [State], Country, Postcode) 
	VALUES (440, '182 6th Street North', 'Lyons', 'Otago', 'New Zealand', '5636');
INSERT INTO ContactAddress (ContactId, AddressId, AddressType) 
	VALUES (330, 440, 1);
INSERT INTO Contact (Id, GivenName, Surname, ContactType, CreatedDate, LastModifiedDate) 
	VALUES (331, 'Gael', 'Brandt', 'Customer', '2020-02-18 17:59:18', '2021-04-14 11:01:53');
INSERT INTO [Address] (Id, Street, City, [State], Country, Postcode) 
	VALUES (441, '178 Warren Street', 'Nicholson', 'Wellington', 'New Zealand', '4618');
INSERT INTO ContactAddress (ContactId, AddressId, AddressType) 
	VALUES (331, 441, 1);
INSERT INTO [Address] (Id, Street, City, [State], Country, Postcode) 
		VALUES (442, '1162 Myrtle Street', 'Eastern Creek', 'Otago', 'New Zealand', '8312');
INSERT INTO ContactAddress (ContactId, AddressId, AddressType) 
		VALUES (331, 442, 2);
INSERT INTO Contact (Id, GivenName, Surname, ContactType, CreatedDate, LastModifiedDate) 
	VALUES (332, 'Cullen', 'Schmidt', 'Supplier', '2019-05-11 07:18:29', '2020-07-29 21:44:11');
INSERT INTO [Address] (Id, Street, City, [State], Country, Postcode) 
	VALUES (443, '1993 Strawberry Lane', 'Kudo', 'Otago', 'New Zealand', '2801');
INSERT INTO ContactAddress (ContactId, AddressId, AddressType) 
	VALUES (332, 443, 1);
INSERT INTO Contact (Id, GivenName, Surname, ContactType, CreatedDate, LastModifiedDate) 
	VALUES (333, 'Isabel', 'Moyer', 'Customer', '2021-02-15 17:01:02', '2022-03-30 09:39:54');
INSERT INTO [Address] (Id, Street, City, [State], Country, Postcode) 
	VALUES (444, '1020 5th Street', 'Ackland', 'Wellington', 'New Zealand', '3690');
INSERT INTO ContactAddress (ContactId, AddressId, AddressType) 
	VALUES (333, 444, 1);
INSERT INTO Contact (Id, GivenName, Surname, ContactType, CreatedDate, LastModifiedDate) 
	VALUES (334, 'Jaelyn', 'Boyd', 'Employee', '2018-08-14 05:59:50', '2022-06-25 21:08:42');
INSERT INTO [Address] (Id, Street, City, [State], Country, Postcode) 
	VALUES (445, '1881 Heather Lane', 'Angustown', 'New Plymouth', 'New Zealand', '7850');
INSERT INTO ContactAddress (ContactId, AddressId, AddressType) 
	VALUES (334, 445, 1);
INSERT INTO [Address] (Id, Street, City, [State], Country, Postcode) 
		VALUES (446, '290 Fieldstone Drive', 'East Boyd', 'Wellington', 'New Zealand', '1295');
INSERT INTO ContactAddress (ContactId, AddressId, AddressType) 
		VALUES (334, 446, 2);
INSERT INTO Contact (Id, GivenName, Surname, ContactType, CreatedDate, LastModifiedDate) 
	VALUES (335, 'Jacoby', 'Cabrera', 'Supplier', '2020-10-21 09:10:30', '2021-05-02 17:19:52');
INSERT INTO [Address] (Id, Street, City, [State], Country, Postcode) 
	VALUES (447, '1544 Fulton Street', 'Lake Cathie', 'Otago', 'New Zealand', '3347');
INSERT INTO ContactAddress (ContactId, AddressId, AddressType) 
	VALUES (335, 447, 1);
INSERT INTO Contact (Id, GivenName, Surname, ContactType, CreatedDate, LastModifiedDate) 
	VALUES (336, 'Denzel', 'Gates', 'Customer', '2023-04-27 21:49:51', '2023-12-29 19:31:49');
INSERT INTO [Address] (Id, Street, City, [State], Country, Postcode) 
	VALUES (448, '1488 River Street', 'Backmede', 'Otago', 'New Zealand', '3010');
INSERT INTO ContactAddress (ContactId, AddressId, AddressType) 
	VALUES (336, 448, 1);
INSERT INTO Contact (Id, GivenName, Surname, ContactType, CreatedDate, LastModifiedDate) 
	VALUES (337, 'Jorden', 'Li', 'Customer', '2023-10-01 05:57:38', '2023-11-28 22:59:04');
INSERT INTO [Address] (Id, Street, City, [State], Country, Postcode) 
	VALUES (449, '1867 Sycamore Lane', 'Texas', 'Aukland', 'New Zealand', '5309');
INSERT INTO ContactAddress (ContactId, AddressId, AddressType) 
	VALUES (337, 449, 1);
INSERT INTO [Address] (Id, Street, City, [State], Country, Postcode) 
		VALUES (450, '735 8th Street South', 'Crossman', 'Otago', 'New Zealand', '6348');
INSERT INTO ContactAddress (ContactId, AddressId, AddressType) 
		VALUES (337, 450, 2);
INSERT INTO Contact (Id, GivenName, Surname, ContactType, CreatedDate, LastModifiedDate) 
	VALUES (338, 'Rowan', 'Clark', 'Customer', '2018-12-12 16:53:16', '2023-05-22 10:33:09');
INSERT INTO [Address] (Id, Street, City, [State], Country, Postcode) 
	VALUES (451, '681 Pin Oak Drive', 'Middle Tarwin', 'Otago', 'New Zealand', '2356');
INSERT INTO ContactAddress (ContactId, AddressId, AddressType) 
	VALUES (338, 451, 1);
INSERT INTO Contact (Id, GivenName, Surname, ContactType, CreatedDate, LastModifiedDate) 
	VALUES (339, 'Yadira', 'Livingston', 'Employee', '2019-08-11 08:56:16', '2020-11-24 06:14:59');
INSERT INTO [Address] (Id, Street, City, [State], Country, Postcode) 
	VALUES (452, '841 4th Street South', 'Clear Is. Wtrs', 'Otago', 'New Zealand', '6964');
INSERT INTO ContactAddress (ContactId, AddressId, AddressType) 
	VALUES (339, 452, 1);
INSERT INTO Contact (Id, GivenName, Surname, ContactType, CreatedDate, LastModifiedDate) 
	VALUES (340, 'Paul', 'Noble', 'Supplier', '2021-12-24 19:14:53', '2023-03-16 16:09:51');
INSERT INTO [Address] (Id, Street, City, [State], Country, Postcode) 
	VALUES (453, '1358 7th Avenue', 'Jibbinbar', 'Wellington', 'New Zealand', '6769');
INSERT INTO ContactAddress (ContactId, AddressId, AddressType) 
	VALUES (340, 453, 1);
INSERT INTO [Address] (Id, Street, City, [State], Country, Postcode) 
		VALUES (454, '1659 Meadow Lane', 'Frances', 'Otago', 'New Zealand', '6927');
INSERT INTO ContactAddress (ContactId, AddressId, AddressType) 
		VALUES (340, 454, 2);
INSERT INTO Contact (Id, GivenName, Surname, ContactType, CreatedDate, LastModifiedDate) 
	VALUES (341, 'Kaila', 'Warner', 'Employee', '2019-03-01 17:40:34', '2019-04-13 05:49:25');
INSERT INTO [Address] (Id, Street, City, [State], Country, Postcode) 
	VALUES (455, '678 Jefferson Street', 'Safety Bay', 'Catnerbury', 'New Zealand', '8873');
INSERT INTO ContactAddress (ContactId, AddressId, AddressType) 
	VALUES (341, 455, 1);
INSERT INTO Contact (Id, GivenName, Surname, ContactType, CreatedDate, LastModifiedDate) 
	VALUES (342, 'Andrew', 'Christensen', 'Employee', '2018-09-26 07:51:45', '2023-09-29 18:48:33');
INSERT INTO [Address] (Id, Street, City, [State], Country, Postcode) 
	VALUES (456, '1733 Lilac Lane', 'Coogee', 'Nelson', 'New Zealand', '3883');
INSERT INTO ContactAddress (ContactId, AddressId, AddressType) 
	VALUES (342, 456, 1);
INSERT INTO Contact (Id, GivenName, Surname, ContactType, CreatedDate, LastModifiedDate) 
	VALUES (343, 'Violet', 'Hartman', 'Supplier', '2023-10-26 13:28:07', '2023-11-28 08:16:03');
INSERT INTO [Address] (Id, Street, City, [State], Country, Postcode) 
	VALUES (457, '1691 Warren Street', 'Coogee', 'Catnerbury', 'New Zealand', '1470');
INSERT INTO ContactAddress (ContactId, AddressId, AddressType) 
	VALUES (343, 457, 1);
INSERT INTO [Address] (Id, Street, City, [State], Country, Postcode) 
		VALUES (458, '648 Orange Street', 'Bendoc', 'Catnerbury', 'New Zealand', '7846');
INSERT INTO ContactAddress (ContactId, AddressId, AddressType) 
		VALUES (343, 458, 2);
INSERT INTO Contact (Id, GivenName, Surname, ContactType, CreatedDate, LastModifiedDate) 
	VALUES (344, 'Dawson', 'Massey', 'Customer', '2024-01-10 01:46:05', '2024-01-17 09:35:04');
INSERT INTO [Address] (Id, Street, City, [State], Country, Postcode) 
	VALUES (459, '1840 School Street', 'Kunama', 'New Plymouth', 'New Zealand', '6833');
INSERT INTO ContactAddress (ContactId, AddressId, AddressType) 
	VALUES (344, 459, 1);
INSERT INTO Contact (Id, GivenName, Surname, ContactType, CreatedDate, LastModifiedDate) 
	VALUES (345, 'Mohamed', 'Vance', 'Customer', '2022-10-20 17:58:58', '2023-07-28 19:52:08');
INSERT INTO [Address] (Id, Street, City, [State], Country, Postcode) 
	VALUES (460, '415 Aspen Drive', 'Nareen', 'Otago', 'New Zealand', '3419');
INSERT INTO ContactAddress (ContactId, AddressId, AddressType) 
	VALUES (345, 460, 1);
INSERT INTO Contact (Id, GivenName, Surname, ContactType, CreatedDate, LastModifiedDate) 
	VALUES (346, 'Esperanza', 'Carroll', 'Employee', '2023-03-16 18:32:32', '2023-12-19 08:38:20');
INSERT INTO [Address] (Id, Street, City, [State], Country, Postcode) 
	VALUES (461, '1336 Cedar Street', 'Beerburrum', 'Nelson', 'New Zealand', '5051');
INSERT INTO ContactAddress (ContactId, AddressId, AddressType) 
	VALUES (346, 461, 1);
INSERT INTO [Address] (Id, Street, City, [State], Country, Postcode) 
		VALUES (462, '180 Route 32', 'Woleebee', 'Otago', 'New Zealand', '6869');
INSERT INTO ContactAddress (ContactId, AddressId, AddressType) 
		VALUES (346, 462, 2);
INSERT INTO Contact (Id, GivenName, Surname, ContactType, CreatedDate, LastModifiedDate) 
	VALUES (347, 'Augustus', 'Mann', 'Customer', '2019-06-15 16:36:16', '2020-02-16 07:01:07');
INSERT INTO [Address] (Id, Street, City, [State], Country, Postcode) 
	VALUES (463, '1038 13th Street', 'Erowal Bay', 'Wellington', 'New Zealand', '7119');
INSERT INTO ContactAddress (ContactId, AddressId, AddressType) 
	VALUES (347, 463, 1);
INSERT INTO Contact (Id, GivenName, Surname, ContactType, CreatedDate, LastModifiedDate) 
	VALUES (348, 'Cecilia', 'Bradley', 'Supplier', '2023-04-04 00:18:35', '2023-08-29 12:47:45');
INSERT INTO [Address] (Id, Street, City, [State], Country, Postcode) 
	VALUES (464, '498 Jones Street', 'Greigs Flat', 'New Plymouth', 'New Zealand', '3659');
INSERT INTO ContactAddress (ContactId, AddressId, AddressType) 
	VALUES (348, 464, 1);
INSERT INTO Contact (Id, GivenName, Surname, ContactType, CreatedDate, LastModifiedDate) 
	VALUES (349, 'Lauryn', 'Contreras', 'Employee', '2019-04-13 08:17:00', '2022-06-11 02:45:09');
INSERT INTO [Address] (Id, Street, City, [State], Country, Postcode) 
	VALUES (465, '1763 Heritage Drive', 'Normanville', 'Aukland', 'New Zealand', '1042');
INSERT INTO ContactAddress (ContactId, AddressId, AddressType) 
	VALUES (349, 465, 1);
INSERT INTO [Address] (Id, Street, City, [State], Country, Postcode) 
		VALUES (466, '525 Forest Street', 'Jerseyville', 'Wellington', 'New Zealand', '6973');
INSERT INTO ContactAddress (ContactId, AddressId, AddressType) 
		VALUES (349, 466, 2);
INSERT INTO Contact (Id, GivenName, Surname, ContactType, CreatedDate, LastModifiedDate) 
	VALUES (350, 'Carlos', 'Fuentes', 'Customer', '2021-05-09 02:40:03', '2021-09-07 12:58:48');
INSERT INTO [Address] (Id, Street, City, [State], Country, Postcode) 
	VALUES (467, '1231 Windsor Drive', 'Meenar', 'Aukland', 'New Zealand', '2760');
INSERT INTO ContactAddress (ContactId, AddressId, AddressType) 
	VALUES (350, 467, 1);
INSERT INTO Contact (Id, GivenName, Surname, ContactType, CreatedDate, LastModifiedDate) 
	VALUES (351, 'Marlon', 'Harper', 'Customer', '2021-04-08 08:58:59', '2022-09-06 14:10:51');
INSERT INTO [Address] (Id, Street, City, [State], Country, Postcode) 
	VALUES (468, '946 Hillside Drive', 'Nora Head', 'Northern Territory', 'Australia', '8002');
INSERT INTO ContactAddress (ContactId, AddressId, AddressType) 
	VALUES (351, 468, 1);
INSERT INTO Contact (Id, GivenName, Surname, ContactType, CreatedDate, LastModifiedDate) 
	VALUES (352, 'Rigoberto', 'Mueller', 'Customer', '2019-03-22 01:58:59', '2019-06-21 22:38:54');
INSERT INTO [Address] (Id, Street, City, [State], Country, Postcode) 
	VALUES (469, '1761 Cambridge Court', 'Erowal Bay', 'New Plymouth', 'New Zealand', '7698');
INSERT INTO ContactAddress (ContactId, AddressId, AddressType) 
	VALUES (352, 469, 1);
INSERT INTO [Address] (Id, Street, City, [State], Country, Postcode) 
		VALUES (470, '1623 Willow Street', 'Woolwick', 'Nelson', 'New Zealand', '6598');
INSERT INTO ContactAddress (ContactId, AddressId, AddressType) 
		VALUES (352, 470, 2);
INSERT INTO Contact (Id, GivenName, Surname, ContactType, CreatedDate, LastModifiedDate) 
	VALUES (353, 'Romeo', 'Moses', 'Customer', '2023-08-17 07:45:00', '2023-12-20 18:56:12');
INSERT INTO [Address] (Id, Street, City, [State], Country, Postcode) 
	VALUES (471, '1215 5th Avenue', 'Robe', 'New Plymouth', 'New Zealand', '1362');
INSERT INTO ContactAddress (ContactId, AddressId, AddressType) 
	VALUES (353, 471, 1);
INSERT INTO Contact (Id, GivenName, Surname, ContactType, CreatedDate, LastModifiedDate) 
	VALUES (354, 'Salvador', 'Doyle', 'Supplier', '2019-12-16 02:54:24', '2021-07-05 20:26:57');
INSERT INTO [Address] (Id, Street, City, [State], Country, Postcode) 
	VALUES (472, '166 Hill Street', 'McLaren Vale', 'Aukland', 'New Zealand', '5460');
INSERT INTO ContactAddress (ContactId, AddressId, AddressType) 
	VALUES (354, 472, 1);
INSERT INTO Contact (Id, GivenName, Surname, ContactType, CreatedDate, LastModifiedDate) 
	VALUES (355, 'Callie', 'Owens', 'Supplier', '2020-12-20 06:19:16', '2021-02-18 21:31:39');
INSERT INTO [Address] (Id, Street, City, [State], Country, Postcode) 
	VALUES (473, '483 Winding Way', 'Bradvale', 'Catnerbury', 'New Zealand', '8411');
INSERT INTO ContactAddress (ContactId, AddressId, AddressType) 
	VALUES (355, 473, 1);
INSERT INTO [Address] (Id, Street, City, [State], Country, Postcode) 
		VALUES (474, '1070 Glenwood Drive', 'Warialda Road', 'Nelson', 'New Zealand', '2075');
INSERT INTO ContactAddress (ContactId, AddressId, AddressType) 
		VALUES (355, 474, 2);
INSERT INTO Contact (Id, GivenName, Surname, ContactType, CreatedDate, LastModifiedDate) 
	VALUES (356, 'Ronan', 'Morton', 'Customer', '2020-09-11 23:31:02', '2021-10-13 08:50:26');
INSERT INTO [Address] (Id, Street, City, [State], Country, Postcode) 
	VALUES (475, '1567 Hawthorne Lane', 'Parkville', 'New Plymouth', 'New Zealand', '5378');
INSERT INTO ContactAddress (ContactId, AddressId, AddressType) 
	VALUES (356, 475, 1);
INSERT INTO Contact (Id, GivenName, Surname, ContactType, CreatedDate, LastModifiedDate) 
	VALUES (357, 'Aarav', 'Shaw', 'Other', '2018-08-09 20:19:38', '2019-07-25 01:02:47');
INSERT INTO [Address] (Id, Street, City, [State], Country, Postcode) 
	VALUES (476, '664 Lake Street', 'Pilbara Mining Centre', 'Nelson', 'New Zealand', '6076');
INSERT INTO ContactAddress (ContactId, AddressId, AddressType) 
	VALUES (357, 476, 1);
INSERT INTO Contact (Id, GivenName, Surname, ContactType, CreatedDate, LastModifiedDate) 
	VALUES (358, 'Leonidas', 'Carr', 'Customer', '2020-08-28 06:57:20', '2022-09-23 05:53:12');
INSERT INTO [Address] (Id, Street, City, [State], Country, Postcode) 
	VALUES (477, '1728 College Street', 'Murray Town', 'Wellington', 'New Zealand', '8723');
INSERT INTO ContactAddress (ContactId, AddressId, AddressType) 
	VALUES (358, 477, 1);
INSERT INTO [Address] (Id, Street, City, [State], Country, Postcode) 
		VALUES (478, '1436 6th Street West', 'Reservoir', 'New Plymouth', 'New Zealand', '2886');
INSERT INTO ContactAddress (ContactId, AddressId, AddressType) 
		VALUES (358, 478, 2);
INSERT INTO Contact (Id, GivenName, Surname, ContactType, CreatedDate, LastModifiedDate) 
	VALUES (359, 'Kirsten', 'Jensen', 'Employee', '2023-03-02 16:06:42', '2023-08-14 18:02:51');
INSERT INTO [Address] (Id, Street, City, [State], Country, Postcode) 
	VALUES (479, '1882 Morris Street', 'Yelgun', 'New Plymouth', 'New Zealand', '3757');
INSERT INTO ContactAddress (ContactId, AddressId, AddressType) 
	VALUES (359, 479, 1);
INSERT INTO Contact (Id, GivenName, Surname, ContactType, CreatedDate, LastModifiedDate) 
	VALUES (360, 'David', 'Butler', 'Customer', '2023-05-03 12:11:11', '2023-07-19 03:54:24');
INSERT INTO [Address] (Id, Street, City, [State], Country, Postcode) 
	VALUES (480, '633 Lakeview Drive', 'Coogee', 'New Plymouth', 'New Zealand', '4989');
INSERT INTO ContactAddress (ContactId, AddressId, AddressType) 
	VALUES (360, 480, 1);
INSERT INTO Contact (Id, GivenName, Surname, ContactType, CreatedDate, LastModifiedDate) 
	VALUES (361, 'Shirley', 'Hale', 'Customer', '2023-02-27 10:39:04', '2023-05-10 22:07:04');
INSERT INTO [Address] (Id, Street, City, [State], Country, Postcode) 
	VALUES (481, '205 Grant Avenue', 'Dukin', 'Catnerbury', 'New Zealand', '3175');
INSERT INTO ContactAddress (ContactId, AddressId, AddressType) 
	VALUES (361, 481, 1);
INSERT INTO [Address] (Id, Street, City, [State], Country, Postcode) 
		VALUES (482, '1172 Madison Avenue', 'My-yon', 'Catnerbury', 'New Zealand', '1375');
INSERT INTO ContactAddress (ContactId, AddressId, AddressType) 
		VALUES (361, 482, 2);
INSERT INTO Contact (Id, GivenName, Surname, ContactType, CreatedDate, LastModifiedDate) 
	VALUES (362, 'Selah', 'Hurst', 'Customer', '2023-03-04 08:41:29', '2023-12-21 02:20:42');
INSERT INTO [Address] (Id, Street, City, [State], Country, Postcode) 
	VALUES (483, '99 Route 1', 'Muttama', 'Wellington', 'New Zealand', '5598');
INSERT INTO ContactAddress (ContactId, AddressId, AddressType) 
	VALUES (362, 483, 1);
INSERT INTO Contact (Id, GivenName, Surname, ContactType, CreatedDate, LastModifiedDate) 
	VALUES (363, 'Korbin', 'Petersen', 'Customer', '2019-10-20 13:08:47', '2022-10-08 18:39:06');
INSERT INTO [Address] (Id, Street, City, [State], Country, Postcode) 
	VALUES (484, '205 Howard Street', 'Boya', 'Otago', 'New Zealand', '1556');
INSERT INTO ContactAddress (ContactId, AddressId, AddressType) 
	VALUES (363, 484, 1);
INSERT INTO Contact (Id, GivenName, Surname, ContactType, CreatedDate, LastModifiedDate) 
	VALUES (364, 'June', 'Zhang', 'Employee', '2021-01-23 07:50:57', '2023-02-19 12:47:44');
INSERT INTO [Address] (Id, Street, City, [State], Country, Postcode) 
	VALUES (485, '1222 Old York Road', 'Yukan', 'Nelson', 'New Zealand', '1305');
INSERT INTO ContactAddress (ContactId, AddressId, AddressType) 
	VALUES (364, 485, 1);
INSERT INTO [Address] (Id, Street, City, [State], Country, Postcode) 
		VALUES (486, '1306 6th Street West', 'Strathbogie', 'Catnerbury', 'New Zealand', '4374');
INSERT INTO ContactAddress (ContactId, AddressId, AddressType) 
		VALUES (364, 486, 2);
INSERT INTO Contact (Id, GivenName, Surname, ContactType, CreatedDate, LastModifiedDate) 
	VALUES (365, 'Ayla', 'Huffman', 'Supplier', '2023-05-04 11:41:18', '2023-06-24 15:54:20');
INSERT INTO [Address] (Id, Street, City, [State], Country, Postcode) 
	VALUES (487, '261 Bridge Street', 'Waubra Junction', 'New Plymouth', 'New Zealand', '2502');
INSERT INTO ContactAddress (ContactId, AddressId, AddressType) 
	VALUES (365, 487, 1);
INSERT INTO Contact (Id, GivenName, Surname, ContactType, CreatedDate, LastModifiedDate) 
	VALUES (366, 'Brenden', 'Morse', 'Employee', '2021-05-30 12:13:53', '2022-09-20 10:15:00');
INSERT INTO [Address] (Id, Street, City, [State], Country, Postcode) 
	VALUES (488, '1131 Main Street South', 'Lumeah', 'New Plymouth', 'New Zealand', '2500');
INSERT INTO ContactAddress (ContactId, AddressId, AddressType) 
	VALUES (366, 488, 1);
INSERT INTO Contact (Id, GivenName, Surname, ContactType, CreatedDate, LastModifiedDate) 
	VALUES (367, 'Reagan', 'Bryant', 'Supplier', '2018-12-18 19:34:00', '2020-06-18 18:15:46');
INSERT INTO [Address] (Id, Street, City, [State], Country, Postcode) 
	VALUES (489, '163 Route 100', 'Middleton', 'Wellington', 'New Zealand', '3474');
INSERT INTO ContactAddress (ContactId, AddressId, AddressType) 
	VALUES (367, 489, 1);
INSERT INTO [Address] (Id, Street, City, [State], Country, Postcode) 
		VALUES (490, '1415 Circle Drive', 'Davyhurst', 'New Plymouth', 'New Zealand', '5764');
INSERT INTO ContactAddress (ContactId, AddressId, AddressType) 
		VALUES (367, 490, 2);
INSERT INTO Contact (Id, GivenName, Surname, ContactType, CreatedDate, LastModifiedDate) 
	VALUES (368, 'Claire', 'Vaughan', 'Customer', '2019-10-06 14:54:53', '2021-05-16 20:30:33');
INSERT INTO [Address] (Id, Street, City, [State], Country, Postcode) 
	VALUES (491, '1775 Magnolia Drive', 'Popanyinning', 'Catnerbury', 'New Zealand', '7989');
INSERT INTO ContactAddress (ContactId, AddressId, AddressType) 
	VALUES (368, 491, 1);
INSERT INTO Contact (Id, GivenName, Surname, ContactType, CreatedDate, LastModifiedDate) 
	VALUES (369, 'Cody', 'Wilkerson', 'Customer', '2023-01-08 06:49:39', '2023-05-25 07:17:48');
INSERT INTO [Address] (Id, Street, City, [State], Country, Postcode) 
	VALUES (492, '348 6th Street', 'Muttama', 'Otago', 'New Zealand', '5250');
INSERT INTO ContactAddress (ContactId, AddressId, AddressType) 
	VALUES (369, 492, 1);
INSERT INTO Contact (Id, GivenName, Surname, ContactType, CreatedDate, LastModifiedDate) 
	VALUES (370, 'Janessa', 'Bartlett', 'Supplier', '2021-04-15 18:01:05', '2021-10-13 00:40:33');
INSERT INTO [Address] (Id, Street, City, [State], Country, Postcode) 
	VALUES (493, '1486 Dogwood Lane', 'Uranquinty', 'Catnerbury', 'New Zealand', '7453');
INSERT INTO ContactAddress (ContactId, AddressId, AddressType) 
	VALUES (370, 493, 1);
INSERT INTO [Address] (Id, Street, City, [State], Country, Postcode) 
		VALUES (494, '1535 Overlook Circle', 'Budgeree East', 'Otago', 'New Zealand', '3068');
INSERT INTO ContactAddress (ContactId, AddressId, AddressType) 
		VALUES (370, 494, 2);
INSERT INTO Contact (Id, GivenName, Surname, ContactType, CreatedDate, LastModifiedDate) 
	VALUES (371, 'Alexus', 'Parsons', 'Customer', '2023-01-23 06:12:25', '2023-09-21 00:33:51');
INSERT INTO [Address] (Id, Street, City, [State], Country, Postcode) 
	VALUES (495, '392 Magnolia Court', 'Lamington', 'New Plymouth', 'New Zealand', '8929');
INSERT INTO ContactAddress (ContactId, AddressId, AddressType) 
	VALUES (371, 495, 1);
INSERT INTO Contact (Id, GivenName, Surname, ContactType, CreatedDate, LastModifiedDate) 
	VALUES (372, 'Rashad', 'Blevins', 'Customer', '2018-08-14 20:14:00', '2021-07-08 13:57:07');
INSERT INTO [Address] (Id, Street, City, [State], Country, Postcode) 
	VALUES (496, '683 Tanglewood Drive', 'Gowangardie', 'New Plymouth', 'New Zealand', '7026');
INSERT INTO ContactAddress (ContactId, AddressId, AddressType) 
	VALUES (372, 496, 1);
INSERT INTO Contact (Id, GivenName, Surname, ContactType, CreatedDate, LastModifiedDate) 
	VALUES (373, 'Hassan', 'Case', 'Customer', '2023-07-11 02:57:07', '2024-01-08 13:24:51');
INSERT INTO [Address] (Id, Street, City, [State], Country, Postcode) 
	VALUES (497, '748 Delaware Avenue', 'Glenellen', 'Aukland', 'New Zealand', '1205');
INSERT INTO ContactAddress (ContactId, AddressId, AddressType) 
	VALUES (373, 497, 1);
INSERT INTO [Address] (Id, Street, City, [State], Country, Postcode) 
		VALUES (498, '1887 Lantern Lane', 'Berrygil', 'Aukland', 'New Zealand', '6459');
INSERT INTO ContactAddress (ContactId, AddressId, AddressType) 
		VALUES (373, 498, 2);
INSERT INTO Contact (Id, GivenName, Surname, ContactType, CreatedDate, LastModifiedDate) 
	VALUES (374, 'Ernest', 'Delacruz', 'Customer', '2019-08-07 07:10:33', '2019-08-30 13:39:59');
INSERT INTO [Address] (Id, Street, City, [State], Country, Postcode) 
	VALUES (499, '1073 York Road', 'Camp Hill', 'Aukland', 'New Zealand', '5032');
INSERT INTO ContactAddress (ContactId, AddressId, AddressType) 
	VALUES (374, 499, 1);
INSERT INTO Contact (Id, GivenName, Surname, ContactType, CreatedDate, LastModifiedDate) 
	VALUES (375, 'Harrison', 'Rosario', 'Customer', '2021-06-20 01:54:08', '2022-06-09 14:54:34');
INSERT INTO [Address] (Id, Street, City, [State], Country, Postcode) 
	VALUES (500, '1879 Durham Road', 'Lowmead', 'Catnerbury', 'New Zealand', '7321');
INSERT INTO ContactAddress (ContactId, AddressId, AddressType) 
	VALUES (375, 500, 1);
INSERT INTO Contact (Id, GivenName, Surname, ContactType, CreatedDate, LastModifiedDate) 
	VALUES (376, 'Jonah', 'Lewis', 'Employee', '2020-06-08 14:13:50', '2022-07-11 19:31:23');
INSERT INTO [Address] (Id, Street, City, [State], Country, Postcode) 
	VALUES (501, '30 Depot Street', 'Wangrabelle', 'New Plymouth', 'New Zealand', '8102');
INSERT INTO ContactAddress (ContactId, AddressId, AddressType) 
	VALUES (376, 501, 1);
INSERT INTO [Address] (Id, Street, City, [State], Country, Postcode) 
		VALUES (502, '100 Mill Street', 'Cannon Hill', 'Otago', 'New Zealand', '4571');
INSERT INTO ContactAddress (ContactId, AddressId, AddressType) 
		VALUES (376, 502, 2);
INSERT INTO Contact (Id, GivenName, Surname, ContactType, CreatedDate, LastModifiedDate) 
	VALUES (377, 'Melody', 'Waters', 'Customer', '2022-06-08 23:15:12', '2023-06-29 19:58:14');
INSERT INTO [Address] (Id, Street, City, [State], Country, Postcode) 
	VALUES (503, '937 Bay Street', 'Carrajung South', 'Catnerbury', 'New Zealand', '4686');
INSERT INTO ContactAddress (ContactId, AddressId, AddressType) 
	VALUES (377, 503, 1);
INSERT INTO Contact (Id, GivenName, Surname, ContactType, CreatedDate, LastModifiedDate) 
	VALUES (378, 'Roy', 'Aguirre', 'Customer', '2021-05-23 02:57:20', '2022-04-04 18:52:13');
INSERT INTO [Address] (Id, Street, City, [State], Country, Postcode) 
	VALUES (504, '788 Broadway', 'Clyde', 'Western Australia', 'Australia', '8138');
INSERT INTO ContactAddress (ContactId, AddressId, AddressType) 
	VALUES (378, 504, 1);
INSERT INTO Contact (Id, GivenName, Surname, ContactType, CreatedDate, LastModifiedDate) 
	VALUES (379, 'Laci', 'Marks', 'Customer', '2021-08-20 05:53:17', '2022-07-28 18:30:06');
INSERT INTO [Address] (Id, Street, City, [State], Country, Postcode) 
	VALUES (505, '1681 Lakeview Drive', 'Mourilyan', 'Wellington', 'New Zealand', '5391');
INSERT INTO ContactAddress (ContactId, AddressId, AddressType) 
	VALUES (379, 505, 1);
INSERT INTO [Address] (Id, Street, City, [State], Country, Postcode) 
		VALUES (506, '926 Overlook Circle', 'Miclere', 'New Plymouth', 'New Zealand', '8387');
INSERT INTO ContactAddress (ContactId, AddressId, AddressType) 
		VALUES (379, 506, 2);
INSERT INTO Contact (Id, GivenName, Surname, ContactType, CreatedDate, LastModifiedDate) 
	VALUES (380, 'Yael', 'Wilkins', 'Customer', '2022-10-17 12:07:55', '2022-11-21 21:39:16');
INSERT INTO [Address] (Id, Street, City, [State], Country, Postcode) 
	VALUES (507, '1813 Pearl Street', 'East Boyd', 'Aukland', 'New Zealand', '8629');
INSERT INTO ContactAddress (ContactId, AddressId, AddressType) 
	VALUES (380, 507, 1);
INSERT INTO Contact (Id, GivenName, Surname, ContactType, CreatedDate, LastModifiedDate) 
	VALUES (381, 'Bronson', 'Kane', 'Other', '2020-03-08 21:53:47', '2022-07-27 00:09:00');
INSERT INTO [Address] (Id, Street, City, [State], Country, Postcode) 
	VALUES (508, '1747 Broad Street West', 'Barry', 'Catnerbury', 'New Zealand', '7451');
INSERT INTO ContactAddress (ContactId, AddressId, AddressType) 
	VALUES (381, 508, 1);
INSERT INTO Contact (Id, GivenName, Surname, ContactType, CreatedDate, LastModifiedDate) 
	VALUES (382, 'Kaylie', 'Bowers', 'Employee', '2023-01-20 01:54:37', '2023-03-14 03:38:01');
INSERT INTO [Address] (Id, Street, City, [State], Country, Postcode) 
	VALUES (509, '1576 4th Street West', 'Nariel Creek', 'Nelson', 'New Zealand', '2631');
INSERT INTO ContactAddress (ContactId, AddressId, AddressType) 
	VALUES (382, 509, 1);
INSERT INTO [Address] (Id, Street, City, [State], Country, Postcode) 
		VALUES (510, '1614 Euclid Avenue', 'Finniss', 'Otago', 'New Zealand', '7845');
INSERT INTO ContactAddress (ContactId, AddressId, AddressType) 
		VALUES (382, 510, 2);
INSERT INTO Contact (Id, GivenName, Surname, ContactType, CreatedDate, LastModifiedDate) 
	VALUES (383, 'Vance', 'Krueger', 'Customer', '2019-06-27 17:18:31', '2020-07-01 22:05:31');
INSERT INTO [Address] (Id, Street, City, [State], Country, Postcode) 
	VALUES (511, '1070 College Street', 'Keswick', 'Wellington', 'New Zealand', '1569');
INSERT INTO ContactAddress (ContactId, AddressId, AddressType) 
	VALUES (383, 511, 1);
INSERT INTO Contact (Id, GivenName, Surname, ContactType, CreatedDate, LastModifiedDate) 
	VALUES (384, 'Amiah', 'Rivas', 'Customer', '2019-08-08 00:46:01', '2020-01-25 12:58:58');
INSERT INTO [Address] (Id, Street, City, [State], Country, Postcode) 
	VALUES (512, '749 Broadway', 'Mount Dalrymple', 'Otago', 'New Zealand', '8167');
INSERT INTO ContactAddress (ContactId, AddressId, AddressType) 
	VALUES (384, 512, 1);
INSERT INTO Contact (Id, GivenName, Surname, ContactType, CreatedDate, LastModifiedDate) 
	VALUES (385, 'Areli', 'Fields', 'Other', '2023-04-08 07:07:20', '2024-01-11 21:10:05');
INSERT INTO [Address] (Id, Street, City, [State], Country, Postcode) 
	VALUES (513, '1525 8th Avenue', 'Gormanston', 'Nelson', 'New Zealand', '3328');
INSERT INTO ContactAddress (ContactId, AddressId, AddressType) 
	VALUES (385, 513, 1);
INSERT INTO [Address] (Id, Street, City, [State], Country, Postcode) 
		VALUES (514, '11 Front Street', 'Degilbo', 'Otago', 'New Zealand', '3592');
INSERT INTO ContactAddress (ContactId, AddressId, AddressType) 
		VALUES (385, 514, 2);
INSERT INTO Contact (Id, GivenName, Surname, ContactType, CreatedDate, LastModifiedDate) 
	VALUES (386, 'Meghan', 'Krueger', 'Customer', '2020-12-08 05:24:51', '2021-01-31 03:52:55');
INSERT INTO [Address] (Id, Street, City, [State], Country, Postcode) 
	VALUES (515, '512 11th Street', 'Yelverton', 'Otago', 'New Zealand', '5014');
INSERT INTO ContactAddress (ContactId, AddressId, AddressType) 
	VALUES (386, 515, 1);
INSERT INTO Contact (Id, GivenName, Surname, ContactType, CreatedDate, LastModifiedDate) 
	VALUES (387, 'Brenna', 'Stephens', 'Customer', '2021-07-25 09:12:38', '2021-08-07 20:58:50');
INSERT INTO [Address] (Id, Street, City, [State], Country, Postcode) 
	VALUES (516, '1741 Euclid Avenue', 'Peppimenarti', 'New Plymouth', 'New Zealand', '3236');
INSERT INTO ContactAddress (ContactId, AddressId, AddressType) 
	VALUES (387, 516, 1);
INSERT INTO Contact (Id, GivenName, Surname, ContactType, CreatedDate, LastModifiedDate) 
	VALUES (388, 'Linda', 'Mcintosh', 'Supplier', '2020-11-17 08:40:20', '2020-11-23 09:03:45');
INSERT INTO [Address] (Id, Street, City, [State], Country, Postcode) 
	VALUES (517, '724 York Road', 'Wollombi', 'Otago', 'New Zealand', '6836');
INSERT INTO ContactAddress (ContactId, AddressId, AddressType) 
	VALUES (388, 517, 1);
INSERT INTO [Address] (Id, Street, City, [State], Country, Postcode) 
		VALUES (518, '64 Eagle Street', 'Tawonga', 'Otago', 'New Zealand', '5560');
INSERT INTO ContactAddress (ContactId, AddressId, AddressType) 
		VALUES (388, 518, 2);
INSERT INTO Contact (Id, GivenName, Surname, ContactType, CreatedDate, LastModifiedDate) 
	VALUES (389, 'Hugh', 'Alexander', 'Customer', '2022-10-20 12:27:45', '2022-10-31 07:56:35');
INSERT INTO [Address] (Id, Street, City, [State], Country, Postcode) 
	VALUES (519, '1558 Bay Street', 'Christies', 'Otago', 'New Zealand', '2687');
INSERT INTO ContactAddress (ContactId, AddressId, AddressType) 
	VALUES (389, 519, 1);
INSERT INTO Contact (Id, GivenName, Surname, ContactType, CreatedDate, LastModifiedDate) 
	VALUES (390, 'Kole', 'Booker', 'Customer', '2021-10-12 15:26:41', '2023-01-10 19:52:49');
INSERT INTO [Address] (Id, Street, City, [State], Country, Postcode) 
	VALUES (520, '1893 Henry Street', 'Reservoir', 'New Plymouth', 'New Zealand', '3091');
INSERT INTO ContactAddress (ContactId, AddressId, AddressType) 
	VALUES (390, 520, 1);
INSERT INTO Contact (Id, GivenName, Surname, ContactType, CreatedDate, LastModifiedDate) 
	VALUES (391, 'Marina', 'Harrington', 'Supplier', '2023-10-20 20:50:35', '2023-12-31 04:39:51');
INSERT INTO [Address] (Id, Street, City, [State], Country, Postcode) 
	VALUES (521, '1089 5th Street South', 'Broadmarsh', 'Otago', 'New Zealand', '1402');
INSERT INTO ContactAddress (ContactId, AddressId, AddressType) 
	VALUES (391, 521, 1);
INSERT INTO [Address] (Id, Street, City, [State], Country, Postcode) 
		VALUES (522, '403 Lake Avenue', 'Upper Gundowring', 'Aukland', 'New Zealand', '4044');
INSERT INTO ContactAddress (ContactId, AddressId, AddressType) 
		VALUES (391, 522, 2);
INSERT INTO Contact (Id, GivenName, Surname, ContactType, CreatedDate, LastModifiedDate) 
	VALUES (392, 'Blaine', 'Sloan', 'Customer', '2019-05-28 19:58:03', '2022-11-13 04:33:40');
INSERT INTO [Address] (Id, Street, City, [State], Country, Postcode) 
	VALUES (523, '767 Park Avenue', 'McKenzie Creek', 'Nelson', 'New Zealand', '6699');
INSERT INTO ContactAddress (ContactId, AddressId, AddressType) 
	VALUES (392, 523, 1);
INSERT INTO Contact (Id, GivenName, Surname, ContactType, CreatedDate, LastModifiedDate) 
	VALUES (393, 'Kallie', 'Hardin', 'Employee', '2021-01-15 14:55:57', '2021-06-14 21:11:42');
INSERT INTO [Address] (Id, Street, City, [State], Country, Postcode) 
	VALUES (524, '1394 Cambridge Court', 'Eton', 'Catnerbury', 'New Zealand', '2996');
INSERT INTO ContactAddress (ContactId, AddressId, AddressType) 
	VALUES (393, 524, 1);
INSERT INTO Contact (Id, GivenName, Surname, ContactType, CreatedDate, LastModifiedDate) 
	VALUES (394, 'Aliya', 'Hall', 'Customer', '2019-06-12 14:41:37', '2020-09-25 12:11:09');
INSERT INTO [Address] (Id, Street, City, [State], Country, Postcode) 
	VALUES (525, '598 Cleveland Avenue', 'Mosman', 'Wellington', 'New Zealand', '5051');
INSERT INTO ContactAddress (ContactId, AddressId, AddressType) 
	VALUES (394, 525, 1);
INSERT INTO [Address] (Id, Street, City, [State], Country, Postcode) 
		VALUES (526, '875 Route 7', 'Nillahcootie', 'Nelson', 'New Zealand', '4575');
INSERT INTO ContactAddress (ContactId, AddressId, AddressType) 
		VALUES (394, 526, 2);
INSERT INTO Contact (Id, GivenName, Surname, ContactType, CreatedDate, LastModifiedDate) 
	VALUES (395, 'Mackenzie', 'Vazquez', 'Customer', '2019-06-26 10:28:01', '2023-01-09 14:55:41');
INSERT INTO [Address] (Id, Street, City, [State], Country, Postcode) 
	VALUES (527, '1815 Virginia Avenue', 'Weatherboard', 'Otago', 'New Zealand', '8357');
INSERT INTO ContactAddress (ContactId, AddressId, AddressType) 
	VALUES (395, 527, 1);
INSERT INTO Contact (Id, GivenName, Surname, ContactType, CreatedDate, LastModifiedDate) 
	VALUES (396, 'Rogelio', 'Allison', 'Customer', '2018-12-27 00:23:34', '2019-10-02 14:12:29');
INSERT INTO [Address] (Id, Street, City, [State], Country, Postcode) 
	VALUES (528, '1383 Route 2', 'Lake Cathie', 'Catnerbury', 'New Zealand', '5836');
INSERT INTO ContactAddress (ContactId, AddressId, AddressType) 
	VALUES (396, 528, 1);
INSERT INTO Contact (Id, GivenName, Surname, ContactType, CreatedDate, LastModifiedDate) 
	VALUES (397, 'Evangeline', 'Case', 'Customer', '2019-04-06 02:25:01', '2020-01-17 04:21:35');
INSERT INTO [Address] (Id, Street, City, [State], Country, Postcode) 
	VALUES (529, '1755 3rd Avenue', 'Lake Cathie', 'Catnerbury', 'New Zealand', '4978');
INSERT INTO ContactAddress (ContactId, AddressId, AddressType) 
	VALUES (397, 529, 1);
INSERT INTO [Address] (Id, Street, City, [State], Country, Postcode) 
		VALUES (530, '796 1st Avenue', 'Carrajung South', 'Nelson', 'New Zealand', '7041');
INSERT INTO ContactAddress (ContactId, AddressId, AddressType) 
		VALUES (397, 530, 2);
INSERT INTO Contact (Id, GivenName, Surname, ContactType, CreatedDate, LastModifiedDate) 
	VALUES (398, 'Simone', 'Cameron', 'Customer', '2021-04-04 04:37:56', '2023-06-18 13:48:55');
INSERT INTO [Address] (Id, Street, City, [State], Country, Postcode) 
	VALUES (531, '1228 Willow Street', 'Nora Head', 'New Plymouth', 'New Zealand', '5381');
INSERT INTO ContactAddress (ContactId, AddressId, AddressType) 
	VALUES (398, 531, 1);
INSERT INTO Contact (Id, GivenName, Surname, ContactType, CreatedDate, LastModifiedDate) 
	VALUES (399, 'Denise', 'Mccormick', 'Customer', '2021-05-28 00:02:32', '2021-11-20 12:02:23');
INSERT INTO [Address] (Id, Street, City, [State], Country, Postcode) 
	VALUES (532, '1059 Canterbury Road', 'Apsley', 'New Plymouth', 'New Zealand', '8766');
INSERT INTO ContactAddress (ContactId, AddressId, AddressType) 
	VALUES (399, 532, 1);
INSERT INTO Contact (Id, GivenName, Surname, ContactType, CreatedDate, LastModifiedDate) 
	VALUES (400, 'Alfredo', 'Mccarthy', 'Other', '2018-10-30 04:22:20', '2019-05-29 03:22:13');
INSERT INTO [Address] (Id, Street, City, [State], Country, Postcode) 
	VALUES (533, '699 Arch Street', 'Yarck', 'Aukland', 'New Zealand', '3849');
INSERT INTO ContactAddress (ContactId, AddressId, AddressType) 
	VALUES (400, 533, 1);
INSERT INTO [Address] (Id, Street, City, [State], Country, Postcode) 
		VALUES (534, '1331 Sunset Drive', 'Berendale', 'Aukland', 'New Zealand', '8829');
INSERT INTO ContactAddress (ContactId, AddressId, AddressType) 
		VALUES (400, 534, 2);
INSERT INTO Contact (Id, GivenName, Surname, ContactType, CreatedDate, LastModifiedDate) 
	VALUES (401, 'Collin', 'Mendoza', 'Customer', '2020-11-19 23:28:56', '2022-03-09 23:19:46');
INSERT INTO [Address] (Id, Street, City, [State], Country, Postcode) 
	VALUES (535, '946 Old York Road', 'Devon Meadows', 'Otago', 'New Zealand', '7185');
INSERT INTO ContactAddress (ContactId, AddressId, AddressType) 
	VALUES (401, 535, 1);
INSERT INTO Contact (Id, GivenName, Surname, ContactType, CreatedDate, LastModifiedDate) 
	VALUES (402, 'Leyla', 'Cross', 'Customer', '2019-03-25 11:00:54', '2019-08-20 19:47:25');
INSERT INTO [Address] (Id, Street, City, [State], Country, Postcode) 
	VALUES (536, '783 Depot Street', 'Lake Biddy', 'Aukland', 'New Zealand', '4113');
INSERT INTO ContactAddress (ContactId, AddressId, AddressType) 
	VALUES (402, 536, 1);
INSERT INTO Contact (Id, GivenName, Surname, ContactType, CreatedDate, LastModifiedDate) 
	VALUES (403, 'Jada', 'Campbell', 'Customer', '2021-10-10 08:41:40', '2022-12-25 02:23:31');
INSERT INTO [Address] (Id, Street, City, [State], Country, Postcode) 
	VALUES (537, '932 Victoria Court', 'Runaway Bay', 'Nelson', 'New Zealand', '7030');
INSERT INTO ContactAddress (ContactId, AddressId, AddressType) 
	VALUES (403, 537, 1);
INSERT INTO [Address] (Id, Street, City, [State], Country, Postcode) 
		VALUES (538, '1074 4th Avenue', 'Ainslie', 'Canberra', 'Australia', '7208');
INSERT INTO ContactAddress (ContactId, AddressId, AddressType) 
		VALUES (403, 538, 2);
INSERT INTO Contact (Id, GivenName, Surname, ContactType, CreatedDate, LastModifiedDate) 
	VALUES (404, 'Brooks', 'Norman', 'Supplier', '2019-02-23 02:44:31', '2021-05-20 15:00:42');
INSERT INTO [Address] (Id, Street, City, [State], Country, Postcode) 
	VALUES (539, '1304 Ridge Street', 'Miclere', 'Otago', 'New Zealand', '3234');
INSERT INTO ContactAddress (ContactId, AddressId, AddressType) 
	VALUES (404, 539, 1);
INSERT INTO Contact (Id, GivenName, Surname, ContactType, CreatedDate, LastModifiedDate) 
	VALUES (405, 'Mariah', 'Griffith', 'Customer', '2018-12-29 06:55:16', '2020-03-02 07:31:51');
INSERT INTO [Address] (Id, Street, City, [State], Country, Postcode) 
	VALUES (540, '1258 Olive Street', 'Mountain Creek', 'New South Wales', 'Australia', '6346');
INSERT INTO ContactAddress (ContactId, AddressId, AddressType) 
	VALUES (405, 540, 1);
INSERT INTO Contact (Id, GivenName, Surname, ContactType, CreatedDate, LastModifiedDate) 
	VALUES (406, 'Elijah', 'Jennings', 'Other', '2020-07-21 01:20:05', '2023-10-03 21:57:38');
INSERT INTO [Address] (Id, Street, City, [State], Country, Postcode) 
	VALUES (541, '1340 Sycamore Street', 'Staceys Bridge', 'Catnerbury', 'New Zealand', '2179');
INSERT INTO ContactAddress (ContactId, AddressId, AddressType) 
	VALUES (406, 541, 1);
INSERT INTO [Address] (Id, Street, City, [State], Country, Postcode) 
		VALUES (542, '969 Route 20', 'Copperfield', 'Wellington', 'New Zealand', '5411');
INSERT INTO ContactAddress (ContactId, AddressId, AddressType) 
		VALUES (406, 542, 2);
INSERT INTO Contact (Id, GivenName, Surname, ContactType, CreatedDate, LastModifiedDate) 
	VALUES (407, 'Dahlia', 'Riley', 'Employee', '2024-01-27 05:47:51', '2024-01-27 08:52:08');
INSERT INTO [Address] (Id, Street, City, [State], Country, Postcode) 
	VALUES (543, '1314 Mulberry Street', 'Blackheath', 'Aukland', 'New Zealand', '7241');
INSERT INTO ContactAddress (ContactId, AddressId, AddressType) 
	VALUES (407, 543, 1);
INSERT INTO Contact (Id, GivenName, Surname, ContactType, CreatedDate, LastModifiedDate) 
	VALUES (408, 'Barrett', 'Lester', 'Customer', '2018-08-25 20:37:15', '2023-05-06 02:53:21');
INSERT INTO [Address] (Id, Street, City, [State], Country, Postcode) 
	VALUES (544, '1739 B Street', 'Woolwick', 'Aukland', 'New Zealand', '3361');
INSERT INTO ContactAddress (ContactId, AddressId, AddressType) 
	VALUES (408, 544, 1);
INSERT INTO Contact (Id, GivenName, Surname, ContactType, CreatedDate, LastModifiedDate) 
	VALUES (409, 'Natalia', 'Reid', 'Employee', '2023-09-13 09:00:53', '2023-11-28 20:45:58');
INSERT INTO [Address] (Id, Street, City, [State], Country, Postcode) 
	VALUES (545, '1216 Canterbury Court', 'Weeaproinah', 'Wellington', 'New Zealand', '5304');
INSERT INTO ContactAddress (ContactId, AddressId, AddressType) 
	VALUES (409, 545, 1);
INSERT INTO [Address] (Id, Street, City, [State], Country, Postcode) 
		VALUES (546, '1334 Brown Street', 'Kongolia', 'Nelson', 'New Zealand', '6834');
INSERT INTO ContactAddress (ContactId, AddressId, AddressType) 
		VALUES (409, 546, 2);
INSERT INTO Contact (Id, GivenName, Surname, ContactType, CreatedDate, LastModifiedDate) 
	VALUES (410, 'Brooklynn', 'Day', 'Supplier', '2023-02-17 03:21:20', '2023-05-22 03:46:19');
INSERT INTO [Address] (Id, Street, City, [State], Country, Postcode) 
	VALUES (547, '1411 Canal Street', 'Crossman', 'New Plymouth', 'New Zealand', '2302');
INSERT INTO ContactAddress (ContactId, AddressId, AddressType) 
	VALUES (410, 547, 1);
INSERT INTO Contact (Id, GivenName, Surname, ContactType, CreatedDate, LastModifiedDate) 
	VALUES (411, 'Santino', 'Holt', 'Supplier', '2020-09-06 08:49:01', '2023-12-26 23:51:16');
INSERT INTO [Address] (Id, Street, City, [State], Country, Postcode) 
	VALUES (548, '1820 Jackson Street', 'South Kumminin', 'New Plymouth', 'New Zealand', '2879');
INSERT INTO ContactAddress (ContactId, AddressId, AddressType) 
	VALUES (411, 548, 1);
INSERT INTO Contact (Id, GivenName, Surname, ContactType, CreatedDate, LastModifiedDate) 
	VALUES (412, 'Kyler', 'Wilkins', 'Customer', '2023-11-27 12:02:13', '2024-01-25 14:01:37');
INSERT INTO [Address] (Id, Street, City, [State], Country, Postcode) 
	VALUES (549, '46 Franklin Avenue', 'Mount Barker Junction', 'Catnerbury', 'New Zealand', '2901');
INSERT INTO ContactAddress (ContactId, AddressId, AddressType) 
	VALUES (412, 549, 1);
INSERT INTO [Address] (Id, Street, City, [State], Country, Postcode) 
		VALUES (550, '1710 Ivy Lane', 'Laidley', 'Wellington', 'New Zealand', '2464');
INSERT INTO ContactAddress (ContactId, AddressId, AddressType) 
		VALUES (412, 550, 2);
INSERT INTO Contact (Id, GivenName, Surname, ContactType, CreatedDate, LastModifiedDate) 
	VALUES (413, 'Mary', 'Greene', 'Customer', '2019-07-05 16:34:59', '2022-04-27 04:00:27');
INSERT INTO [Address] (Id, Street, City, [State], Country, Postcode) 
	VALUES (551, '302 York Road', 'Kalbarri', 'Aukland', 'New Zealand', '5805');
INSERT INTO ContactAddress (ContactId, AddressId, AddressType) 
	VALUES (413, 551, 1);
INSERT INTO Contact (Id, GivenName, Surname, ContactType, CreatedDate, LastModifiedDate) 
	VALUES (414, 'Edgar', 'Friedman', 'Customer', '2021-11-18 09:38:29', '2022-12-06 07:00:54');
INSERT INTO [Address] (Id, Street, City, [State], Country, Postcode) 
	VALUES (552, '944 King Street', 'Kinka', 'Wellington', 'New Zealand', '1060');
INSERT INTO ContactAddress (ContactId, AddressId, AddressType) 
	VALUES (414, 552, 1);
INSERT INTO Contact (Id, GivenName, Surname, ContactType, CreatedDate, LastModifiedDate) 
	VALUES (415, 'Madden', 'Gilbert', 'Customer', '2019-05-08 06:34:40', '2020-03-19 07:13:48');
INSERT INTO [Address] (Id, Street, City, [State], Country, Postcode) 
	VALUES (553, '1917 Meadow Street', 'Morchard', 'New Plymouth', 'New Zealand', '6649');
INSERT INTO ContactAddress (ContactId, AddressId, AddressType) 
	VALUES (415, 553, 1);
INSERT INTO [Address] (Id, Street, City, [State], Country, Postcode) 
		VALUES (554, '183 Meadow Lane', 'Nariel Creek', 'Aukland', 'New Zealand', '6092');
INSERT INTO ContactAddress (ContactId, AddressId, AddressType) 
		VALUES (415, 554, 2);
INSERT INTO Contact (Id, GivenName, Surname, ContactType, CreatedDate, LastModifiedDate) 
	VALUES (416, 'Jaylen', 'Moyer', 'Customer', '2022-04-04 12:45:18', '2023-08-20 08:33:00');
INSERT INTO [Address] (Id, Street, City, [State], Country, Postcode) 
	VALUES (555, '1932 5th Street North', 'Blake', 'Nelson', 'New Zealand', '6405');
INSERT INTO ContactAddress (ContactId, AddressId, AddressType) 
	VALUES (416, 555, 1);
INSERT INTO Contact (Id, GivenName, Surname, ContactType, CreatedDate, LastModifiedDate) 
	VALUES (417, 'Conner', 'Sharp', 'Customer', '2020-10-12 10:58:36', '2024-01-11 09:53:19');
INSERT INTO [Address] (Id, Street, City, [State], Country, Postcode) 
	VALUES (556, '381 White Street', 'Craigallian', 'Otago', 'New Zealand', '3053');
INSERT INTO ContactAddress (ContactId, AddressId, AddressType) 
	VALUES (417, 556, 1);
INSERT INTO Contact (Id, GivenName, Surname, ContactType, CreatedDate, LastModifiedDate) 
	VALUES (418, 'Thaddeus', 'Salinas', 'Customer', '2023-03-03 12:36:38', '2023-09-27 18:16:01');
INSERT INTO [Address] (Id, Street, City, [State], Country, Postcode) 
	VALUES (557, '1089 John Street', 'Jennacubbine', 'New Plymouth', 'New Zealand', '4135');
INSERT INTO ContactAddress (ContactId, AddressId, AddressType) 
	VALUES (418, 557, 1);
INSERT INTO [Address] (Id, Street, City, [State], Country, Postcode) 
		VALUES (558, '1749 Hawthorne Avenue', 'Palmervill', 'Aukland', 'New Zealand', '4080');
INSERT INTO ContactAddress (ContactId, AddressId, AddressType) 
		VALUES (418, 558, 2);
INSERT INTO Contact (Id, GivenName, Surname, ContactType, CreatedDate, LastModifiedDate) 
	VALUES (419, 'Gracelyn', 'Oneill', 'Customer', '2023-05-26 09:44:00', '2023-06-18 10:49:20');
INSERT INTO [Address] (Id, Street, City, [State], Country, Postcode) 
	VALUES (559, '904 Victoria Court', 'Hoya', 'Nelson', 'New Zealand', '8166');
INSERT INTO ContactAddress (ContactId, AddressId, AddressType) 
	VALUES (419, 559, 1);
INSERT INTO Contact (Id, GivenName, Surname, ContactType, CreatedDate, LastModifiedDate) 
	VALUES (420, 'Armani', 'Pierce', 'Employee', '2022-12-16 02:27:17', '2023-01-28 04:48:39');
INSERT INTO [Address] (Id, Street, City, [State], Country, Postcode) 
	VALUES (560, '718 Main Street', 'Beechmont', 'Wellington', 'New Zealand', '8811');
INSERT INTO ContactAddress (ContactId, AddressId, AddressType) 
	VALUES (420, 560, 1);
INSERT INTO Contact (Id, GivenName, Surname, ContactType, CreatedDate, LastModifiedDate) 
	VALUES (421, 'Karen', 'Spears', 'Customer', '2018-08-10 07:42:58', '2020-06-16 12:55:10');
INSERT INTO [Address] (Id, Street, City, [State], Country, Postcode) 
	VALUES (561, '1770 Garfield Avenue', 'Aireys Inlet', 'Aukland', 'New Zealand', '7341');
INSERT INTO ContactAddress (ContactId, AddressId, AddressType) 
	VALUES (421, 561, 1);
INSERT INTO [Address] (Id, Street, City, [State], Country, Postcode) 
		VALUES (562, '522 6th Street', 'Mylor', 'Nelson', 'New Zealand', '1282');
INSERT INTO ContactAddress (ContactId, AddressId, AddressType) 
		VALUES (421, 562, 2);
INSERT INTO Contact (Id, GivenName, Surname, ContactType, CreatedDate, LastModifiedDate) 
	VALUES (422, 'Kaya', 'Graham', 'Customer', '2021-04-27 15:18:15', '2023-01-08 20:15:10');
INSERT INTO [Address] (Id, Street, City, [State], Country, Postcode) 
	VALUES (563, '1145 Route 17', 'Westville', 'Otago', 'New Zealand', '8422');
INSERT INTO ContactAddress (ContactId, AddressId, AddressType) 
	VALUES (422, 563, 1);
INSERT INTO Contact (Id, GivenName, Surname, ContactType, CreatedDate, LastModifiedDate) 
	VALUES (423, 'Anne', 'Hart', 'Employee', '2021-10-30 09:33:21', '2023-05-04 06:45:59');
INSERT INTO [Address] (Id, Street, City, [State], Country, Postcode) 
	VALUES (564, '1100 Jefferson Court', 'Parkville', 'Catnerbury', 'New Zealand', '6582');
INSERT INTO ContactAddress (ContactId, AddressId, AddressType) 
	VALUES (423, 564, 1);
INSERT INTO Contact (Id, GivenName, Surname, ContactType, CreatedDate, LastModifiedDate) 
	VALUES (424, 'Jasiah', 'Cook', 'Customer', '2021-08-07 20:04:50', '2022-06-19 01:27:55');
INSERT INTO [Address] (Id, Street, City, [State], Country, Postcode) 
	VALUES (565, '94 Arlington Avenue', 'Talbotville', 'Nelson', 'New Zealand', '3567');
INSERT INTO ContactAddress (ContactId, AddressId, AddressType) 
	VALUES (424, 565, 1);
INSERT INTO [Address] (Id, Street, City, [State], Country, Postcode) 
		VALUES (566, '1427 Willow Street', 'Nunkeri', 'New Plymouth', 'New Zealand', '7767');
INSERT INTO ContactAddress (ContactId, AddressId, AddressType) 
		VALUES (424, 566, 2);
INSERT INTO Contact (Id, GivenName, Surname, ContactType, CreatedDate, LastModifiedDate) 
	VALUES (425, 'Elijah', 'Hayden', 'Customer', '2021-02-23 06:09:29', '2022-06-18 02:10:31');
INSERT INTO [Address] (Id, Street, City, [State], Country, Postcode) 
	VALUES (567, '1817 Willow Drive', 'Apsley', 'New Plymouth', 'New Zealand', '5491');
INSERT INTO ContactAddress (ContactId, AddressId, AddressType) 
	VALUES (425, 567, 1);
INSERT INTO Contact (Id, GivenName, Surname, ContactType, CreatedDate, LastModifiedDate) 
	VALUES (426, 'Brenden', 'Keller', 'Customer', '2024-01-19 21:41:08', '2024-01-29 05:43:39');
INSERT INTO [Address] (Id, Street, City, [State], Country, Postcode) 
	VALUES (568, '1175 Maple Street', 'Coledale', 'Wellington', 'New Zealand', '2026');
INSERT INTO ContactAddress (ContactId, AddressId, AddressType) 
	VALUES (426, 568, 1);
INSERT INTO Contact (Id, GivenName, Surname, ContactType, CreatedDate, LastModifiedDate) 
	VALUES (427, 'Corinne', 'Hoffman', 'Supplier', '2021-08-16 22:00:57', '2023-04-07 01:56:02');
INSERT INTO [Address] (Id, Street, City, [State], Country, Postcode) 
	VALUES (569, '1739 Sherman Street', 'Hollow Tree', 'Wellington', 'New Zealand', '1027');
INSERT INTO ContactAddress (ContactId, AddressId, AddressType) 
	VALUES (427, 569, 1);
INSERT INTO [Address] (Id, Street, City, [State], Country, Postcode) 
		VALUES (570, '951 Route 29', 'North Queenstown', 'Otago', 'New Zealand', '7816');
INSERT INTO ContactAddress (ContactId, AddressId, AddressType) 
		VALUES (427, 570, 2);
INSERT INTO Contact (Id, GivenName, Surname, ContactType, CreatedDate, LastModifiedDate) 
	VALUES (428, 'Adriel', 'Mathews', 'Customer', '2021-10-15 23:32:23', '2022-10-01 05:01:14');
INSERT INTO [Address] (Id, Street, City, [State], Country, Postcode) 
	VALUES (571, '1812 2nd Street East', 'Coombell', 'New Plymouth', 'New Zealand', '7033');
INSERT INTO ContactAddress (ContactId, AddressId, AddressType) 
	VALUES (428, 571, 1);
INSERT INTO Contact (Id, GivenName, Surname, ContactType, CreatedDate, LastModifiedDate) 
	VALUES (429, 'Parker', 'Perry', 'Customer', '2019-04-11 02:35:49', '2022-07-30 20:29:40');
INSERT INTO [Address] (Id, Street, City, [State], Country, Postcode) 
	VALUES (572, '337 Willow Street', 'Monameith', 'New Plymouth', 'New Zealand', '1451');
INSERT INTO ContactAddress (ContactId, AddressId, AddressType) 
	VALUES (429, 572, 1);
INSERT INTO Contact (Id, GivenName, Surname, ContactType, CreatedDate, LastModifiedDate) 
	VALUES (430, 'Dangelo', 'Sullivan', 'Customer', '2022-09-01 12:24:16', '2023-05-25 22:07:11');
INSERT INTO [Address] (Id, Street, City, [State], Country, Postcode) 
	VALUES (573, '435 College Avenue', 'Blackheath', 'Aukland', 'New Zealand', '5482');
INSERT INTO ContactAddress (ContactId, AddressId, AddressType) 
	VALUES (430, 573, 1);
INSERT INTO [Address] (Id, Street, City, [State], Country, Postcode) 
		VALUES (574, '165 Atlantic Avenue', 'Willangie', 'Wellington', 'New Zealand', '4405');
INSERT INTO ContactAddress (ContactId, AddressId, AddressType) 
		VALUES (430, 574, 2);
INSERT INTO Contact (Id, GivenName, Surname, ContactType, CreatedDate, LastModifiedDate) 
	VALUES (431, 'Destinee', 'Zavala', 'Other', '2019-12-02 03:49:04', '2021-06-01 19:20:30');
INSERT INTO [Address] (Id, Street, City, [State], Country, Postcode) 
	VALUES (575, '580 4th Avenue', 'Airlie Beach', 'Catnerbury', 'New Zealand', '6288');
INSERT INTO ContactAddress (ContactId, AddressId, AddressType) 
	VALUES (431, 575, 1);
INSERT INTO Contact (Id, GivenName, Surname, ContactType, CreatedDate, LastModifiedDate) 
	VALUES (432, 'Dakota', 'Frederick', 'Customer', '2023-03-12 16:24:10', '2023-12-23 10:15:29');
INSERT INTO [Address] (Id, Street, City, [State], Country, Postcode) 
	VALUES (576, '218 Route 11', 'Lamington', 'Canberra', 'Australia', '4802');
INSERT INTO ContactAddress (ContactId, AddressId, AddressType) 
	VALUES (432, 576, 1);
INSERT INTO Contact (Id, GivenName, Surname, ContactType, CreatedDate, LastModifiedDate) 
	VALUES (433, 'Jaydon', 'Morales', 'Supplier', '2023-12-12 06:43:24', '2023-12-23 03:33:24');
INSERT INTO [Address] (Id, Street, City, [State], Country, Postcode) 
	VALUES (577, '1784 Pin Oak Drive', 'Elliminyt', 'Otago', 'New Zealand', '8513');
INSERT INTO ContactAddress (ContactId, AddressId, AddressType) 
	VALUES (433, 577, 1);
INSERT INTO [Address] (Id, Street, City, [State], Country, Postcode) 
		VALUES (578, '1435 Berkshire Drive', 'Warkton', 'Otago', 'New Zealand', '7642');
INSERT INTO ContactAddress (ContactId, AddressId, AddressType) 
		VALUES (433, 578, 2);
INSERT INTO Contact (Id, GivenName, Surname, ContactType, CreatedDate, LastModifiedDate) 
	VALUES (434, 'Xavier', 'Blair', 'Customer', '2019-01-30 07:12:54', '2022-01-20 11:40:30');
INSERT INTO [Address] (Id, Street, City, [State], Country, Postcode) 
	VALUES (579, '929 Mill Street', 'Hinton', 'Catnerbury', 'New Zealand', '3315');
INSERT INTO ContactAddress (ContactId, AddressId, AddressType) 
	VALUES (434, 579, 1);
INSERT INTO Contact (Id, GivenName, Surname, ContactType, CreatedDate, LastModifiedDate) 
	VALUES (435, 'Jacey', 'Fuentes', 'Supplier', '2023-08-01 19:56:42', '2023-08-14 07:45:17');
INSERT INTO [Address] (Id, Street, City, [State], Country, Postcode) 
	VALUES (580, '424 Ivy Court', 'Panton Hill', 'Wellington', 'New Zealand', '1569');
INSERT INTO ContactAddress (ContactId, AddressId, AddressType) 
	VALUES (435, 580, 1);
INSERT INTO Contact (Id, GivenName, Surname, ContactType, CreatedDate, LastModifiedDate) 
	VALUES (436, 'Charity', 'Best', 'Employee', '2019-11-04 12:44:00', '2022-09-20 05:55:12');
INSERT INTO [Address] (Id, Street, City, [State], Country, Postcode) 
	VALUES (581, '1202 Route 7', 'Nariel Creek', 'Wellington', 'New Zealand', '7686');
INSERT INTO ContactAddress (ContactId, AddressId, AddressType) 
	VALUES (436, 581, 1);
INSERT INTO [Address] (Id, Street, City, [State], Country, Postcode) 
		VALUES (582, '1206 Country Lane', 'Moolerr', 'Catnerbury', 'New Zealand', '3321');
INSERT INTO ContactAddress (ContactId, AddressId, AddressType) 
		VALUES (436, 582, 2);
INSERT INTO Contact (Id, GivenName, Surname, ContactType, CreatedDate, LastModifiedDate) 
	VALUES (437, 'Kobe', 'Graves', 'Customer', '2021-03-09 16:33:17', '2022-06-25 18:39:35');
INSERT INTO [Address] (Id, Street, City, [State], Country, Postcode) 
	VALUES (583, '402 Circle Drive', 'Hinton', 'New Plymouth', 'New Zealand', '4423');
INSERT INTO ContactAddress (ContactId, AddressId, AddressType) 
	VALUES (437, 583, 1);
INSERT INTO Contact (Id, GivenName, Surname, ContactType, CreatedDate, LastModifiedDate) 
	VALUES (438, 'Faith', 'Hanna', 'Supplier', '2023-05-16 12:05:46', '2023-11-30 18:54:18');
INSERT INTO [Address] (Id, Street, City, [State], Country, Postcode) 
	VALUES (584, '644 11th Street', 'Reservoir', 'Aukland', 'New Zealand', '4288');
INSERT INTO ContactAddress (ContactId, AddressId, AddressType) 
	VALUES (438, 584, 1);
INSERT INTO Contact (Id, GivenName, Surname, ContactType, CreatedDate, LastModifiedDate) 
	VALUES (439, 'Kianna', 'Chase', 'Customer', '2021-04-25 19:59:17', '2021-11-16 02:18:47');
INSERT INTO [Address] (Id, Street, City, [State], Country, Postcode) 
	VALUES (585, '1561 Water Street', 'My-yon', 'Wellington', 'New Zealand', '6151');
INSERT INTO ContactAddress (ContactId, AddressId, AddressType) 
	VALUES (439, 585, 1);
INSERT INTO [Address] (Id, Street, City, [State], Country, Postcode) 
		VALUES (586, '1652 Jones Street', 'Yambla', 'Catnerbury', 'New Zealand', '4295');
INSERT INTO ContactAddress (ContactId, AddressId, AddressType) 
		VALUES (439, 586, 2);
INSERT INTO Contact (Id, GivenName, Surname, ContactType, CreatedDate, LastModifiedDate) 
	VALUES (440, 'Jonathon', 'Marshall', 'Customer', '2021-06-16 14:38:38', '2021-06-18 00:28:52');
INSERT INTO [Address] (Id, Street, City, [State], Country, Postcode) 
	VALUES (587, '1777 Oak Lane', 'Salt Ash', 'New Plymouth', 'New Zealand', '1778');
INSERT INTO ContactAddress (ContactId, AddressId, AddressType) 
	VALUES (440, 587, 1);
INSERT INTO Contact (Id, GivenName, Surname, ContactType, CreatedDate, LastModifiedDate) 
	VALUES (441, 'Clare', 'Mullen', 'Customer', '2020-07-17 11:19:45', '2021-11-28 06:37:37');
INSERT INTO [Address] (Id, Street, City, [State], Country, Postcode) 
	VALUES (588, '962 2nd Street North', 'Gowangardie', 'Wellington', 'New Zealand', '6730');
INSERT INTO ContactAddress (ContactId, AddressId, AddressType) 
	VALUES (441, 588, 1);
INSERT INTO Contact (Id, GivenName, Surname, ContactType, CreatedDate, LastModifiedDate) 
	VALUES (442, 'Kallie', 'Howe', 'Customer', '2022-10-12 20:21:49', '2023-11-08 09:16:09');
INSERT INTO [Address] (Id, Street, City, [State], Country, Postcode) 
	VALUES (589, '745 Augusta Drive', 'Bakers Gully', 'Catnerbury', 'New Zealand', '1246');
INSERT INTO ContactAddress (ContactId, AddressId, AddressType) 
	VALUES (442, 589, 1);
INSERT INTO [Address] (Id, Street, City, [State], Country, Postcode) 
		VALUES (590, '74 Highland Drive', 'Wilsons Downfall', 'Otago', 'New Zealand', '8612');
INSERT INTO ContactAddress (ContactId, AddressId, AddressType) 
		VALUES (442, 590, 2);
INSERT INTO Contact (Id, GivenName, Surname, ContactType, CreatedDate, LastModifiedDate) 
	VALUES (443, 'Elena', 'Mcpherson', 'Customer', '2021-10-22 11:29:10', '2023-05-01 11:00:32');
INSERT INTO [Address] (Id, Street, City, [State], Country, Postcode) 
	VALUES (591, '1577 Winding Way', 'Mannering Park', 'Wellington', 'New Zealand', '6833');
INSERT INTO ContactAddress (ContactId, AddressId, AddressType) 
	VALUES (443, 591, 1);
INSERT INTO Contact (Id, GivenName, Surname, ContactType, CreatedDate, LastModifiedDate) 
	VALUES (444, 'Joey', 'Rollins', 'Other', '2020-01-23 00:34:40', '2021-11-20 07:04:16');
INSERT INTO [Address] (Id, Street, City, [State], Country, Postcode) 
	VALUES (592, '923 Surrey Lane', 'Morchard', 'Otago', 'New Zealand', '4520');
INSERT INTO ContactAddress (ContactId, AddressId, AddressType) 
	VALUES (444, 592, 1);
INSERT INTO Contact (Id, GivenName, Surname, ContactType, CreatedDate, LastModifiedDate) 
	VALUES (445, 'Jordyn', 'Delgado', 'Customer', '2024-01-27 00:19:54', '2024-01-29 04:45:22');
INSERT INTO [Address] (Id, Street, City, [State], Country, Postcode) 
	VALUES (593, '348 Hartford Road', 'Brownlow', 'Wellington', 'New Zealand', '5264');
INSERT INTO ContactAddress (ContactId, AddressId, AddressType) 
	VALUES (445, 593, 1);
INSERT INTO [Address] (Id, Street, City, [State], Country, Postcode) 
		VALUES (594, '936 Lakeview Drive', 'Stokers Siding', 'Catnerbury', 'New Zealand', '4182');
INSERT INTO ContactAddress (ContactId, AddressId, AddressType) 
		VALUES (445, 594, 2);
INSERT INTO Contact (Id, GivenName, Surname, ContactType, CreatedDate, LastModifiedDate) 
	VALUES (446, 'Keith', 'Sherman', 'Customer', '2021-08-20 12:41:10', '2021-09-19 12:35:02');
INSERT INTO [Address] (Id, Street, City, [State], Country, Postcode) 
	VALUES (595, '505 Franklin Court', 'Cooran', 'Wellington', 'New Zealand', '6217');
INSERT INTO ContactAddress (ContactId, AddressId, AddressType) 
	VALUES (446, 595, 1);
INSERT INTO Contact (Id, GivenName, Surname, ContactType, CreatedDate, LastModifiedDate) 
	VALUES (447, 'Gina', 'Reynolds', 'Customer', '2024-01-18 03:21:06', '2024-01-19 15:44:15');
INSERT INTO [Address] (Id, Street, City, [State], Country, Postcode) 
	VALUES (596, '758 High Street', 'Maldon', 'Aukland', 'New Zealand', '5058');
INSERT INTO ContactAddress (ContactId, AddressId, AddressType) 
	VALUES (447, 596, 1);
INSERT INTO Contact (Id, GivenName, Surname, ContactType, CreatedDate, LastModifiedDate) 
	VALUES (448, 'Skye', 'Thomas', 'Customer', '2023-07-29 09:30:09', '2023-09-10 13:59:33');
INSERT INTO [Address] (Id, Street, City, [State], Country, Postcode) 
	VALUES (597, '837 Strawberry Lane', 'Nareen', 'Catnerbury', 'New Zealand', '4441');
INSERT INTO ContactAddress (ContactId, AddressId, AddressType) 
	VALUES (448, 597, 1);
INSERT INTO [Address] (Id, Street, City, [State], Country, Postcode) 
		VALUES (598, '1814 Westminster Drive', 'Queenscliffe', 'New Plymouth', 'New Zealand', '6742');
INSERT INTO ContactAddress (ContactId, AddressId, AddressType) 
		VALUES (448, 598, 2);
INSERT INTO Contact (Id, GivenName, Surname, ContactType, CreatedDate, LastModifiedDate) 
	VALUES (449, 'Samson', 'Pittman', 'Employee', '2021-03-27 13:19:59', '2022-06-11 18:15:49');
INSERT INTO [Address] (Id, Street, City, [State], Country, Postcode) 
	VALUES (599, '44 River Street', 'Burrapine', 'Wellington', 'New Zealand', '3892');
INSERT INTO ContactAddress (ContactId, AddressId, AddressType) 
	VALUES (449, 599, 1);
INSERT INTO Contact (Id, GivenName, Surname, ContactType, CreatedDate, LastModifiedDate) 
	VALUES (450, 'Yusuf', 'Ayala', 'Customer', '2022-11-14 12:20:11', '2023-09-09 07:56:27');
INSERT INTO [Address] (Id, Street, City, [State], Country, Postcode) 
	VALUES (600, '540 Lafayette Street', 'Temma', 'Wellington', 'New Zealand', '8362');
INSERT INTO ContactAddress (ContactId, AddressId, AddressType) 
	VALUES (450, 600, 1);
INSERT INTO Contact (Id, GivenName, Surname, ContactType, CreatedDate, LastModifiedDate) 
	VALUES (451, 'Jeremy', 'Hoffman', 'Supplier', '2020-03-10 19:39:33', '2021-09-16 15:45:56');
INSERT INTO [Address] (Id, Street, City, [State], Country, Postcode) 
	VALUES (601, '218 Grand Avenue', 'Mount McIntyre', 'Catnerbury', 'New Zealand', '8738');
INSERT INTO ContactAddress (ContactId, AddressId, AddressType) 
	VALUES (451, 601, 1);
INSERT INTO [Address] (Id, Street, City, [State], Country, Postcode) 
		VALUES (602, '1177 John Street', 'Brownlow', 'Aukland', 'New Zealand', '5101');
INSERT INTO ContactAddress (ContactId, AddressId, AddressType) 
		VALUES (451, 602, 2);
INSERT INTO Contact (Id, GivenName, Surname, ContactType, CreatedDate, LastModifiedDate) 
	VALUES (452, 'Tiffany', 'Phillips', 'Customer', '2018-10-14 15:18:31', '2019-03-16 17:23:11');
INSERT INTO [Address] (Id, Street, City, [State], Country, Postcode) 
	VALUES (603, '1967 Oak Avenue', 'Opossum Bay', 'Wellington', 'New Zealand', '3409');
INSERT INTO ContactAddress (ContactId, AddressId, AddressType) 
	VALUES (452, 603, 1);
INSERT INTO Contact (Id, GivenName, Surname, ContactType, CreatedDate, LastModifiedDate) 
	VALUES (453, 'Mason', 'Holloway', 'Customer', '2019-01-23 06:41:55', '2023-12-24 19:40:54');
INSERT INTO [Address] (Id, Street, City, [State], Country, Postcode) 
	VALUES (604, '1523 Railroad Street', 'Almurta East', 'Wellington', 'New Zealand', '7319');
INSERT INTO ContactAddress (ContactId, AddressId, AddressType) 
	VALUES (453, 604, 1);
INSERT INTO Contact (Id, GivenName, Surname, ContactType, CreatedDate, LastModifiedDate) 
	VALUES (454, 'Destinee', 'Larson', 'Customer', '2024-01-10 01:09:56', '2024-01-27 10:02:10');
INSERT INTO [Address] (Id, Street, City, [State], Country, Postcode) 
	VALUES (605, '502 1st Street', 'Ainslie', 'New Plymouth', 'New Zealand', '4780');
INSERT INTO ContactAddress (ContactId, AddressId, AddressType) 
	VALUES (454, 605, 1);
INSERT INTO [Address] (Id, Street, City, [State], Country, Postcode) 
		VALUES (606, '382 Adams Avenue', 'Saint Ives', 'Nelson', 'New Zealand', '7712');
INSERT INTO ContactAddress (ContactId, AddressId, AddressType) 
		VALUES (454, 606, 2);
INSERT INTO Contact (Id, GivenName, Surname, ContactType, CreatedDate, LastModifiedDate) 
	VALUES (455, 'Ruben', 'Case', 'Customer', '2022-11-24 01:31:08', '2023-11-05 19:01:08');
INSERT INTO [Address] (Id, Street, City, [State], Country, Postcode) 
	VALUES (607, '1926 Belmont Avenue', 'Pilbara Mining Centre', 'New Plymouth', 'New Zealand', '7727');
INSERT INTO ContactAddress (ContactId, AddressId, AddressType) 
	VALUES (455, 607, 1);
INSERT INTO Contact (Id, GivenName, Surname, ContactType, CreatedDate, LastModifiedDate) 
	VALUES (456, 'Anabella', 'Hubbard', 'Customer', '2019-06-29 17:36:30', '2023-05-01 03:46:07');
INSERT INTO [Address] (Id, Street, City, [State], Country, Postcode) 
	VALUES (608, '1102 Broad Street', 'Strathfield', 'Otago', 'New Zealand', '4478');
INSERT INTO ContactAddress (ContactId, AddressId, AddressType) 
	VALUES (456, 608, 1);
INSERT INTO Contact (Id, GivenName, Surname, ContactType, CreatedDate, LastModifiedDate) 
	VALUES (457, 'Kamila', 'Singh', 'Other', '2021-10-23 07:09:49', '2023-11-04 22:31:30');
INSERT INTO [Address] (Id, Street, City, [State], Country, Postcode) 
	VALUES (609, '204 9th Street West', 'Baladjie', 'New Plymouth', 'New Zealand', '3354');
INSERT INTO ContactAddress (ContactId, AddressId, AddressType) 
	VALUES (457, 609, 1);
INSERT INTO [Address] (Id, Street, City, [State], Country, Postcode) 
		VALUES (610, '1276 School Street', 'Hampshire', 'Otago', 'New Zealand', '1437');
INSERT INTO ContactAddress (ContactId, AddressId, AddressType) 
		VALUES (457, 610, 2);
INSERT INTO Contact (Id, GivenName, Surname, ContactType, CreatedDate, LastModifiedDate) 
	VALUES (458, 'Paloma', 'Proctor', 'Customer', '2023-10-11 21:15:03', '2023-12-08 16:13:22');
INSERT INTO [Address] (Id, Street, City, [State], Country, Postcode) 
	VALUES (611, '1751 6th Avenue', 'Winterbourne', 'Aukland', 'New Zealand', '1007');
INSERT INTO ContactAddress (ContactId, AddressId, AddressType) 
	VALUES (458, 611, 1);
INSERT INTO Contact (Id, GivenName, Surname, ContactType, CreatedDate, LastModifiedDate) 
	VALUES (459, 'Dillon', 'Torres', 'Supplier', '2018-09-15 21:08:09', '2022-07-28 16:54:05');
INSERT INTO [Address] (Id, Street, City, [State], Country, Postcode) 
	VALUES (612, '629 Garfield Avenue', 'Wangonilla', 'Northern Territory', 'Australia', '4651');
INSERT INTO ContactAddress (ContactId, AddressId, AddressType) 
	VALUES (459, 612, 1);
INSERT INTO Contact (Id, GivenName, Surname, ContactType, CreatedDate, LastModifiedDate) 
	VALUES (460, 'Noel', 'Archer', 'Customer', '2018-11-09 15:29:44', '2021-04-18 02:54:30');
INSERT INTO [Address] (Id, Street, City, [State], Country, Postcode) 
	VALUES (613, '1281 Lincoln Avenue', 'Lilypond', 'New Plymouth', 'New Zealand', '5610');
INSERT INTO ContactAddress (ContactId, AddressId, AddressType) 
	VALUES (460, 613, 1);
INSERT INTO [Address] (Id, Street, City, [State], Country, Postcode) 
		VALUES (614, '843 George Street', 'Yering', 'New Plymouth', 'New Zealand', '2257');
INSERT INTO ContactAddress (ContactId, AddressId, AddressType) 
		VALUES (460, 614, 2);
INSERT INTO Contact (Id, GivenName, Surname, ContactType, CreatedDate, LastModifiedDate) 
	VALUES (461, 'Beatrice', 'Wheeler', 'Customer', '2023-08-19 23:44:15', '2023-12-29 14:39:52');
INSERT INTO [Address] (Id, Street, City, [State], Country, Postcode) 
	VALUES (615, '211 Park Place', 'Humphery', 'Catnerbury', 'New Zealand', '8534');
INSERT INTO ContactAddress (ContactId, AddressId, AddressType) 
	VALUES (461, 615, 1);
INSERT INTO Contact (Id, GivenName, Surname, ContactType, CreatedDate, LastModifiedDate) 
	VALUES (462, 'Rihanna', 'Calhoun', 'Customer', '2019-04-23 16:47:57', '2021-07-05 12:29:17');
INSERT INTO [Address] (Id, Street, City, [State], Country, Postcode) 
	VALUES (616, '1415 Roosevelt Avenue', 'Maldon', 'Catnerbury', 'New Zealand', '1180');
INSERT INTO ContactAddress (ContactId, AddressId, AddressType) 
	VALUES (462, 616, 1);
INSERT INTO Contact (Id, GivenName, Surname, ContactType, CreatedDate, LastModifiedDate) 
	VALUES (463, 'Wayne', 'Eaton', 'Supplier', '2020-11-06 05:34:53', '2023-07-27 08:41:14');
INSERT INTO [Address] (Id, Street, City, [State], Country, Postcode) 
	VALUES (617, '919 6th Street', 'Murray Town', 'Wellington', 'New Zealand', '1081');
INSERT INTO ContactAddress (ContactId, AddressId, AddressType) 
	VALUES (463, 617, 1);
INSERT INTO [Address] (Id, Street, City, [State], Country, Postcode) 
		VALUES (618, '453 Circle Drive', 'Nunkeri', 'Nelson', 'New Zealand', '5867');
INSERT INTO ContactAddress (ContactId, AddressId, AddressType) 
		VALUES (463, 618, 2);
INSERT INTO Contact (Id, GivenName, Surname, ContactType, CreatedDate, LastModifiedDate) 
	VALUES (464, 'Zaiden', 'Proctor', 'Customer', '2020-10-09 12:37:07', '2023-11-15 22:17:31');
INSERT INTO [Address] (Id, Street, City, [State], Country, Postcode) 
	VALUES (619, '384 Hilltop Road', 'Moogara', 'Wellington', 'New Zealand', '1671');
INSERT INTO ContactAddress (ContactId, AddressId, AddressType) 
	VALUES (464, 619, 1);
INSERT INTO Contact (Id, GivenName, Surname, ContactType, CreatedDate, LastModifiedDate) 
	VALUES (465, 'Alijah', 'Myers', 'Employee', '2022-04-22 09:20:19', '2023-08-31 02:41:41');
INSERT INTO [Address] (Id, Street, City, [State], Country, Postcode) 
	VALUES (620, '1190 Canterbury Drive', 'Nalangil', 'Catnerbury', 'New Zealand', '4185');
INSERT INTO ContactAddress (ContactId, AddressId, AddressType) 
	VALUES (465, 620, 1);
INSERT INTO Contact (Id, GivenName, Surname, ContactType, CreatedDate, LastModifiedDate) 
	VALUES (466, 'Sophie', 'Schwartz', 'Customer', '2023-01-19 20:54:05', '2023-11-27 13:43:50');
INSERT INTO [Address] (Id, Street, City, [State], Country, Postcode) 
	VALUES (621, '532 13th Street', 'Sussex Mill', 'Aukland', 'New Zealand', '8096');
INSERT INTO ContactAddress (ContactId, AddressId, AddressType) 
	VALUES (466, 621, 1);
INSERT INTO [Address] (Id, Street, City, [State], Country, Postcode) 
		VALUES (622, '1967 Wood Street', 'Uranquinty', 'New Plymouth', 'New Zealand', '3038');
INSERT INTO ContactAddress (ContactId, AddressId, AddressType) 
		VALUES (466, 622, 2);
INSERT INTO Contact (Id, GivenName, Surname, ContactType, CreatedDate, LastModifiedDate) 
	VALUES (467, 'Heidy', 'Patrick', 'Customer', '2018-09-05 04:23:32', '2022-02-26 08:18:45');
INSERT INTO [Address] (Id, Street, City, [State], Country, Postcode) 
	VALUES (623, '1363 Chestnut Street', 'Congo Park', 'New Plymouth', 'New Zealand', '4126');
INSERT INTO ContactAddress (ContactId, AddressId, AddressType) 
	VALUES (467, 623, 1);
INSERT INTO Contact (Id, GivenName, Surname, ContactType, CreatedDate, LastModifiedDate) 
	VALUES (468, 'Mayra', 'Peters', 'Customer', '2021-06-05 01:31:05', '2023-12-22 03:24:48');
INSERT INTO [Address] (Id, Street, City, [State], Country, Postcode) 
	VALUES (624, '1183 Colonial Drive', 'Humphery', 'Catnerbury', 'New Zealand', '2751');
INSERT INTO ContactAddress (ContactId, AddressId, AddressType) 
	VALUES (468, 624, 1);
INSERT INTO Contact (Id, GivenName, Surname, ContactType, CreatedDate, LastModifiedDate) 
	VALUES (469, 'Kareem', 'Larson', 'Other', '2018-11-27 22:42:28', '2020-03-19 20:17:00');
INSERT INTO [Address] (Id, Street, City, [State], Country, Postcode) 
	VALUES (625, '1623 Buttonwood Drive', 'Teal Flat', 'Wellington', 'New Zealand', '5824');
INSERT INTO ContactAddress (ContactId, AddressId, AddressType) 
	VALUES (469, 625, 1);
INSERT INTO [Address] (Id, Street, City, [State], Country, Postcode) 
		VALUES (626, '1585 8th Avenue', 'Gembrook North', 'Nelson', 'New Zealand', '5283');
INSERT INTO ContactAddress (ContactId, AddressId, AddressType) 
		VALUES (469, 626, 2);
INSERT INTO Contact (Id, GivenName, Surname, ContactType, CreatedDate, LastModifiedDate) 
	VALUES (470, 'Damien', 'Blackburn', 'Employee', '2022-01-25 10:32:19', '2023-10-26 07:23:07');
INSERT INTO [Address] (Id, Street, City, [State], Country, Postcode) 
	VALUES (627, '439 Riverside Drive', 'Mount Whitfield', 'Catnerbury', 'New Zealand', '8753');
INSERT INTO ContactAddress (ContactId, AddressId, AddressType) 
	VALUES (470, 627, 1);
INSERT INTO Contact (Id, GivenName, Surname, ContactType, CreatedDate, LastModifiedDate) 
	VALUES (471, 'Leslie', 'Brandt', 'Customer', '2019-12-18 19:46:03', '2020-05-15 10:34:05');
INSERT INTO [Address] (Id, Street, City, [State], Country, Postcode) 
	VALUES (628, '451 Lafayette Street', 'Ross River', 'New Plymouth', 'New Zealand', '4625');
INSERT INTO ContactAddress (ContactId, AddressId, AddressType) 
	VALUES (471, 628, 1);
INSERT INTO Contact (Id, GivenName, Surname, ContactType, CreatedDate, LastModifiedDate) 
	VALUES (472, 'Finnegan', 'Acosta', 'Customer', '2022-03-23 04:55:50', '2023-10-28 19:39:59');
INSERT INTO [Address] (Id, Street, City, [State], Country, Postcode) 
	VALUES (629, '1789 Delaware Avenue', 'North Queenstown', 'Otago', 'New Zealand', '4635');
INSERT INTO ContactAddress (ContactId, AddressId, AddressType) 
	VALUES (472, 629, 1);
INSERT INTO [Address] (Id, Street, City, [State], Country, Postcode) 
		VALUES (630, '458 5th Street East', 'South Townsville', 'Nelson', 'New Zealand', '1631');
INSERT INTO ContactAddress (ContactId, AddressId, AddressType) 
		VALUES (472, 630, 2);
INSERT INTO Contact (Id, GivenName, Surname, ContactType, CreatedDate, LastModifiedDate) 
	VALUES (473, 'Faith', 'Sanford', 'Customer', '2021-05-23 14:31:07', '2024-01-09 02:29:10');
INSERT INTO [Address] (Id, Street, City, [State], Country, Postcode) 
	VALUES (631, '886 Wood Street', 'Carrajung South', 'Wellington', 'New Zealand', '1741');
INSERT INTO ContactAddress (ContactId, AddressId, AddressType) 
	VALUES (473, 631, 1);
INSERT INTO Contact (Id, GivenName, Surname, ContactType, CreatedDate, LastModifiedDate) 
	VALUES (474, 'Mackenzie', 'Drake', 'Customer', '2023-06-08 11:40:58', '2023-09-16 14:24:53');
INSERT INTO [Address] (Id, Street, City, [State], Country, Postcode) 
	VALUES (632, '74 Hillside Avenue', 'Burabadji', 'Otago', 'New Zealand', '4125');
INSERT INTO ContactAddress (ContactId, AddressId, AddressType) 
	VALUES (474, 632, 1);
INSERT INTO Contact (Id, GivenName, Surname, ContactType, CreatedDate, LastModifiedDate) 
	VALUES (475, 'Cason', 'Pennington', 'Other', '2020-10-14 17:12:19', '2022-01-01 11:48:18');
INSERT INTO [Address] (Id, Street, City, [State], Country, Postcode) 
	VALUES (633, '1329 Locust Lane', 'Queenscliffe', 'Otago', 'New Zealand', '5665');
INSERT INTO ContactAddress (ContactId, AddressId, AddressType) 
	VALUES (475, 633, 1);
INSERT INTO [Address] (Id, Street, City, [State], Country, Postcode) 
		VALUES (634, '784 12th Street', 'Panton Hill', 'Catnerbury', 'New Zealand', '7406');
INSERT INTO ContactAddress (ContactId, AddressId, AddressType) 
		VALUES (475, 634, 2);
INSERT INTO Contact (Id, GivenName, Surname, ContactType, CreatedDate, LastModifiedDate) 
	VALUES (476, 'Taylor', 'Deleon', 'Customer', '2021-03-16 13:45:00', '2021-09-16 00:02:56');
INSERT INTO [Address] (Id, Street, City, [State], Country, Postcode) 
	VALUES (635, '684 York Street', 'Strathewen', 'Otago', 'New Zealand', '6478');
INSERT INTO ContactAddress (ContactId, AddressId, AddressType) 
	VALUES (476, 635, 1);
INSERT INTO Contact (Id, GivenName, Surname, ContactType, CreatedDate, LastModifiedDate) 
	VALUES (477, 'Raul', 'Frank', 'Customer', '2019-10-20 04:31:49', '2021-05-17 02:40:20');
INSERT INTO [Address] (Id, Street, City, [State], Country, Postcode) 
	VALUES (636, '1451 Court Street', 'Kenmore', 'Catnerbury', 'New Zealand', '3554');
INSERT INTO ContactAddress (ContactId, AddressId, AddressType) 
	VALUES (477, 636, 1);
INSERT INTO Contact (Id, GivenName, Surname, ContactType, CreatedDate, LastModifiedDate) 
	VALUES (478, 'Timothy', 'Valenzuela', 'Customer', '2023-03-15 00:22:57', '2023-10-12 15:51:44');
INSERT INTO [Address] (Id, Street, City, [State], Country, Postcode) 
	VALUES (637, '1037 Fawn Lane', 'Kamarooka', 'Aukland', 'New Zealand', '5896');
INSERT INTO ContactAddress (ContactId, AddressId, AddressType) 
	VALUES (478, 637, 1);
INSERT INTO [Address] (Id, Street, City, [State], Country, Postcode) 
		VALUES (638, '1449 Grove Street', 'Rawsonville', 'Nelson', 'New Zealand', '1792');
INSERT INTO ContactAddress (ContactId, AddressId, AddressType) 
		VALUES (478, 638, 2);
INSERT INTO Contact (Id, GivenName, Surname, ContactType, CreatedDate, LastModifiedDate) 
	VALUES (479, 'Laura', 'Cordova', 'Customer', '2020-08-04 06:42:27', '2022-10-10 03:05:31');
INSERT INTO [Address] (Id, Street, City, [State], Country, Postcode) 
	VALUES (639, '21 Route 32', 'Koo-Wee-Rup North', 'Aukland', 'New Zealand', '5412');
INSERT INTO ContactAddress (ContactId, AddressId, AddressType) 
	VALUES (479, 639, 1);
INSERT INTO Contact (Id, GivenName, Surname, ContactType, CreatedDate, LastModifiedDate) 
	VALUES (480, 'Davion', 'Bridges', 'Customer', '2021-03-22 09:08:49', '2023-07-15 02:42:29');
INSERT INTO [Address] (Id, Street, City, [State], Country, Postcode) 
	VALUES (640, '392 Route 70', 'Tawonga', 'Wellington', 'New Zealand', '1083');
INSERT INTO ContactAddress (ContactId, AddressId, AddressType) 
	VALUES (480, 640, 1);
INSERT INTO Contact (Id, GivenName, Surname, ContactType, CreatedDate, LastModifiedDate) 
	VALUES (481, 'Sofia', 'Kirby', 'Employee', '2019-10-29 14:51:40', '2020-01-29 05:19:55');
INSERT INTO [Address] (Id, Street, City, [State], Country, Postcode) 
	VALUES (641, '1169 Westminster Drive', 'Aitkenvale', 'Wellington', 'New Zealand', '5884');
INSERT INTO ContactAddress (ContactId, AddressId, AddressType) 
	VALUES (481, 641, 1);
INSERT INTO [Address] (Id, Street, City, [State], Country, Postcode) 
		VALUES (642, '1230 Summit Street', 'Yelverton', 'Catnerbury', 'New Zealand', '1175');
INSERT INTO ContactAddress (ContactId, AddressId, AddressType) 
		VALUES (481, 642, 2);
INSERT INTO Contact (Id, GivenName, Surname, ContactType, CreatedDate, LastModifiedDate) 
	VALUES (482, 'Jamya', 'Cabrera', 'Customer', '2019-10-08 21:13:15', '2021-11-27 00:25:01');
INSERT INTO [Address] (Id, Street, City, [State], Country, Postcode) 
	VALUES (643, '276 York Road', 'Blake', 'Wellington', 'New Zealand', '3286');
INSERT INTO ContactAddress (ContactId, AddressId, AddressType) 
	VALUES (482, 643, 1);
INSERT INTO Contact (Id, GivenName, Surname, ContactType, CreatedDate, LastModifiedDate) 
	VALUES (483, 'Kaia', 'Dennis', 'Customer', '2021-10-21 19:26:40', '2024-01-17 23:02:58');
INSERT INTO [Address] (Id, Street, City, [State], Country, Postcode) 
	VALUES (644, '1684 Elmwood Avenue', 'Tarraleah', 'Aukland', 'New Zealand', '6190');
INSERT INTO ContactAddress (ContactId, AddressId, AddressType) 
	VALUES (483, 644, 1);
INSERT INTO Contact (Id, GivenName, Surname, ContactType, CreatedDate, LastModifiedDate) 
	VALUES (484, 'Marlene', 'Keller', 'Customer', '2024-01-08 17:39:41', '2024-01-14 01:14:55');
INSERT INTO [Address] (Id, Street, City, [State], Country, Postcode) 
	VALUES (645, '161 Mill Street', 'Lumeah', 'Wellington', 'New Zealand', '3171');
INSERT INTO ContactAddress (ContactId, AddressId, AddressType) 
	VALUES (484, 645, 1);
INSERT INTO [Address] (Id, Street, City, [State], Country, Postcode) 
		VALUES (646, '1764 Riverside Drive', 'Elmore', 'Queensland', 'Australia', '5233');
INSERT INTO ContactAddress (ContactId, AddressId, AddressType) 
		VALUES (484, 646, 2);
INSERT INTO Contact (Id, GivenName, Surname, ContactType, CreatedDate, LastModifiedDate) 
	VALUES (485, 'Gerald', 'Hardy', 'Customer', '2022-08-20 13:01:54', '2023-03-27 08:52:34');
INSERT INTO [Address] (Id, Street, City, [State], Country, Postcode) 
	VALUES (647, '990 Forest Street', 'Hinton', 'Wellington', 'New Zealand', '5158');
INSERT INTO ContactAddress (ContactId, AddressId, AddressType) 
	VALUES (485, 647, 1);
INSERT INTO Contact (Id, GivenName, Surname, ContactType, CreatedDate, LastModifiedDate) 
	VALUES (486, 'Katelynn', 'Gallegos', 'Customer', '2022-03-03 16:41:59', '2023-01-23 00:50:47');
INSERT INTO [Address] (Id, Street, City, [State], Country, Postcode) 
	VALUES (648, '1349 Buttonwood Drive', 'Vasey', 'Canberra', 'Australia', '8771');
INSERT INTO ContactAddress (ContactId, AddressId, AddressType) 
	VALUES (486, 648, 1);
INSERT INTO Contact (Id, GivenName, Surname, ContactType, CreatedDate, LastModifiedDate) 
	VALUES (487, 'Lamar', 'Wiggins', 'Customer', '2018-11-28 20:11:17', '2021-04-25 06:56:17');
INSERT INTO [Address] (Id, Street, City, [State], Country, Postcode) 
	VALUES (649, '561 Canal Street', 'Brierfield', 'New Plymouth', 'New Zealand', '5813');
INSERT INTO ContactAddress (ContactId, AddressId, AddressType) 
	VALUES (487, 649, 1);
INSERT INTO [Address] (Id, Street, City, [State], Country, Postcode) 
		VALUES (650, '310 Olive Street', 'Alma', 'Wellington', 'New Zealand', '4445');
INSERT INTO ContactAddress (ContactId, AddressId, AddressType) 
		VALUES (487, 650, 2);
INSERT INTO Contact (Id, GivenName, Surname, ContactType, CreatedDate, LastModifiedDate) 
	VALUES (488, 'Lexi', 'Zhang', 'Supplier', '2019-06-12 18:24:07', '2022-10-30 08:29:13');
INSERT INTO [Address] (Id, Street, City, [State], Country, Postcode) 
	VALUES (651, '94 Chestnut Street', 'Loos', 'New Plymouth', 'New Zealand', '5670');
INSERT INTO ContactAddress (ContactId, AddressId, AddressType) 
	VALUES (488, 651, 1);
INSERT INTO Contact (Id, GivenName, Surname, ContactType, CreatedDate, LastModifiedDate) 
	VALUES (489, 'Allie', 'Rodgers', 'Customer', '2021-04-02 14:13:26', '2022-03-09 01:21:55');
INSERT INTO [Address] (Id, Street, City, [State], Country, Postcode) 
	VALUES (652, '1462 Morris Street', 'Temma', 'New Plymouth', 'New Zealand', '7858');
INSERT INTO ContactAddress (ContactId, AddressId, AddressType) 
	VALUES (489, 652, 1);
INSERT INTO Contact (Id, GivenName, Surname, ContactType, CreatedDate, LastModifiedDate) 
	VALUES (490, 'Alan', 'Ho', 'Customer', '2019-03-17 19:43:45', '2022-06-19 12:18:04');
INSERT INTO [Address] (Id, Street, City, [State], Country, Postcode) 
	VALUES (653, '1157 Riverside Drive', 'Warialda Road', 'Nelson', 'New Zealand', '6225');
INSERT INTO ContactAddress (ContactId, AddressId, AddressType) 
	VALUES (490, 653, 1);
INSERT INTO [Address] (Id, Street, City, [State], Country, Postcode) 
		VALUES (654, '1165 Beech Street', 'Sebastian', 'Otago', 'New Zealand', '8673');
INSERT INTO ContactAddress (ContactId, AddressId, AddressType) 
		VALUES (490, 654, 2);
INSERT INTO Contact (Id, GivenName, Surname, ContactType, CreatedDate, LastModifiedDate) 
	VALUES (491, 'Dawson', 'Mathis', 'Customer', '2021-05-18 18:07:27', '2021-12-25 17:26:06');
INSERT INTO [Address] (Id, Street, City, [State], Country, Postcode) 
	VALUES (655, '1204 Lexington Drive', 'Safety Bay', 'Nelson', 'New Zealand', '5331');
INSERT INTO ContactAddress (ContactId, AddressId, AddressType) 
	VALUES (491, 655, 1);
INSERT INTO Contact (Id, GivenName, Surname, ContactType, CreatedDate, LastModifiedDate) 
	VALUES (492, 'Jesse', 'Forbes', 'Customer', '2022-09-02 21:41:48', '2022-11-29 02:41:14');
INSERT INTO [Address] (Id, Street, City, [State], Country, Postcode) 
	VALUES (656, '156 Highland Drive', 'Stokers Siding', 'New Plymouth', 'New Zealand', '8599');
INSERT INTO ContactAddress (ContactId, AddressId, AddressType) 
	VALUES (492, 656, 1);
INSERT INTO Contact (Id, GivenName, Surname, ContactType, CreatedDate, LastModifiedDate) 
	VALUES (493, 'Jadiel', 'Mathews', 'Supplier', '2020-07-19 19:59:29', '2022-11-17 22:21:53');
INSERT INTO [Address] (Id, Street, City, [State], Country, Postcode) 
	VALUES (657, '934 Cherry Street', 'Blowhard', 'Catnerbury', 'New Zealand', '5161');
INSERT INTO ContactAddress (ContactId, AddressId, AddressType) 
	VALUES (493, 657, 1);
INSERT INTO [Address] (Id, Street, City, [State], Country, Postcode) 
		VALUES (658, '1119 Forest Avenue', 'Saint Ives', 'Aukland', 'New Zealand', '5575');
INSERT INTO ContactAddress (ContactId, AddressId, AddressType) 
		VALUES (493, 658, 2);
INSERT INTO Contact (Id, GivenName, Surname, ContactType, CreatedDate, LastModifiedDate) 
	VALUES (494, 'Jayda', 'Richardson', 'Customer', '2022-12-29 05:30:32', '2023-09-16 02:05:55');
INSERT INTO [Address] (Id, Street, City, [State], Country, Postcode) 
	VALUES (659, '185 Circle Drive', 'Lowmead', 'Aukland', 'New Zealand', '1826');
INSERT INTO ContactAddress (ContactId, AddressId, AddressType) 
	VALUES (494, 659, 1);
INSERT INTO Contact (Id, GivenName, Surname, ContactType, CreatedDate, LastModifiedDate) 
	VALUES (495, 'Miriam', 'Mayo', 'Supplier', '2020-06-28 05:55:17', '2020-09-08 20:34:57');
INSERT INTO [Address] (Id, Street, City, [State], Country, Postcode) 
	VALUES (660, '508 Windsor Drive', 'Jerseyville', 'Nelson', 'New Zealand', '5342');
INSERT INTO ContactAddress (ContactId, AddressId, AddressType) 
	VALUES (495, 660, 1);
INSERT INTO Contact (Id, GivenName, Surname, ContactType, CreatedDate, LastModifiedDate) 
	VALUES (496, 'Regina', 'Pierce', 'Customer', '2019-06-02 16:02:08', '2019-12-10 02:24:09');
INSERT INTO [Address] (Id, Street, City, [State], Country, Postcode) 
	VALUES (661, '737 Church Street South', 'Tibooburra', 'Otago', 'New Zealand', '2358');
INSERT INTO ContactAddress (ContactId, AddressId, AddressType) 
	VALUES (496, 661, 1);
INSERT INTO [Address] (Id, Street, City, [State], Country, Postcode) 
		VALUES (662, '210 Hillcrest Drive', 'Mulgarrie', 'Wellington', 'New Zealand', '6830');
INSERT INTO ContactAddress (ContactId, AddressId, AddressType) 
		VALUES (496, 662, 2);
INSERT INTO Contact (Id, GivenName, Surname, ContactType, CreatedDate, LastModifiedDate) 
	VALUES (497, 'Warren', 'Richard', 'Customer', '2019-04-05 11:38:57', '2021-07-28 17:00:34');
INSERT INTO [Address] (Id, Street, City, [State], Country, Postcode) 
	VALUES (663, '1248 Center Street', 'Ainslie', 'Otago', 'New Zealand', '4058');
INSERT INTO ContactAddress (ContactId, AddressId, AddressType) 
	VALUES (497, 663, 1);
INSERT INTO Contact (Id, GivenName, Surname, ContactType, CreatedDate, LastModifiedDate) 
	VALUES (498, 'Rishi', 'Mcmillan', 'Customer', '2020-08-17 07:06:31', '2022-08-25 08:21:58');
INSERT INTO [Address] (Id, Street, City, [State], Country, Postcode) 
	VALUES (664, '1972 Church Street South', 'Strathewen', 'New Plymouth', 'New Zealand', '6719');
INSERT INTO ContactAddress (ContactId, AddressId, AddressType) 
	VALUES (498, 664, 1);
INSERT INTO Contact (Id, GivenName, Surname, ContactType, CreatedDate, LastModifiedDate) 
	VALUES (499, 'Jaquan', 'Porter', 'Customer', '2021-03-18 12:01:35', '2021-11-23 10:10:25');
INSERT INTO [Address] (Id, Street, City, [State], Country, Postcode) 
	VALUES (665, '402 Willow Street', 'Carrolup', 'Catnerbury', 'New Zealand', '1121');
INSERT INTO ContactAddress (ContactId, AddressId, AddressType) 
	VALUES (499, 665, 1);
INSERT INTO [Address] (Id, Street, City, [State], Country, Postcode) 
		VALUES (666, '224 Front Street', 'Aireys Inlet', 'Nelson', 'New Zealand', '2345');
INSERT INTO ContactAddress (ContactId, AddressId, AddressType) 
		VALUES (499, 666, 2);
INSERT INTO Contact (Id, GivenName, Surname, ContactType, CreatedDate, LastModifiedDate) 
	VALUES (500, 'Gauge', 'Gonzales', 'Customer', '2021-01-27 00:05:19', '2023-12-25 01:44:12');
INSERT INTO [Address] (Id, Street, City, [State], Country, Postcode) 
	VALUES (667, '1718 Durham Road', 'Tangambalanga', 'Wellington', 'New Zealand', '8163');
INSERT INTO ContactAddress (ContactId, AddressId, AddressType) 
	VALUES (500, 667, 1);
INSERT INTO Contact (Id, GivenName, Surname, ContactType, CreatedDate, LastModifiedDate) 
	VALUES (501, 'Melany', 'Dawson', 'Customer', '2020-08-10 04:03:59', '2022-06-01 04:37:26');
INSERT INTO [Address] (Id, Street, City, [State], Country, Postcode) 
	VALUES (668, '1568 Cardinal Drive', 'Nora Head', 'Catnerbury', 'New Zealand', '5548');
INSERT INTO ContactAddress (ContactId, AddressId, AddressType) 
	VALUES (501, 668, 1);
INSERT INTO Contact (Id, GivenName, Surname, ContactType, CreatedDate, LastModifiedDate) 
	VALUES (502, 'Greta', 'Richards', 'Customer', '2021-09-17 08:37:17', '2021-12-13 09:38:37');
INSERT INTO [Address] (Id, Street, City, [State], Country, Postcode) 
	VALUES (669, '737 Vine Street', 'Yurammie', 'Wellington', 'New Zealand', '6253');
INSERT INTO ContactAddress (ContactId, AddressId, AddressType) 
	VALUES (502, 669, 1);
INSERT INTO [Address] (Id, Street, City, [State], Country, Postcode) 
		VALUES (670, '674 Route 41', 'Nanya', 'New Plymouth', 'New Zealand', '8806');
INSERT INTO ContactAddress (ContactId, AddressId, AddressType) 
		VALUES (502, 670, 2);
INSERT INTO Contact (Id, GivenName, Surname, ContactType, CreatedDate, LastModifiedDate) 
	VALUES (503, 'Lukas', 'Brennan', 'Other', '2023-06-23 12:05:13', '2023-07-05 11:01:46');
INSERT INTO [Address] (Id, Street, City, [State], Country, Postcode) 
	VALUES (671, '1062 Church Street North', 'Warkton', 'New Plymouth', 'New Zealand', '4328');
INSERT INTO ContactAddress (ContactId, AddressId, AddressType) 
	VALUES (503, 671, 1);
INSERT INTO Contact (Id, GivenName, Surname, ContactType, CreatedDate, LastModifiedDate) 
	VALUES (504, 'Luz', 'Kennedy', 'Customer', '2019-12-27 03:23:03', '2023-01-04 19:02:08');
INSERT INTO [Address] (Id, Street, City, [State], Country, Postcode) 
	VALUES (672, '516 Hillside Avenue', 'Glenalbyn', 'Wellington', 'New Zealand', '8582');
INSERT INTO ContactAddress (ContactId, AddressId, AddressType) 
	VALUES (504, 672, 1);
INSERT INTO Contact (Id, GivenName, Surname, ContactType, CreatedDate, LastModifiedDate) 
	VALUES (505, 'Anthony', 'Wiggins', 'Customer', '2023-11-21 16:26:48', '2023-11-30 03:42:34');
INSERT INTO [Address] (Id, Street, City, [State], Country, Postcode) 
	VALUES (673, '598 Glenwood Avenue', 'My-yon', 'Nelson', 'New Zealand', '3585');
INSERT INTO ContactAddress (ContactId, AddressId, AddressType) 
	VALUES (505, 673, 1);
INSERT INTO [Address] (Id, Street, City, [State], Country, Postcode) 
		VALUES (674, '418 Hillside Drive', 'Haly Creek School', 'Wellington', 'New Zealand', '7598');
INSERT INTO ContactAddress (ContactId, AddressId, AddressType) 
		VALUES (505, 674, 2);
INSERT INTO Contact (Id, GivenName, Surname, ContactType, CreatedDate, LastModifiedDate) 
	VALUES (506, 'Kiera', 'Nolan', 'Customer', '2021-08-11 12:44:25', '2022-08-20 08:09:10');
INSERT INTO [Address] (Id, Street, City, [State], Country, Postcode) 
	VALUES (675, '1857 Warren Avenue', 'Brandy Bottom', 'Wellington', 'New Zealand', '6879');
INSERT INTO ContactAddress (ContactId, AddressId, AddressType) 
	VALUES (506, 675, 1);
INSERT INTO Contact (Id, GivenName, Surname, ContactType, CreatedDate, LastModifiedDate) 
	VALUES (507, 'Ariel', 'Khan', 'Supplier', '2023-03-21 20:42:55', '2024-01-06 06:08:57');
INSERT INTO [Address] (Id, Street, City, [State], Country, Postcode) 
	VALUES (676, '767 Durham Court', 'Brookville', 'Aukland', 'New Zealand', '8272');
INSERT INTO ContactAddress (ContactId, AddressId, AddressType) 
	VALUES (507, 676, 1);
INSERT INTO Contact (Id, GivenName, Surname, ContactType, CreatedDate, LastModifiedDate) 
	VALUES (508, 'Sanaa', 'Decker', 'Customer', '2022-06-20 14:13:45', '2023-01-25 15:02:52');
INSERT INTO [Address] (Id, Street, City, [State], Country, Postcode) 
	VALUES (677, '893 Franklin Avenue', 'Parkdale', 'Nelson', 'New Zealand', '1198');
INSERT INTO ContactAddress (ContactId, AddressId, AddressType) 
	VALUES (508, 677, 1);
INSERT INTO [Address] (Id, Street, City, [State], Country, Postcode) 
		VALUES (678, '752 3rd Street North', 'Stokers Siding', 'Otago', 'New Zealand', '1980');
INSERT INTO ContactAddress (ContactId, AddressId, AddressType) 
		VALUES (508, 678, 2);
INSERT INTO Contact (Id, GivenName, Surname, ContactType, CreatedDate, LastModifiedDate) 
	VALUES (509, 'Derick', 'Abbott', 'Employee', '2021-01-23 13:00:30', '2023-06-11 17:23:33');
INSERT INTO [Address] (Id, Street, City, [State], Country, Postcode) 
	VALUES (679, '837 Cobblestone Court', 'Loos', 'Otago', 'New Zealand', '2618');
INSERT INTO ContactAddress (ContactId, AddressId, AddressType) 
	VALUES (509, 679, 1);
INSERT INTO Contact (Id, GivenName, Surname, ContactType, CreatedDate, LastModifiedDate) 
	VALUES (510, 'Nolan', 'Acevedo', 'Customer', '2019-09-20 03:46:12', '2020-02-06 07:54:54');
INSERT INTO [Address] (Id, Street, City, [State], Country, Postcode) 
	VALUES (680, '1121 Ridge Avenue', 'Craigallian', 'Catnerbury', 'New Zealand', '3461');
INSERT INTO ContactAddress (ContactId, AddressId, AddressType) 
	VALUES (510, 680, 1);
INSERT INTO Contact (Id, GivenName, Surname, ContactType, CreatedDate, LastModifiedDate) 
	VALUES (511, 'Eliana', 'Camacho', 'Supplier', '2022-02-08 21:18:19', '2023-01-21 13:15:11');
INSERT INTO [Address] (Id, Street, City, [State], Country, Postcode) 
	VALUES (681, '983 Country Club Drive', 'Swanpool', 'Aukland', 'New Zealand', '1222');
INSERT INTO ContactAddress (ContactId, AddressId, AddressType) 
	VALUES (511, 681, 1);
INSERT INTO [Address] (Id, Street, City, [State], Country, Postcode) 
		VALUES (682, '457 Delaware Avenue', 'Mulgarrie', 'Otago', 'New Zealand', '4339');
INSERT INTO ContactAddress (ContactId, AddressId, AddressType) 
		VALUES (511, 682, 2);
INSERT INTO Contact (Id, GivenName, Surname, ContactType, CreatedDate, LastModifiedDate) 
	VALUES (512, 'Lila', 'Chen', 'Employee', '2022-01-03 10:45:11', '2023-01-28 22:35:15');
INSERT INTO [Address] (Id, Street, City, [State], Country, Postcode) 
	VALUES (683, '127 Windsor Drive', 'Morchard', 'Aukland', 'New Zealand', '4841');
INSERT INTO ContactAddress (ContactId, AddressId, AddressType) 
	VALUES (512, 683, 1);
INSERT INTO Contact (Id, GivenName, Surname, ContactType, CreatedDate, LastModifiedDate) 
	VALUES (513, 'Nikolas', 'Daniel', 'Supplier', '2022-12-24 13:52:08', '2023-08-02 14:44:20');
INSERT INTO [Address] (Id, Street, City, [State], Country, Postcode) 
	VALUES (684, '1400 Linden Avenue', 'Morningside', 'Northern Territory', 'Australia', '7078');
INSERT INTO ContactAddress (ContactId, AddressId, AddressType) 
	VALUES (513, 684, 1);
INSERT INTO Contact (Id, GivenName, Surname, ContactType, CreatedDate, LastModifiedDate) 
	VALUES (514, 'Landyn', 'Mcintyre', 'Customer', '2021-07-08 00:10:30', '2022-07-07 09:52:16');
INSERT INTO [Address] (Id, Street, City, [State], Country, Postcode) 
	VALUES (685, '841 Howard Street', 'Carrajung South', 'Otago', 'New Zealand', '6029');
INSERT INTO ContactAddress (ContactId, AddressId, AddressType) 
	VALUES (514, 685, 1);
INSERT INTO [Address] (Id, Street, City, [State], Country, Postcode) 
		VALUES (686, '1316 Henry Street', 'Euleilah', 'Wellington', 'New Zealand', '8949');
INSERT INTO ContactAddress (ContactId, AddressId, AddressType) 
		VALUES (514, 686, 2);
INSERT INTO Contact (Id, GivenName, Surname, ContactType, CreatedDate, LastModifiedDate) 
	VALUES (515, 'Hayden', 'Elliott', 'Supplier', '2024-01-21 22:59:46', '2024-01-27 22:42:21');
INSERT INTO [Address] (Id, Street, City, [State], Country, Postcode) 
	VALUES (687, '1617 Spring Street', 'Woleebee', 'Wellington', 'New Zealand', '4934');
INSERT INTO ContactAddress (ContactId, AddressId, AddressType) 
	VALUES (515, 687, 1);
INSERT INTO Contact (Id, GivenName, Surname, ContactType, CreatedDate, LastModifiedDate) 
	VALUES (516, 'Naomi', 'Davila', 'Employee', '2021-06-05 09:12:37', '2021-12-08 16:57:42');
INSERT INTO [Address] (Id, Street, City, [State], Country, Postcode) 
	VALUES (688, '437 Front Street', 'Munghorn', 'Wellington', 'New Zealand', '2479');
INSERT INTO ContactAddress (ContactId, AddressId, AddressType) 
	VALUES (516, 688, 1);
INSERT INTO Contact (Id, GivenName, Surname, ContactType, CreatedDate, LastModifiedDate) 
	VALUES (517, 'Cloe', 'Hurley', 'Customer', '2023-09-04 23:36:40', '2023-11-16 16:51:49');
INSERT INTO [Address] (Id, Street, City, [State], Country, Postcode) 
	VALUES (689, '1599 Lilac Lane', 'Sunnyside', 'Aukland', 'New Zealand', '5632');
INSERT INTO ContactAddress (ContactId, AddressId, AddressType) 
	VALUES (517, 689, 1);
INSERT INTO [Address] (Id, Street, City, [State], Country, Postcode) 
		VALUES (690, '1908 1st Street', 'Ensay', 'Catnerbury', 'New Zealand', '6315');
INSERT INTO ContactAddress (ContactId, AddressId, AddressType) 
		VALUES (517, 690, 2);
INSERT INTO Contact (Id, GivenName, Surname, ContactType, CreatedDate, LastModifiedDate) 
	VALUES (518, 'Izabella', 'Johns', 'Customer', '2020-08-22 06:09:41', '2023-04-14 05:28:13');
INSERT INTO [Address] (Id, Street, City, [State], Country, Postcode) 
	VALUES (691, '1879 Hawthorne Lane', 'Wangonilla', 'Aukland', 'New Zealand', '1889');
INSERT INTO ContactAddress (ContactId, AddressId, AddressType) 
	VALUES (518, 691, 1);
INSERT INTO Contact (Id, GivenName, Surname, ContactType, CreatedDate, LastModifiedDate) 
	VALUES (519, 'Mohamed', 'Knapp', 'Customer', '2023-11-14 20:55:48', '2023-12-26 18:04:36');
INSERT INTO [Address] (Id, Street, City, [State], Country, Postcode) 
	VALUES (692, '386 State Street', 'West Ballina', 'Aukland', 'New Zealand', '8413');
INSERT INTO ContactAddress (ContactId, AddressId, AddressType) 
	VALUES (519, 692, 1);
INSERT INTO Contact (Id, GivenName, Surname, ContactType, CreatedDate, LastModifiedDate) 
	VALUES (520, 'Ezequiel', 'Carrillo', 'Supplier', '2023-12-04 21:38:36', '2024-01-24 08:49:48');
INSERT INTO [Address] (Id, Street, City, [State], Country, Postcode) 
	VALUES (693, '919 Willow Drive', 'Keswick', 'Otago', 'New Zealand', '2663');
INSERT INTO ContactAddress (ContactId, AddressId, AddressType) 
	VALUES (520, 693, 1);
INSERT INTO [Address] (Id, Street, City, [State], Country, Postcode) 
		VALUES (694, '770 Colonial Avenue', 'Willangie', 'Wellington', 'New Zealand', '1002');
INSERT INTO ContactAddress (ContactId, AddressId, AddressType) 
		VALUES (520, 694, 2);
INSERT INTO Contact (Id, GivenName, Surname, ContactType, CreatedDate, LastModifiedDate) 
	VALUES (521, 'Haven', 'Sexton', 'Customer', '2021-12-14 04:49:06', '2022-03-08 05:46:57');
INSERT INTO [Address] (Id, Street, City, [State], Country, Postcode) 
	VALUES (695, '396 Lexington Court', 'Killcare', 'Nelson', 'New Zealand', '4440');
INSERT INTO ContactAddress (ContactId, AddressId, AddressType) 
	VALUES (521, 695, 1);
INSERT INTO Contact (Id, GivenName, Surname, ContactType, CreatedDate, LastModifiedDate) 
	VALUES (522, 'Axel', 'Madden', 'Supplier', '2023-07-26 09:56:27', '2023-11-23 08:56:03');
INSERT INTO [Address] (Id, Street, City, [State], Country, Postcode) 
	VALUES (696, '681 5th Street West', 'Fish Creek', 'Catnerbury', 'New Zealand', '4344');
INSERT INTO ContactAddress (ContactId, AddressId, AddressType) 
	VALUES (522, 696, 1);
INSERT INTO Contact (Id, GivenName, Surname, ContactType, CreatedDate, LastModifiedDate) 
	VALUES (523, 'Kaylie', 'Mahoney', 'Customer', '2023-03-09 21:25:30', '2023-07-05 13:15:42');
INSERT INTO [Address] (Id, Street, City, [State], Country, Postcode) 
	VALUES (697, '1925 Bridle Lane', 'Glenworth Valley', 'Aukland', 'New Zealand', '7232');
INSERT INTO ContactAddress (ContactId, AddressId, AddressType) 
	VALUES (523, 697, 1);
INSERT INTO [Address] (Id, Street, City, [State], Country, Postcode) 
		VALUES (698, '909 Lakeview Drive', 'Peppimenarti', 'Catnerbury', 'New Zealand', '1839');
INSERT INTO ContactAddress (ContactId, AddressId, AddressType) 
		VALUES (523, 698, 2);
INSERT INTO Contact (Id, GivenName, Surname, ContactType, CreatedDate, LastModifiedDate) 
	VALUES (524, 'Amirah', 'Blankenship', 'Other', '2020-03-31 07:50:01', '2021-07-18 20:14:49');
INSERT INTO [Address] (Id, Street, City, [State], Country, Postcode) 
	VALUES (699, '1332 Cross Street', 'Tarampa', 'Aukland', 'New Zealand', '1329');
INSERT INTO ContactAddress (ContactId, AddressId, AddressType) 
	VALUES (524, 699, 1);
INSERT INTO Contact (Id, GivenName, Surname, ContactType, CreatedDate, LastModifiedDate) 
	VALUES (525, 'Maximo', 'Rose', 'Customer', '2021-05-19 20:30:03', '2022-08-08 06:08:46');
INSERT INTO [Address] (Id, Street, City, [State], Country, Postcode) 
	VALUES (700, '773 Pennsylvania Avenue', 'Bolagamy', 'Aukland', 'New Zealand', '5795');
INSERT INTO ContactAddress (ContactId, AddressId, AddressType) 
	VALUES (525, 700, 1);
INSERT INTO Contact (Id, GivenName, Surname, ContactType, CreatedDate, LastModifiedDate) 
	VALUES (526, 'Colt', 'Spence', 'Employee', '2020-05-22 15:52:38', '2021-11-16 09:51:30');
INSERT INTO [Address] (Id, Street, City, [State], Country, Postcode) 
	VALUES (701, '448 Lincoln Avenue', 'Bullioh', 'Catnerbury', 'New Zealand', '3476');
INSERT INTO ContactAddress (ContactId, AddressId, AddressType) 
	VALUES (526, 701, 1);
INSERT INTO [Address] (Id, Street, City, [State], Country, Postcode) 
		VALUES (702, '248 Meadow Lane', 'Hinton', 'New Plymouth', 'New Zealand', '6046');
INSERT INTO ContactAddress (ContactId, AddressId, AddressType) 
		VALUES (526, 702, 2);
INSERT INTO Contact (Id, GivenName, Surname, ContactType, CreatedDate, LastModifiedDate) 
	VALUES (527, 'Orlando', 'Vincent', 'Employee', '2023-04-16 12:49:26', '2023-04-25 16:12:42');
INSERT INTO [Address] (Id, Street, City, [State], Country, Postcode) 
	VALUES (703, '119 York Street', 'Nillahcootie', 'New Plymouth', 'New Zealand', '2500');
INSERT INTO ContactAddress (ContactId, AddressId, AddressType) 
	VALUES (527, 703, 1);
INSERT INTO Contact (Id, GivenName, Surname, ContactType, CreatedDate, LastModifiedDate) 
	VALUES (528, 'Tristen', 'Schroeder', 'Supplier', '2019-04-17 00:44:25', '2022-04-01 17:14:28');
INSERT INTO [Address] (Id, Street, City, [State], Country, Postcode) 
	VALUES (704, '1677 Sycamore Lane', 'East Boyd', 'Otago', 'New Zealand', '3446');
INSERT INTO ContactAddress (ContactId, AddressId, AddressType) 
	VALUES (528, 704, 1);
INSERT INTO Contact (Id, GivenName, Surname, ContactType, CreatedDate, LastModifiedDate) 
	VALUES (529, 'Matias', 'Solomon', 'Customer', '2023-09-18 05:00:03', '2023-11-13 18:53:57');
INSERT INTO [Address] (Id, Street, City, [State], Country, Postcode) 
	VALUES (705, '504 Park Drive', 'Apsley', 'Wellington', 'New Zealand', '2541');
INSERT INTO ContactAddress (ContactId, AddressId, AddressType) 
	VALUES (529, 705, 1);
INSERT INTO [Address] (Id, Street, City, [State], Country, Postcode) 
		VALUES (706, '509 8th Street South', 'Ensay', 'Catnerbury', 'New Zealand', '2186');
INSERT INTO ContactAddress (ContactId, AddressId, AddressType) 
		VALUES (529, 706, 2);
INSERT INTO Contact (Id, GivenName, Surname, ContactType, CreatedDate, LastModifiedDate) 
	VALUES (530, 'Dallas', 'Rangel', 'Customer', '2019-10-31 04:16:45', '2020-01-28 13:53:02');
INSERT INTO [Address] (Id, Street, City, [State], Country, Postcode) 
	VALUES (707, '141 Glenwood Avenue', 'Tubbamurra', 'Wellington', 'New Zealand', '6208');
INSERT INTO ContactAddress (ContactId, AddressId, AddressType) 
	VALUES (530, 707, 1);
INSERT INTO Contact (Id, GivenName, Surname, ContactType, CreatedDate, LastModifiedDate) 
	VALUES (531, 'Emerson', 'Wilkinson', 'Customer', '2018-08-19 18:24:03', '2023-12-27 07:06:37');
INSERT INTO [Address] (Id, Street, City, [State], Country, Postcode) 
	VALUES (708, '1820 4th Street', 'Waubra Junction', 'Wellington', 'New Zealand', '1207');
INSERT INTO ContactAddress (ContactId, AddressId, AddressType) 
	VALUES (531, 708, 1);
INSERT INTO Contact (Id, GivenName, Surname, ContactType, CreatedDate, LastModifiedDate) 
	VALUES (532, 'Kole', 'Hood', 'Customer', '2021-09-01 04:31:00', '2023-01-18 04:12:59');
INSERT INTO [Address] (Id, Street, City, [State], Country, Postcode) 
	VALUES (709, '1024 Lexington Drive', 'Coogee', 'New Plymouth', 'New Zealand', '1081');
INSERT INTO ContactAddress (ContactId, AddressId, AddressType) 
	VALUES (532, 709, 1);
INSERT INTO [Address] (Id, Street, City, [State], Country, Postcode) 
		VALUES (710, '720 Cobblestone Court', 'Don', 'Otago', 'New Zealand', '1916');
INSERT INTO ContactAddress (ContactId, AddressId, AddressType) 
		VALUES (532, 710, 2);
INSERT INTO Contact (Id, GivenName, Surname, ContactType, CreatedDate, LastModifiedDate) 
	VALUES (533, 'Eliza', 'Friedman', 'Supplier', '2021-06-02 16:08:48', '2021-10-24 14:03:55');
INSERT INTO [Address] (Id, Street, City, [State], Country, Postcode) 
	VALUES (711, '1168 Orange Street', 'Alleena', 'Wellington', 'New Zealand', '3652');
INSERT INTO ContactAddress (ContactId, AddressId, AddressType) 
	VALUES (533, 711, 1);
INSERT INTO Contact (Id, GivenName, Surname, ContactType, CreatedDate, LastModifiedDate) 
	VALUES (534, 'Lorena', 'Fleming', 'Other', '2018-10-08 13:41:01', '2019-04-19 03:15:28');
INSERT INTO [Address] (Id, Street, City, [State], Country, Postcode) 
	VALUES (712, '577 Arch Street', 'Kingstown', 'Catnerbury', 'New Zealand', '5510');
INSERT INTO ContactAddress (ContactId, AddressId, AddressType) 
	VALUES (534, 712, 1);
INSERT INTO Contact (Id, GivenName, Surname, ContactType, CreatedDate, LastModifiedDate) 
	VALUES (535, 'Dayana', 'Montgomery', 'Supplier', '2022-01-08 08:53:28', '2023-12-24 17:36:04');
INSERT INTO [Address] (Id, Street, City, [State], Country, Postcode) 
	VALUES (713, '1993 Beech Street', 'Onkaparinga', 'Catnerbury', 'New Zealand', '5259');
INSERT INTO ContactAddress (ContactId, AddressId, AddressType) 
	VALUES (535, 713, 1);
INSERT INTO [Address] (Id, Street, City, [State], Country, Postcode) 
		VALUES (714, '1202 Route 9', 'Wards River', 'New Plymouth', 'New Zealand', '7321');
INSERT INTO ContactAddress (ContactId, AddressId, AddressType) 
		VALUES (535, 714, 2);
INSERT INTO Contact (Id, GivenName, Surname, ContactType, CreatedDate, LastModifiedDate) 
	VALUES (536, 'Gabrielle', 'Humphrey', 'Supplier', '2020-05-27 05:43:16', '2022-12-05 05:13:33');
INSERT INTO [Address] (Id, Street, City, [State], Country, Postcode) 
	VALUES (715, '1777 Howard Street', 'New Town', 'Otago', 'New Zealand', '2286');
INSERT INTO ContactAddress (ContactId, AddressId, AddressType) 
	VALUES (536, 715, 1);
INSERT INTO Contact (Id, GivenName, Surname, ContactType, CreatedDate, LastModifiedDate) 
	VALUES (537, 'Bentley', 'Mooney', 'Employee', '2020-01-02 12:14:13', '2022-08-15 17:08:41');
INSERT INTO [Address] (Id, Street, City, [State], Country, Postcode) 
	VALUES (716, '397 Hillcrest Drive', 'Nanya', 'Otago', 'New Zealand', '2473');
INSERT INTO ContactAddress (ContactId, AddressId, AddressType) 
	VALUES (537, 716, 1);
INSERT INTO Contact (Id, GivenName, Surname, ContactType, CreatedDate, LastModifiedDate) 
	VALUES (538, 'Finn', 'Humphrey', 'Customer', '2022-02-13 01:45:52', '2023-02-08 23:49:37');
INSERT INTO [Address] (Id, Street, City, [State], Country, Postcode) 
	VALUES (717, '333 Meadow Lane', 'Wahroonga', 'Wellington', 'New Zealand', '6460');
INSERT INTO ContactAddress (ContactId, AddressId, AddressType) 
	VALUES (538, 717, 1);
INSERT INTO [Address] (Id, Street, City, [State], Country, Postcode) 
		VALUES (718, '695 Lexington Court', 'Cooktown', 'Catnerbury', 'New Zealand', '3752');
INSERT INTO ContactAddress (ContactId, AddressId, AddressType) 
		VALUES (538, 718, 2);
INSERT INTO Contact (Id, GivenName, Surname, ContactType, CreatedDate, LastModifiedDate) 
	VALUES (539, 'Jack', 'Wu', 'Customer', '2021-11-30 14:58:38', '2023-09-03 14:14:34');
INSERT INTO [Address] (Id, Street, City, [State], Country, Postcode) 
	VALUES (719, '1581 Evergreen Drive', 'Gembrook North', 'Aukland', 'New Zealand', '2142');
INSERT INTO ContactAddress (ContactId, AddressId, AddressType) 
	VALUES (539, 719, 1);
INSERT INTO Contact (Id, GivenName, Surname, ContactType, CreatedDate, LastModifiedDate) 
	VALUES (540, 'Clark', 'Greene', 'Customer', '2019-01-04 16:00:27', '2022-03-18 21:39:30');
INSERT INTO [Address] (Id, Street, City, [State], Country, Postcode) 
	VALUES (720, '978 Laurel Lane', 'Burragorang', 'Northern Territory', 'Australia', '3717');
INSERT INTO ContactAddress (ContactId, AddressId, AddressType) 
	VALUES (540, 720, 1);
INSERT INTO Contact (Id, GivenName, Surname, ContactType, CreatedDate, LastModifiedDate) 
	VALUES (541, 'Kyra', 'Adkins', 'Employee', '2019-02-20 09:32:49', '2020-07-01 10:29:01');
INSERT INTO [Address] (Id, Street, City, [State], Country, Postcode) 
	VALUES (721, '1845 Park Avenue', 'Moana', 'Wellington', 'New Zealand', '4919');
INSERT INTO ContactAddress (ContactId, AddressId, AddressType) 
	VALUES (541, 721, 1);
INSERT INTO [Address] (Id, Street, City, [State], Country, Postcode) 
		VALUES (722, '1909 Ridge Avenue', 'Lyons', 'Nelson', 'New Zealand', '2417');
INSERT INTO ContactAddress (ContactId, AddressId, AddressType) 
		VALUES (541, 722, 2);
INSERT INTO Contact (Id, GivenName, Surname, ContactType, CreatedDate, LastModifiedDate) 
	VALUES (542, 'Avah', 'Aguirre', 'Customer', '2018-11-27 06:51:31', '2019-09-03 12:38:52');
INSERT INTO [Address] (Id, Street, City, [State], Country, Postcode) 
	VALUES (723, '1873 Church Street South', 'Warkton', 'Otago', 'New Zealand', '4375');
INSERT INTO ContactAddress (ContactId, AddressId, AddressType) 
	VALUES (542, 723, 1);
INSERT INTO Contact (Id, GivenName, Surname, ContactType, CreatedDate, LastModifiedDate) 
	VALUES (543, 'Aron', 'Henderson', 'Customer', '2022-11-26 21:54:44', '2023-03-18 14:02:58');
INSERT INTO [Address] (Id, Street, City, [State], Country, Postcode) 
	VALUES (724, '15 Pheasant Run', 'Kilkerran', 'Aukland', 'New Zealand', '2586');
INSERT INTO ContactAddress (ContactId, AddressId, AddressType) 
	VALUES (543, 724, 1);
INSERT INTO Contact (Id, GivenName, Surname, ContactType, CreatedDate, LastModifiedDate) 
	VALUES (544, 'Josh', 'Washington', 'Customer', '2022-11-29 15:03:12', '2023-03-13 05:42:24');
INSERT INTO [Address] (Id, Street, City, [State], Country, Postcode) 
	VALUES (725, '115 College Avenue', 'Uranquinty', 'Otago', 'New Zealand', '6662');
INSERT INTO ContactAddress (ContactId, AddressId, AddressType) 
	VALUES (544, 725, 1);
INSERT INTO [Address] (Id, Street, City, [State], Country, Postcode) 
		VALUES (726, '143 12th Street', 'Lillian Rock', 'Catnerbury', 'New Zealand', '4140');
INSERT INTO ContactAddress (ContactId, AddressId, AddressType) 
		VALUES (544, 726, 2);
INSERT INTO Contact (Id, GivenName, Surname, ContactType, CreatedDate, LastModifiedDate) 
	VALUES (545, 'Bailee', 'Vang', 'Customer', '2018-09-24 02:48:20', '2020-06-06 00:35:24');
INSERT INTO [Address] (Id, Street, City, [State], Country, Postcode) 
	VALUES (727, '947 Garfield Avenue', 'Naturi', 'Aukland', 'New Zealand', '4028');
INSERT INTO ContactAddress (ContactId, AddressId, AddressType) 
	VALUES (545, 727, 1);
INSERT INTO Contact (Id, GivenName, Surname, ContactType, CreatedDate, LastModifiedDate) 
	VALUES (546, 'Ayaan', 'Carney', 'Supplier', '2019-02-05 23:00:25', '2020-07-22 21:57:44');
INSERT INTO [Address] (Id, Street, City, [State], Country, Postcode) 
	VALUES (728, '157 Franklin Avenue', 'Gembrook North', 'Nelson', 'New Zealand', '5768');
INSERT INTO ContactAddress (ContactId, AddressId, AddressType) 
	VALUES (546, 728, 1);
INSERT INTO Contact (Id, GivenName, Surname, ContactType, CreatedDate, LastModifiedDate) 
	VALUES (547, 'Casey', 'Lowery', 'Customer', '2020-01-25 21:04:44', '2021-06-21 04:23:58');
INSERT INTO [Address] (Id, Street, City, [State], Country, Postcode) 
	VALUES (729, '993 High Street', 'Bago', 'Wellington', 'New Zealand', '2990');
INSERT INTO ContactAddress (ContactId, AddressId, AddressType) 
	VALUES (547, 729, 1);
INSERT INTO [Address] (Id, Street, City, [State], Country, Postcode) 
		VALUES (730, '1747 Bridle Court', 'Cobrico', 'Otago', 'New Zealand', '5541');
INSERT INTO ContactAddress (ContactId, AddressId, AddressType) 
		VALUES (547, 730, 2);
INSERT INTO Contact (Id, GivenName, Surname, ContactType, CreatedDate, LastModifiedDate) 
	VALUES (548, 'Raymond', 'Chang', 'Customer', '2021-05-25 15:09:28', '2023-10-12 18:28:44');
INSERT INTO [Address] (Id, Street, City, [State], Country, Postcode) 
	VALUES (731, '1555 Monroe Drive', 'Temma', 'Otago', 'New Zealand', '1189');
INSERT INTO ContactAddress (ContactId, AddressId, AddressType) 
	VALUES (548, 731, 1);
INSERT INTO Contact (Id, GivenName, Surname, ContactType, CreatedDate, LastModifiedDate) 
	VALUES (549, 'Axel', 'Meyer', 'Customer', '2020-07-05 07:21:07', '2022-10-11 17:20:07');
INSERT INTO [Address] (Id, Street, City, [State], Country, Postcode) 
	VALUES (732, '1819 Brookside Drive', 'Durack', 'Catnerbury', 'New Zealand', '4062');
INSERT INTO ContactAddress (ContactId, AddressId, AddressType) 
	VALUES (549, 732, 1);
INSERT INTO Contact (Id, GivenName, Surname, ContactType, CreatedDate, LastModifiedDate) 
	VALUES (550, 'Maritza', 'Benitez', 'Customer', '2020-11-02 14:47:19', '2023-01-26 15:16:17');
INSERT INTO [Address] (Id, Street, City, [State], Country, Postcode) 
	VALUES (733, '1850 Laurel Street', 'Childers', 'New Plymouth', 'New Zealand', '7291');
INSERT INTO ContactAddress (ContactId, AddressId, AddressType) 
	VALUES (550, 733, 1);
INSERT INTO [Address] (Id, Street, City, [State], Country, Postcode) 
		VALUES (734, '976 Mulberry Street', 'Copperfield', 'New Plymouth', 'New Zealand', '1760');
INSERT INTO ContactAddress (ContactId, AddressId, AddressType) 
		VALUES (550, 734, 2);
INSERT INTO Contact (Id, GivenName, Surname, ContactType, CreatedDate, LastModifiedDate) 
	VALUES (551, 'Delilah', 'Flowers', 'Customer', '2020-12-17 05:16:35', '2024-01-22 23:30:24');
INSERT INTO [Address] (Id, Street, City, [State], Country, Postcode) 
	VALUES (735, '1812 Cambridge Drive', 'Wyening', 'Catnerbury', 'New Zealand', '6255');
INSERT INTO ContactAddress (ContactId, AddressId, AddressType) 
	VALUES (551, 735, 1);
INSERT INTO Contact (Id, GivenName, Surname, ContactType, CreatedDate, LastModifiedDate) 
	VALUES (552, 'Douglas', 'Hudson', 'Supplier', '2019-09-23 06:21:56', '2021-03-01 21:18:30');
INSERT INTO [Address] (Id, Street, City, [State], Country, Postcode) 
	VALUES (736, '924 Catherine Street', 'Central Lansdowne', 'Otago', 'New Zealand', '5832');
INSERT INTO ContactAddress (ContactId, AddressId, AddressType) 
	VALUES (552, 736, 1);
INSERT INTO Contact (Id, GivenName, Surname, ContactType, CreatedDate, LastModifiedDate) 
	VALUES (553, 'Grayson', 'Bullock', 'Employee', '2023-11-21 22:39:30', '2023-11-30 10:36:32');
INSERT INTO [Address] (Id, Street, City, [State], Country, Postcode) 
	VALUES (737, '1458 Oxford Road', 'Onkaparinga', 'New Plymouth', 'New Zealand', '6876');
INSERT INTO ContactAddress (ContactId, AddressId, AddressType) 
	VALUES (553, 737, 1);
INSERT INTO [Address] (Id, Street, City, [State], Country, Postcode) 
		VALUES (738, '1649 4th Avenue', 'Berendale', 'Nelson', 'New Zealand', '2174');
INSERT INTO ContactAddress (ContactId, AddressId, AddressType) 
		VALUES (553, 738, 2);
INSERT INTO Contact (Id, GivenName, Surname, ContactType, CreatedDate, LastModifiedDate) 
	VALUES (554, 'Callum', 'Houston', 'Customer', '2019-10-21 19:13:28', '2021-06-26 00:52:31');
INSERT INTO [Address] (Id, Street, City, [State], Country, Postcode) 
	VALUES (739, '1405 Sherwood Drive', 'Albion', 'Otago', 'New Zealand', '2232');
INSERT INTO ContactAddress (ContactId, AddressId, AddressType) 
	VALUES (554, 739, 1);
INSERT INTO Contact (Id, GivenName, Surname, ContactType, CreatedDate, LastModifiedDate) 
	VALUES (555, 'Daisy', 'Goodwin', 'Supplier', '2019-08-26 10:22:23', '2019-11-26 20:29:53');
INSERT INTO [Address] (Id, Street, City, [State], Country, Postcode) 
	VALUES (740, '304 5th Street West', 'McKenzie Creek', 'Wellington', 'New Zealand', '3297');
INSERT INTO ContactAddress (ContactId, AddressId, AddressType) 
	VALUES (555, 740, 1);
INSERT INTO Contact (Id, GivenName, Surname, ContactType, CreatedDate, LastModifiedDate) 
	VALUES (556, 'Tyrone', 'Dickson', 'Customer', '2023-03-15 11:05:25', '2023-04-18 20:06:31');
INSERT INTO [Address] (Id, Street, City, [State], Country, Postcode) 
	VALUES (741, '1217 Catherine Street', 'Woleebee', 'Catnerbury', 'New Zealand', '5365');
INSERT INTO ContactAddress (ContactId, AddressId, AddressType) 
	VALUES (556, 741, 1);
INSERT INTO [Address] (Id, Street, City, [State], Country, Postcode) 
		VALUES (742, '806 Cleveland Avenue', 'Wensleydale', 'Catnerbury', 'New Zealand', '5283');
INSERT INTO ContactAddress (ContactId, AddressId, AddressType) 
		VALUES (556, 742, 2);
INSERT INTO Contact (Id, GivenName, Surname, ContactType, CreatedDate, LastModifiedDate) 
	VALUES (557, 'Misael', 'Miranda', 'Customer', '2020-12-08 13:25:00', '2023-05-15 03:47:56');
INSERT INTO [Address] (Id, Street, City, [State], Country, Postcode) 
	VALUES (743, '527 Elm Avenue', 'Pennyroyal', 'New Plymouth', 'New Zealand', '2622');
INSERT INTO ContactAddress (ContactId, AddressId, AddressType) 
	VALUES (557, 743, 1);
INSERT INTO Contact (Id, GivenName, Surname, ContactType, CreatedDate, LastModifiedDate) 
	VALUES (558, 'Reginald', 'Rangel', 'Customer', '2020-02-05 15:36:29', '2023-06-23 04:10:36');
INSERT INTO [Address] (Id, Street, City, [State], Country, Postcode) 
	VALUES (744, '1932 Highland Avenue', 'Riverhills', 'New Plymouth', 'New Zealand', '1307');
INSERT INTO ContactAddress (ContactId, AddressId, AddressType) 
	VALUES (558, 744, 1);
INSERT INTO Contact (Id, GivenName, Surname, ContactType, CreatedDate, LastModifiedDate) 
	VALUES (559, 'Keon', 'Tanner', 'Customer', '2022-01-12 00:44:00', '2023-04-03 08:40:55');
INSERT INTO [Address] (Id, Street, City, [State], Country, Postcode) 
	VALUES (745, '912 Woodland Road', 'Hollow Tree', 'Catnerbury', 'New Zealand', '1496');
INSERT INTO ContactAddress (ContactId, AddressId, AddressType) 
	VALUES (559, 745, 1);
INSERT INTO [Address] (Id, Street, City, [State], Country, Postcode) 
		VALUES (746, '122 4th Street West', 'Elliminyt', 'Aukland', 'New Zealand', '2439');
INSERT INTO ContactAddress (ContactId, AddressId, AddressType) 
		VALUES (559, 746, 2);
INSERT INTO Contact (Id, GivenName, Surname, ContactType, CreatedDate, LastModifiedDate) 
	VALUES (560, 'Lexi', 'Beasley', 'Customer', '2022-09-18 11:19:59', '2023-03-19 14:50:56');
INSERT INTO [Address] (Id, Street, City, [State], Country, Postcode) 
	VALUES (747, '852 Park Drive', 'Monga', 'New Plymouth', 'New Zealand', '8800');
INSERT INTO ContactAddress (ContactId, AddressId, AddressType) 
	VALUES (560, 747, 1);
INSERT INTO Contact (Id, GivenName, Surname, ContactType, CreatedDate, LastModifiedDate) 
	VALUES (561, 'Liam', 'Hayden', 'Supplier', '2023-10-24 04:17:03', '2023-12-23 15:35:33');
INSERT INTO [Address] (Id, Street, City, [State], Country, Postcode) 
	VALUES (748, '1596 4th Street North', 'Apsley', 'New Plymouth', 'New Zealand', '7184');
INSERT INTO ContactAddress (ContactId, AddressId, AddressType) 
	VALUES (561, 748, 1);
INSERT INTO Contact (Id, GivenName, Surname, ContactType, CreatedDate, LastModifiedDate) 
	VALUES (562, 'Arely', 'Pham', 'Customer', '2021-07-01 06:50:24', '2023-06-21 12:16:16');
INSERT INTO [Address] (Id, Street, City, [State], Country, Postcode) 
	VALUES (749, '417 3rd Street West', 'Coledale', 'Otago', 'New Zealand', '8015');
INSERT INTO ContactAddress (ContactId, AddressId, AddressType) 
	VALUES (562, 749, 1);
INSERT INTO [Address] (Id, Street, City, [State], Country, Postcode) 
		VALUES (750, '1660 Devon Road', 'Greenwell Point', 'Nelson', 'New Zealand', '1826');
INSERT INTO ContactAddress (ContactId, AddressId, AddressType) 
		VALUES (562, 750, 2);
INSERT INTO Contact (Id, GivenName, Surname, ContactType, CreatedDate, LastModifiedDate) 
	VALUES (563, 'Angie', 'Banks', 'Supplier', '2022-04-15 11:15:58', '2023-10-19 22:20:24');
INSERT INTO [Address] (Id, Street, City, [State], Country, Postcode) 
	VALUES (751, '667 Mulberry Street', 'Booyong', 'Otago', 'New Zealand', '4561');
INSERT INTO ContactAddress (ContactId, AddressId, AddressType) 
	VALUES (563, 751, 1);
INSERT INTO Contact (Id, GivenName, Surname, ContactType, CreatedDate, LastModifiedDate) 
	VALUES (564, 'Matthias', 'Haney', 'Customer', '2020-08-18 09:25:00', '2020-11-01 03:19:47');
INSERT INTO [Address] (Id, Street, City, [State], Country, Postcode) 
	VALUES (752, '1260 Roosevelt Avenue', 'Crossman', 'Catnerbury', 'New Zealand', '6459');
INSERT INTO ContactAddress (ContactId, AddressId, AddressType) 
	VALUES (564, 752, 1);
INSERT INTO Contact (Id, GivenName, Surname, ContactType, CreatedDate, LastModifiedDate) 
	VALUES (565, 'Tomas', 'Douglas', 'Employee', '2021-03-25 07:24:04', '2023-08-29 17:50:34');
INSERT INTO [Address] (Id, Street, City, [State], Country, Postcode) 
	VALUES (753, '1844 Mill Road', 'Kojonup', 'Nelson', 'New Zealand', '5596');
INSERT INTO ContactAddress (ContactId, AddressId, AddressType) 
	VALUES (565, 753, 1);
INSERT INTO [Address] (Id, Street, City, [State], Country, Postcode) 
		VALUES (754, '1932 Church Street', 'Dinmore', 'Western Australia', 'Australia', '8242');
INSERT INTO ContactAddress (ContactId, AddressId, AddressType) 
		VALUES (565, 754, 2);
INSERT INTO Contact (Id, GivenName, Surname, ContactType, CreatedDate, LastModifiedDate) 
	VALUES (566, 'Shaylee', 'Bishop', 'Customer', '2023-04-09 00:51:21', '2023-12-06 12:33:20');
INSERT INTO [Address] (Id, Street, City, [State], Country, Postcode) 
	VALUES (755, '526 Walnut Street', 'Peronne', 'Wellington', 'New Zealand', '4579');
INSERT INTO ContactAddress (ContactId, AddressId, AddressType) 
	VALUES (566, 755, 1);
INSERT INTO Contact (Id, GivenName, Surname, ContactType, CreatedDate, LastModifiedDate) 
	VALUES (567, 'Tristen', 'Bond', 'Other', '2021-01-17 10:55:38', '2023-04-18 08:48:24');
INSERT INTO [Address] (Id, Street, City, [State], Country, Postcode) 
	VALUES (756, '684 Locust Lane', 'Parnaroo', 'Northern Territory', 'Australia', '7595');
INSERT INTO ContactAddress (ContactId, AddressId, AddressType) 
	VALUES (567, 756, 1);
INSERT INTO Contact (Id, GivenName, Surname, ContactType, CreatedDate, LastModifiedDate) 
	VALUES (568, 'Trevin', 'Frye', 'Customer', '2022-07-30 07:52:12', '2022-11-25 09:12:32');
INSERT INTO [Address] (Id, Street, City, [State], Country, Postcode) 
	VALUES (757, '773 Hillside Avenue', 'Cullendora', 'Nelson', 'New Zealand', '2223');
INSERT INTO ContactAddress (ContactId, AddressId, AddressType) 
	VALUES (568, 757, 1);
INSERT INTO [Address] (Id, Street, City, [State], Country, Postcode) 
		VALUES (758, '1126 Church Street North', 'Rawsonville', 'Otago', 'New Zealand', '4081');
INSERT INTO ContactAddress (ContactId, AddressId, AddressType) 
		VALUES (568, 758, 2);
INSERT INTO Contact (Id, GivenName, Surname, ContactType, CreatedDate, LastModifiedDate) 
	VALUES (569, 'Jamie', 'Harmon', 'Customer', '2023-03-13 16:34:14', '2023-06-13 21:46:04');
INSERT INTO [Address] (Id, Street, City, [State], Country, Postcode) 
	VALUES (759, '1020 Willow Street', 'Weatherboard', 'Aukland', 'New Zealand', '8239');
INSERT INTO ContactAddress (ContactId, AddressId, AddressType) 
	VALUES (569, 759, 1);
INSERT INTO Contact (Id, GivenName, Surname, ContactType, CreatedDate, LastModifiedDate) 
	VALUES (570, 'Brianna', 'Stewart', 'Customer', '2021-11-02 12:03:17', '2023-03-08 13:07:51');
INSERT INTO [Address] (Id, Street, City, [State], Country, Postcode) 
	VALUES (760, '439 Route 30', 'Jennacubbine', 'Otago', 'New Zealand', '5143');
INSERT INTO ContactAddress (ContactId, AddressId, AddressType) 
	VALUES (570, 760, 1);
INSERT INTO Contact (Id, GivenName, Surname, ContactType, CreatedDate, LastModifiedDate) 
	VALUES (571, 'Taryn', 'Underwood', 'Employee', '2023-04-22 16:14:02', '2023-09-30 04:44:11');
INSERT INTO [Address] (Id, Street, City, [State], Country, Postcode) 
	VALUES (761, '848 Madison Court', 'Coogee', 'Nelson', 'New Zealand', '5055');
INSERT INTO ContactAddress (ContactId, AddressId, AddressType) 
	VALUES (571, 761, 1);
INSERT INTO [Address] (Id, Street, City, [State], Country, Postcode) 
		VALUES (762, '1799 Roberts Road', 'Almurta East', 'Aukland', 'New Zealand', '5425');
INSERT INTO ContactAddress (ContactId, AddressId, AddressType) 
		VALUES (571, 762, 2);
INSERT INTO Contact (Id, GivenName, Surname, ContactType, CreatedDate, LastModifiedDate) 
	VALUES (572, 'Averie', 'Shepard', 'Customer', '2019-02-17 00:37:58', '2020-03-16 11:25:06');
INSERT INTO [Address] (Id, Street, City, [State], Country, Postcode) 
	VALUES (763, '198 8th Street', 'McKenzie Creek', 'Nelson', 'New Zealand', '1792');
INSERT INTO ContactAddress (ContactId, AddressId, AddressType) 
	VALUES (572, 763, 1);
INSERT INTO Contact (Id, GivenName, Surname, ContactType, CreatedDate, LastModifiedDate) 
	VALUES (573, 'Briana', 'Joseph', 'Customer', '2021-09-01 05:26:24', '2023-03-27 02:18:14');
INSERT INTO [Address] (Id, Street, City, [State], Country, Postcode) 
	VALUES (764, '785 Winding Way', 'Elmore', 'New Plymouth', 'New Zealand', '3870');
INSERT INTO ContactAddress (ContactId, AddressId, AddressType) 
	VALUES (573, 764, 1);
INSERT INTO Contact (Id, GivenName, Surname, ContactType, CreatedDate, LastModifiedDate) 
	VALUES (574, 'Avah', 'Wells', 'Other', '2022-03-14 01:10:33', '2022-04-01 01:06:41');
INSERT INTO [Address] (Id, Street, City, [State], Country, Postcode) 
	VALUES (765, '1709 Fawn Lane', 'Morbinning', 'Aukland', 'New Zealand', '4056');
INSERT INTO ContactAddress (ContactId, AddressId, AddressType) 
	VALUES (574, 765, 1);
INSERT INTO [Address] (Id, Street, City, [State], Country, Postcode) 
		VALUES (766, '948 Myrtle Avenue', 'Bodalla', 'Aukland', 'New Zealand', '4931');
INSERT INTO ContactAddress (ContactId, AddressId, AddressType) 
		VALUES (574, 766, 2);
INSERT INTO Contact (Id, GivenName, Surname, ContactType, CreatedDate, LastModifiedDate) 
	VALUES (575, 'Adam', 'Howard', 'Customer', '2020-07-28 14:46:57', '2024-01-12 15:08:51');
INSERT INTO [Address] (Id, Street, City, [State], Country, Postcode) 
	VALUES (767, '1025 B Street', 'Native Valley', 'Nelson', 'New Zealand', '2484');
INSERT INTO ContactAddress (ContactId, AddressId, AddressType) 
	VALUES (575, 767, 1);
INSERT INTO Contact (Id, GivenName, Surname, ContactType, CreatedDate, LastModifiedDate) 
	VALUES (576, 'Jordyn', 'Garrison', 'Supplier', '2019-03-31 15:53:19', '2023-05-23 01:10:33');
INSERT INTO [Address] (Id, Street, City, [State], Country, Postcode) 
	VALUES (768, '1240 Heather Lane', 'Gregadoo', 'Otago', 'New Zealand', '7495');
INSERT INTO ContactAddress (ContactId, AddressId, AddressType) 
	VALUES (576, 768, 1);
INSERT INTO Contact (Id, GivenName, Surname, ContactType, CreatedDate, LastModifiedDate) 
	VALUES (577, 'Amiah', 'Austin', 'Customer', '2019-06-26 08:55:16', '2020-07-22 12:01:10');
INSERT INTO [Address] (Id, Street, City, [State], Country, Postcode) 
	VALUES (769, '383 Lawrence Street', 'Popanyinning', 'Nelson', 'New Zealand', '3556');
INSERT INTO ContactAddress (ContactId, AddressId, AddressType) 
	VALUES (577, 769, 1);
INSERT INTO [Address] (Id, Street, City, [State], Country, Postcode) 
		VALUES (770, '805 5th Street East', 'Gympie South', 'Nelson', 'New Zealand', '1894');
INSERT INTO ContactAddress (ContactId, AddressId, AddressType) 
		VALUES (577, 770, 2);
INSERT INTO Contact (Id, GivenName, Surname, ContactType, CreatedDate, LastModifiedDate) 
	VALUES (578, 'Daniela', 'Ward', 'Customer', '2023-09-16 13:31:11', '2023-12-05 22:15:39');
INSERT INTO [Address] (Id, Street, City, [State], Country, Postcode) 
	VALUES (771, '1172 Hickory Lane', 'Teal Flat', 'Wellington', 'New Zealand', '3757');
INSERT INTO ContactAddress (ContactId, AddressId, AddressType) 
	VALUES (578, 771, 1);
INSERT INTO Contact (Id, GivenName, Surname, ContactType, CreatedDate, LastModifiedDate) 
	VALUES (579, 'Kadence', 'Booker', 'Customer', '2019-01-04 15:46:26', '2019-02-24 18:02:53');
INSERT INTO [Address] (Id, Street, City, [State], Country, Postcode) 
	VALUES (772, '635 12th Street East', 'Wool Bay', 'Wellington', 'New Zealand', '6500');
INSERT INTO ContactAddress (ContactId, AddressId, AddressType) 
	VALUES (579, 772, 1);
INSERT INTO Contact (Id, GivenName, Surname, ContactType, CreatedDate, LastModifiedDate) 
	VALUES (580, 'Uriah', 'Finley', 'Customer', '2023-01-14 10:32:34', '2023-09-29 23:41:33');
INSERT INTO [Address] (Id, Street, City, [State], Country, Postcode) 
	VALUES (773, '1594 Canterbury Court', 'Apsley', 'Wellington', 'New Zealand', '3658');
INSERT INTO ContactAddress (ContactId, AddressId, AddressType) 
	VALUES (580, 773, 1);
INSERT INTO [Address] (Id, Street, City, [State], Country, Postcode) 
		VALUES (774, '69 Monroe Drive', 'Little Grove', 'New Plymouth', 'New Zealand', '5778');
INSERT INTO ContactAddress (ContactId, AddressId, AddressType) 
		VALUES (580, 774, 2);
INSERT INTO Contact (Id, GivenName, Surname, ContactType, CreatedDate, LastModifiedDate) 
	VALUES (581, 'Hana', 'Hahn', 'Supplier', '2022-12-28 10:29:35', '2024-01-23 13:57:09');
INSERT INTO [Address] (Id, Street, City, [State], Country, Postcode) 
	VALUES (775, '253 Elmwood Avenue', 'Lyons', 'Aukland', 'New Zealand', '2853');
INSERT INTO ContactAddress (ContactId, AddressId, AddressType) 
	VALUES (581, 775, 1);
INSERT INTO Contact (Id, GivenName, Surname, ContactType, CreatedDate, LastModifiedDate) 
	VALUES (582, 'Tate', 'Bean', 'Customer', '2023-03-13 05:02:47', '2023-07-06 21:41:26');
INSERT INTO [Address] (Id, Street, City, [State], Country, Postcode) 
	VALUES (776, '875 Elizabeth Street', 'Garryowen', 'Nelson', 'New Zealand', '5854');
INSERT INTO ContactAddress (ContactId, AddressId, AddressType) 
	VALUES (582, 776, 1);
INSERT INTO Contact (Id, GivenName, Surname, ContactType, CreatedDate, LastModifiedDate) 
	VALUES (583, 'Trystan', 'Flores', 'Customer', '2022-10-09 15:39:51', '2023-10-18 18:09:29');
INSERT INTO [Address] (Id, Street, City, [State], Country, Postcode) 
	VALUES (777, '1139 Orchard Street', 'Miriam Vale', 'New Plymouth', 'New Zealand', '2474');
INSERT INTO ContactAddress (ContactId, AddressId, AddressType) 
	VALUES (583, 777, 1);
INSERT INTO [Address] (Id, Street, City, [State], Country, Postcode) 
		VALUES (778, '445 Clinton Street', 'Erowal Bay', 'Catnerbury', 'New Zealand', '5528');
INSERT INTO ContactAddress (ContactId, AddressId, AddressType) 
		VALUES (583, 778, 2);
INSERT INTO Contact (Id, GivenName, Surname, ContactType, CreatedDate, LastModifiedDate) 
	VALUES (584, 'Waylon', 'Meadows', 'Customer', '2018-10-22 05:18:28', '2020-11-12 20:41:14');
INSERT INTO [Address] (Id, Street, City, [State], Country, Postcode) 
	VALUES (779, '405 Bay Street', 'Chute', 'Otago', 'New Zealand', '2387');
INSERT INTO ContactAddress (ContactId, AddressId, AddressType) 
	VALUES (584, 779, 1);
INSERT INTO Contact (Id, GivenName, Surname, ContactType, CreatedDate, LastModifiedDate) 
	VALUES (585, 'Sydnee', 'Shields', 'Supplier', '2018-11-03 17:03:24', '2020-12-08 15:16:27');
INSERT INTO [Address] (Id, Street, City, [State], Country, Postcode) 
	VALUES (780, '614 Cedar Street', 'Glenworth Valley', 'Aukland', 'New Zealand', '1240');
INSERT INTO ContactAddress (ContactId, AddressId, AddressType) 
	VALUES (585, 780, 1);
INSERT INTO Contact (Id, GivenName, Surname, ContactType, CreatedDate, LastModifiedDate) 
	VALUES (586, 'Tyshawn', 'Andrews', 'Customer', '2020-06-30 19:13:48', '2023-03-30 03:11:18');
INSERT INTO [Address] (Id, Street, City, [State], Country, Postcode) 
	VALUES (781, '585 3rd Street East', 'Runaway Bay', 'Wellington', 'New Zealand', '7012');
INSERT INTO ContactAddress (ContactId, AddressId, AddressType) 
	VALUES (586, 781, 1);
INSERT INTO [Address] (Id, Street, City, [State], Country, Postcode) 
		VALUES (782, '86 Lawrence Street', 'Port Fairy', 'Wellington', 'New Zealand', '2820');
INSERT INTO ContactAddress (ContactId, AddressId, AddressType) 
		VALUES (586, 782, 2);
INSERT INTO Contact (Id, GivenName, Surname, ContactType, CreatedDate, LastModifiedDate) 
	VALUES (587, 'Mina', 'Smith', 'Customer', '2019-06-14 03:45:27', '2023-11-24 09:50:57');
INSERT INTO [Address] (Id, Street, City, [State], Country, Postcode) 
	VALUES (783, '216 Warren Avenue', 'Bullioh', 'Wellington', 'New Zealand', '3048');
INSERT INTO ContactAddress (ContactId, AddressId, AddressType) 
	VALUES (587, 783, 1);
INSERT INTO Contact (Id, GivenName, Surname, ContactType, CreatedDate, LastModifiedDate) 
	VALUES (588, 'Demetrius', 'Tucker', 'Customer', '2021-09-15 02:00:33', '2022-12-19 07:38:33');
INSERT INTO [Address] (Id, Street, City, [State], Country, Postcode) 
	VALUES (784, '524 Eagle Road', 'Hampshire', 'Aukland', 'New Zealand', '4311');
INSERT INTO ContactAddress (ContactId, AddressId, AddressType) 
	VALUES (588, 784, 1);
INSERT INTO Contact (Id, GivenName, Surname, ContactType, CreatedDate, LastModifiedDate) 
	VALUES (589, 'Myla', 'Ayala', 'Customer', '2021-09-09 11:21:44', '2021-09-25 14:25:24');
INSERT INTO [Address] (Id, Street, City, [State], Country, Postcode) 
	VALUES (785, '732 Hickory Lane', 'Camp Hill', 'Nelson', 'New Zealand', '8589');
INSERT INTO ContactAddress (ContactId, AddressId, AddressType) 
	VALUES (589, 785, 1);
INSERT INTO [Address] (Id, Street, City, [State], Country, Postcode) 
		VALUES (786, '1374 Race Street', 'Harristown', 'Otago', 'New Zealand', '4581');
INSERT INTO ContactAddress (ContactId, AddressId, AddressType) 
		VALUES (589, 786, 2);
INSERT INTO Contact (Id, GivenName, Surname, ContactType, CreatedDate, LastModifiedDate) 
	VALUES (590, 'Mohamed', 'Clements', 'Supplier', '2018-10-19 05:02:44', '2021-01-29 21:41:53');
INSERT INTO [Address] (Id, Street, City, [State], Country, Postcode) 
	VALUES (787, '1477 Schoolhouse Lane', 'Frances', 'Otago', 'New Zealand', '1671');
INSERT INTO ContactAddress (ContactId, AddressId, AddressType) 
	VALUES (590, 787, 1);
INSERT INTO Contact (Id, GivenName, Surname, ContactType, CreatedDate, LastModifiedDate) 
	VALUES (591, 'Tianna', 'Kim', 'Customer', '2022-11-04 12:51:45', '2022-11-29 06:22:07');
INSERT INTO [Address] (Id, Street, City, [State], Country, Postcode) 
	VALUES (788, '364 Cooper Street', 'Christies', 'Aukland', 'New Zealand', '4686');
INSERT INTO ContactAddress (ContactId, AddressId, AddressType) 
	VALUES (591, 788, 1);
INSERT INTO Contact (Id, GivenName, Surname, ContactType, CreatedDate, LastModifiedDate) 
	VALUES (592, 'Audrina', 'Mills', 'Other', '2023-07-05 04:28:38', '2023-08-13 00:14:19');
INSERT INTO [Address] (Id, Street, City, [State], Country, Postcode) 
	VALUES (789, '505 Linden Street', 'Warramboo', 'Otago', 'New Zealand', '5479');
INSERT INTO ContactAddress (ContactId, AddressId, AddressType) 
	VALUES (592, 789, 1);
INSERT INTO [Address] (Id, Street, City, [State], Country, Postcode) 
		VALUES (790, '223 Sunset Drive', 'Ainslie', 'Aukland', 'New Zealand', '8890');
INSERT INTO ContactAddress (ContactId, AddressId, AddressType) 
		VALUES (592, 790, 2);
INSERT INTO Contact (Id, GivenName, Surname, ContactType, CreatedDate, LastModifiedDate) 
	VALUES (593, 'Jaylin', 'Kirby', 'Customer', '2020-12-26 12:16:25', '2023-12-27 07:32:45');
INSERT INTO [Address] (Id, Street, City, [State], Country, Postcode) 
	VALUES (791, '557 Cleveland Street', 'Caboolture', 'Nelson', 'New Zealand', '6507');
INSERT INTO ContactAddress (ContactId, AddressId, AddressType) 
	VALUES (593, 791, 1);
INSERT INTO Contact (Id, GivenName, Surname, ContactType, CreatedDate, LastModifiedDate) 
	VALUES (594, 'Bennett', 'Solis', 'Customer', '2020-07-24 04:42:37', '2023-05-04 06:35:39');
INSERT INTO [Address] (Id, Street, City, [State], Country, Postcode) 
	VALUES (792, '597 3rd Avenue', 'Baladjie', 'Canberra', 'Australia', '7474');
INSERT INTO ContactAddress (ContactId, AddressId, AddressType) 
	VALUES (594, 792, 1);
INSERT INTO Contact (Id, GivenName, Surname, ContactType, CreatedDate, LastModifiedDate) 
	VALUES (595, 'Nyasia', 'Giles', 'Customer', '2022-02-11 11:36:11', '2023-09-01 02:59:58');
INSERT INTO [Address] (Id, Street, City, [State], Country, Postcode) 
	VALUES (793, '1514 Route 64', 'Beechmont', 'New Plymouth', 'New Zealand', '7524');
INSERT INTO ContactAddress (ContactId, AddressId, AddressType) 
	VALUES (595, 793, 1);
INSERT INTO [Address] (Id, Street, City, [State], Country, Postcode) 
		VALUES (794, '1434 Durham Court', 'Mount Mercer', 'Otago', 'New Zealand', '2085');
INSERT INTO ContactAddress (ContactId, AddressId, AddressType) 
		VALUES (595, 794, 2);
INSERT INTO Contact (Id, GivenName, Surname, ContactType, CreatedDate, LastModifiedDate) 
	VALUES (596, 'Miya', 'Cervantes', 'Customer', '2020-08-30 19:19:07', '2023-06-01 04:42:36');
INSERT INTO [Address] (Id, Street, City, [State], Country, Postcode) 
	VALUES (795, '323 Cambridge Court', 'Cannon Hill', 'New Plymouth', 'New Zealand', '3123');
INSERT INTO ContactAddress (ContactId, AddressId, AddressType) 
	VALUES (596, 795, 1);
INSERT INTO Contact (Id, GivenName, Surname, ContactType, CreatedDate, LastModifiedDate) 
	VALUES (597, 'Bentley', 'Curtis', 'Employee', '2021-01-15 02:09:48', '2023-05-11 23:08:39');
INSERT INTO [Address] (Id, Street, City, [State], Country, Postcode) 
	VALUES (796, '1408 Arch Street', 'Eromanga', 'Aukland', 'New Zealand', '6137');
INSERT INTO ContactAddress (ContactId, AddressId, AddressType) 
	VALUES (597, 796, 1);
INSERT INTO Contact (Id, GivenName, Surname, ContactType, CreatedDate, LastModifiedDate) 
	VALUES (598, 'Sofia', 'Knight', 'Customer', '2021-04-22 12:35:36', '2023-09-02 14:55:15');
INSERT INTO [Address] (Id, Street, City, [State], Country, Postcode) 
	VALUES (797, '1029 5th Street', 'Panton Hill', 'Aukland', 'New Zealand', '6542');
INSERT INTO ContactAddress (ContactId, AddressId, AddressType) 
	VALUES (598, 797, 1);
INSERT INTO [Address] (Id, Street, City, [State], Country, Postcode) 
		VALUES (798, '409 Glenwood Drive', 'Koo-Wee-Rup North', 'Nelson', 'New Zealand', '1601');
INSERT INTO ContactAddress (ContactId, AddressId, AddressType) 
		VALUES (598, 798, 2);
INSERT INTO Contact (Id, GivenName, Surname, ContactType, CreatedDate, LastModifiedDate) 
	VALUES (599, 'Fabian', 'Kim', 'Customer', '2019-09-05 19:37:54', '2020-03-07 05:56:18');
INSERT INTO [Address] (Id, Street, City, [State], Country, Postcode) 
	VALUES (799, '302 8th Street', 'Chute', 'Aukland', 'New Zealand', '1696');
INSERT INTO ContactAddress (ContactId, AddressId, AddressType) 
	VALUES (599, 799, 1);
INSERT INTO Contact (Id, GivenName, Surname, ContactType, CreatedDate, LastModifiedDate) 
	VALUES (600, 'Hassan', 'Church', 'Supplier', '2018-10-18 05:05:57', '2020-11-25 23:46:21');
INSERT INTO [Address] (Id, Street, City, [State], Country, Postcode) 
	VALUES (800, '531 Lexington Court', 'Telangatuk East', 'Wellington', 'New Zealand', '4085');
INSERT INTO ContactAddress (ContactId, AddressId, AddressType) 
	VALUES (600, 800, 1);
INSERT INTO Contact (Id, GivenName, Surname, ContactType, CreatedDate, LastModifiedDate) 
	VALUES (601, 'Itzel', 'Watkins', 'Supplier', '2018-10-12 23:14:39', '2021-06-03 02:34:36');
INSERT INTO [Address] (Id, Street, City, [State], Country, Postcode) 
	VALUES (801, '1921 Aspen Court', 'Greigs Flat', 'Wellington', 'New Zealand', '1976');
INSERT INTO ContactAddress (ContactId, AddressId, AddressType) 
	VALUES (601, 801, 1);
INSERT INTO [Address] (Id, Street, City, [State], Country, Postcode) 
		VALUES (802, '1643 Route 29', 'Laen', 'Wellington', 'New Zealand', '1819');
INSERT INTO ContactAddress (ContactId, AddressId, AddressType) 
		VALUES (601, 802, 2);
INSERT INTO Contact (Id, GivenName, Surname, ContactType, CreatedDate, LastModifiedDate) 
	VALUES (602, 'Kolten', 'Moss', 'Employee', '2022-03-29 10:31:58', '2023-03-02 07:00:59');
INSERT INTO [Address] (Id, Street, City, [State], Country, Postcode) 
	VALUES (803, '1660 Chapel Street', 'Kent', 'Aukland', 'New Zealand', '7392');
INSERT INTO ContactAddress (ContactId, AddressId, AddressType) 
	VALUES (602, 803, 1);
INSERT INTO Contact (Id, GivenName, Surname, ContactType, CreatedDate, LastModifiedDate) 
	VALUES (603, 'Parker', 'Rush', 'Customer', '2022-11-18 19:32:16', '2023-04-26 13:05:09');
INSERT INTO [Address] (Id, Street, City, [State], Country, Postcode) 
	VALUES (804, '1387 Pin Oak Drive', 'San Remo', 'Otago', 'New Zealand', '7442');
INSERT INTO ContactAddress (ContactId, AddressId, AddressType) 
	VALUES (603, 804, 1);
INSERT INTO Contact (Id, GivenName, Surname, ContactType, CreatedDate, LastModifiedDate) 
	VALUES (604, 'Kelsie', 'Decker', 'Supplier', '2019-11-02 08:40:09', '2020-08-10 02:23:09');
INSERT INTO [Address] (Id, Street, City, [State], Country, Postcode) 
	VALUES (805, '916 Hudson Street', 'Weja', 'Aukland', 'New Zealand', '6094');
INSERT INTO ContactAddress (ContactId, AddressId, AddressType) 
	VALUES (604, 805, 1);
INSERT INTO [Address] (Id, Street, City, [State], Country, Postcode) 
		VALUES (806, '1519 State Street East', 'Morchard', 'Aukland', 'New Zealand', '4632');
INSERT INTO ContactAddress (ContactId, AddressId, AddressType) 
		VALUES (604, 806, 2);
INSERT INTO Contact (Id, GivenName, Surname, ContactType, CreatedDate, LastModifiedDate) 
	VALUES (605, 'Jett', 'Blanchard', 'Customer', '2023-08-17 01:35:35', '2023-12-06 08:53:58');
INSERT INTO [Address] (Id, Street, City, [State], Country, Postcode) 
	VALUES (807, '599 Williams Street', 'Winterbourne', 'Nelson', 'New Zealand', '4144');
INSERT INTO ContactAddress (ContactId, AddressId, AddressType) 
	VALUES (605, 807, 1);
INSERT INTO Contact (Id, GivenName, Surname, ContactType, CreatedDate, LastModifiedDate) 
	VALUES (606, 'Cheyenne', 'Bentley', 'Customer', '2023-11-11 16:25:15', '2024-01-01 12:55:49');
INSERT INTO [Address] (Id, Street, City, [State], Country, Postcode) 
	VALUES (808, '1746 College Avenue', 'South Kumminin', 'Nelson', 'New Zealand', '7880');
INSERT INTO ContactAddress (ContactId, AddressId, AddressType) 
	VALUES (606, 808, 1);
INSERT INTO Contact (Id, GivenName, Surname, ContactType, CreatedDate, LastModifiedDate) 
	VALUES (607, 'Savannah', 'Lynn', 'Customer', '2019-08-16 11:08:33', '2021-02-05 17:43:42');
INSERT INTO [Address] (Id, Street, City, [State], Country, Postcode) 
	VALUES (809, '1702 Taylor Street', 'Charlestown', 'New Plymouth', 'New Zealand', '8495');
INSERT INTO ContactAddress (ContactId, AddressId, AddressType) 
	VALUES (607, 809, 1);
INSERT INTO [Address] (Id, Street, City, [State], Country, Postcode) 
		VALUES (810, '1339 Adams Street', 'Bohle', 'Otago', 'New Zealand', '8855');
INSERT INTO ContactAddress (ContactId, AddressId, AddressType) 
		VALUES (607, 810, 2);
INSERT INTO Contact (Id, GivenName, Surname, ContactType, CreatedDate, LastModifiedDate) 
	VALUES (608, 'Jamari', 'Lloyd', 'Customer', '2020-11-23 14:19:38', '2021-01-31 23:37:51');
INSERT INTO [Address] (Id, Street, City, [State], Country, Postcode) 
	VALUES (811, '1419 9th Street West', 'Tibooburra', 'Aukland', 'New Zealand', '6295');
INSERT INTO ContactAddress (ContactId, AddressId, AddressType) 
	VALUES (608, 811, 1);
INSERT INTO Contact (Id, GivenName, Surname, ContactType, CreatedDate, LastModifiedDate) 
	VALUES (609, 'Karma', 'Combs', 'Customer', '2022-02-24 18:57:28', '2022-05-28 22:13:15');
INSERT INTO [Address] (Id, Street, City, [State], Country, Postcode) 
	VALUES (812, '655 Mulberry Court', 'Booyong', 'New Plymouth', 'New Zealand', '3570');
INSERT INTO ContactAddress (ContactId, AddressId, AddressType) 
	VALUES (609, 812, 1);
INSERT INTO Contact (Id, GivenName, Surname, ContactType, CreatedDate, LastModifiedDate) 
	VALUES (610, 'Rhianna', 'Zhang', 'Customer', '2020-02-10 09:36:12', '2021-08-03 17:31:02');
INSERT INTO [Address] (Id, Street, City, [State], Country, Postcode) 
	VALUES (813, '549 4th Street North', 'Goombungee', 'Otago', 'New Zealand', '1023');
INSERT INTO ContactAddress (ContactId, AddressId, AddressType) 
	VALUES (610, 813, 1);
INSERT INTO [Address] (Id, Street, City, [State], Country, Postcode) 
		VALUES (814, '22 Madison Court', 'Brimboal', 'New Plymouth', 'New Zealand', '5751');
INSERT INTO ContactAddress (ContactId, AddressId, AddressType) 
		VALUES (610, 814, 2);
INSERT INTO Contact (Id, GivenName, Surname, ContactType, CreatedDate, LastModifiedDate) 
	VALUES (611, 'Milo', 'Olson', 'Supplier', '2021-03-19 21:22:54', '2022-08-26 02:47:20');
INSERT INTO [Address] (Id, Street, City, [State], Country, Postcode) 
	VALUES (815, '1254 2nd Street West', 'Mount Barker Junction', 'Nelson', 'New Zealand', '2357');
INSERT INTO ContactAddress (ContactId, AddressId, AddressType) 
	VALUES (611, 815, 1);
INSERT INTO Contact (Id, GivenName, Surname, ContactType, CreatedDate, LastModifiedDate) 
	VALUES (612, 'Jaylen', 'Elliott', 'Supplier', '2020-11-21 21:59:49', '2022-05-22 05:21:28');
INSERT INTO [Address] (Id, Street, City, [State], Country, Postcode) 
	VALUES (816, '578 Cardinal Drive', 'Westby', 'Nelson', 'New Zealand', '2912');
INSERT INTO ContactAddress (ContactId, AddressId, AddressType) 
	VALUES (612, 816, 1);
INSERT INTO Contact (Id, GivenName, Surname, ContactType, CreatedDate, LastModifiedDate) 
	VALUES (613, 'Fatima', 'Lee', 'Customer', '2022-12-24 05:38:30', '2023-10-18 14:13:48');
INSERT INTO [Address] (Id, Street, City, [State], Country, Postcode) 
	VALUES (817, '1904 Brandywine Drive', 'Torquay', 'Nelson', 'New Zealand', '2120');
INSERT INTO ContactAddress (ContactId, AddressId, AddressType) 
	VALUES (613, 817, 1);
INSERT INTO [Address] (Id, Street, City, [State], Country, Postcode) 
		VALUES (818, '1799 Augusta Drive', 'St Pauls', 'New Plymouth', 'New Zealand', '5985');
INSERT INTO ContactAddress (ContactId, AddressId, AddressType) 
		VALUES (613, 818, 2);
INSERT INTO Contact (Id, GivenName, Surname, ContactType, CreatedDate, LastModifiedDate) 
	VALUES (614, 'Jakayla', 'Howe', 'Customer', '2023-04-02 09:29:37', '2023-11-15 15:49:05');
INSERT INTO [Address] (Id, Street, City, [State], Country, Postcode) 
	VALUES (819, '1428 10th Street', 'Miclere', 'Otago', 'New Zealand', '6781');
INSERT INTO ContactAddress (ContactId, AddressId, AddressType) 
	VALUES (614, 819, 1);
INSERT INTO Contact (Id, GivenName, Surname, ContactType, CreatedDate, LastModifiedDate) 
	VALUES (615, 'Kate', 'Mann', 'Supplier', '2021-12-03 15:16:07', '2022-08-19 10:33:38');
INSERT INTO [Address] (Id, Street, City, [State], Country, Postcode) 
	VALUES (820, '1242 Adams Avenue', 'Brimboal', 'Wellington', 'New Zealand', '5996');
INSERT INTO ContactAddress (ContactId, AddressId, AddressType) 
	VALUES (615, 820, 1);
INSERT INTO Contact (Id, GivenName, Surname, ContactType, CreatedDate, LastModifiedDate) 
	VALUES (616, 'Richard', 'Adams', 'Customer', '2021-07-26 13:07:10', '2023-01-20 08:59:57');
INSERT INTO [Address] (Id, Street, City, [State], Country, Postcode) 
	VALUES (821, '1830 Pin Oak Drive', 'Ainslie', 'Nelson', 'New Zealand', '5036');
INSERT INTO ContactAddress (ContactId, AddressId, AddressType) 
	VALUES (616, 821, 1);
INSERT INTO [Address] (Id, Street, City, [State], Country, Postcode) 
		VALUES (822, '1807 Overlook Circle', 'North Queenstown', 'Nelson', 'New Zealand', '8221');
INSERT INTO ContactAddress (ContactId, AddressId, AddressType) 
		VALUES (616, 822, 2);
INSERT INTO Contact (Id, GivenName, Surname, ContactType, CreatedDate, LastModifiedDate) 
	VALUES (617, 'Trevon', 'Serrano', 'Customer', '2021-04-18 15:54:19', '2022-07-26 21:04:00');
INSERT INTO [Address] (Id, Street, City, [State], Country, Postcode) 
	VALUES (823, '917 Main Street South', 'Brington Beach', 'New Plymouth', 'New Zealand', '2108');
INSERT INTO ContactAddress (ContactId, AddressId, AddressType) 
	VALUES (617, 823, 1);
INSERT INTO Contact (Id, GivenName, Surname, ContactType, CreatedDate, LastModifiedDate) 
	VALUES (618, 'Logan', 'Beard', 'Customer', '2019-09-14 10:24:00', '2019-11-15 23:27:05');
INSERT INTO [Address] (Id, Street, City, [State], Country, Postcode) 
	VALUES (824, '421 Myrtle Street', 'Tyagong', 'Otago', 'New Zealand', '3076');
INSERT INTO ContactAddress (ContactId, AddressId, AddressType) 
	VALUES (618, 824, 1);
INSERT INTO Contact (Id, GivenName, Surname, ContactType, CreatedDate, LastModifiedDate) 
	VALUES (619, 'Nasir', 'Ayers', 'Supplier', '2019-08-24 17:19:52', '2020-03-27 07:50:23');
INSERT INTO [Address] (Id, Street, City, [State], Country, Postcode) 
	VALUES (825, '1906 Hillcrest Avenue', 'Wards River', 'Nelson', 'New Zealand', '6273');
INSERT INTO ContactAddress (ContactId, AddressId, AddressType) 
	VALUES (619, 825, 1);
INSERT INTO [Address] (Id, Street, City, [State], Country, Postcode) 
		VALUES (826, '1862 Prospect Street', 'Mogil Mogil', 'Wellington', 'New Zealand', '4157');
INSERT INTO ContactAddress (ContactId, AddressId, AddressType) 
		VALUES (619, 826, 2);
INSERT INTO Contact (Id, GivenName, Surname, ContactType, CreatedDate, LastModifiedDate) 
	VALUES (620, 'Trevin', 'Hudson', 'Customer', '2020-02-21 07:53:48', '2023-10-02 08:31:23');
INSERT INTO [Address] (Id, Street, City, [State], Country, Postcode) 
	VALUES (827, '263 5th Avenue', 'Jennacubbine', 'Catnerbury', 'New Zealand', '8777');
INSERT INTO ContactAddress (ContactId, AddressId, AddressType) 
	VALUES (620, 827, 1);
INSERT INTO Contact (Id, GivenName, Surname, ContactType, CreatedDate, LastModifiedDate) 
	VALUES (621, 'Laura', 'Powers', 'Customer', '2022-01-12 21:56:28', '2022-06-26 13:35:58');
INSERT INTO [Address] (Id, Street, City, [State], Country, Postcode) 
	VALUES (828, '120 Center Street', 'Bogandilla', 'Northern Territory', 'Australia', '5389');
INSERT INTO ContactAddress (ContactId, AddressId, AddressType) 
	VALUES (621, 828, 1);
INSERT INTO Contact (Id, GivenName, Surname, ContactType, CreatedDate, LastModifiedDate) 
	VALUES (622, 'Ernest', 'Mason', 'Customer', '2022-02-24 21:10:28', '2023-11-24 13:12:14');
INSERT INTO [Address] (Id, Street, City, [State], Country, Postcode) 
	VALUES (829, '210 Lake Street', 'Muttama', 'Nelson', 'New Zealand', '1893');
INSERT INTO ContactAddress (ContactId, AddressId, AddressType) 
	VALUES (622, 829, 1);
INSERT INTO [Address] (Id, Street, City, [State], Country, Postcode) 
		VALUES (830, '1682 Sycamore Lane', 'Wharparilla North', 'Catnerbury', 'New Zealand', '3708');
INSERT INTO ContactAddress (ContactId, AddressId, AddressType) 
		VALUES (622, 830, 2);
INSERT INTO Contact (Id, GivenName, Surname, ContactType, CreatedDate, LastModifiedDate) 
	VALUES (623, 'Cailyn', 'Fitzgerald', 'Customer', '2020-06-07 01:34:19', '2022-05-23 12:39:19');
INSERT INTO [Address] (Id, Street, City, [State], Country, Postcode) 
	VALUES (831, '1844 Briarwood Drive', 'Harristown', 'Aukland', 'New Zealand', '4593');
INSERT INTO ContactAddress (ContactId, AddressId, AddressType) 
	VALUES (623, 831, 1);
INSERT INTO Contact (Id, GivenName, Surname, ContactType, CreatedDate, LastModifiedDate) 
	VALUES (624, 'Kaleb', 'Moss', 'Employee', '2019-05-17 19:52:36', '2022-10-16 00:03:18');
INSERT INTO [Address] (Id, Street, City, [State], Country, Postcode) 
	VALUES (832, '1482 State Street East', 'Narpi', 'Nelson', 'New Zealand', '4224');
INSERT INTO ContactAddress (ContactId, AddressId, AddressType) 
	VALUES (624, 832, 1);
INSERT INTO Contact (Id, GivenName, Surname, ContactType, CreatedDate, LastModifiedDate) 
	VALUES (625, 'Makaila', 'Hartman', 'Customer', '2021-07-29 16:28:47', '2023-02-22 14:13:21');
INSERT INTO [Address] (Id, Street, City, [State], Country, Postcode) 
	VALUES (833, '1449 7th Street', 'Ningi', 'New Plymouth', 'New Zealand', '7162');
INSERT INTO ContactAddress (ContactId, AddressId, AddressType) 
	VALUES (625, 833, 1);
INSERT INTO [Address] (Id, Street, City, [State], Country, Postcode) 
		VALUES (834, '694 Clay Street', 'Cooran', 'Nelson', 'New Zealand', '8073');
INSERT INTO ContactAddress (ContactId, AddressId, AddressType) 
		VALUES (625, 834, 2);
INSERT INTO Contact (Id, GivenName, Surname, ContactType, CreatedDate, LastModifiedDate) 
	VALUES (626, 'Erika', 'Mckenzie', 'Supplier', '2019-12-03 12:54:40', '2022-10-01 11:52:01');
INSERT INTO [Address] (Id, Street, City, [State], Country, Postcode) 
	VALUES (835, '629 Arch Street', 'Ellalong', 'Catnerbury', 'New Zealand', '6558');
INSERT INTO ContactAddress (ContactId, AddressId, AddressType) 
	VALUES (626, 835, 1);
INSERT INTO Contact (Id, GivenName, Surname, ContactType, CreatedDate, LastModifiedDate) 
	VALUES (627, 'Enrique', 'Castaneda', 'Customer', '2023-07-30 09:55:45', '2023-08-14 14:09:55');
INSERT INTO [Address] (Id, Street, City, [State], Country, Postcode) 
	VALUES (836, '1923 Hawthorne Avenue', 'Erina East', 'Catnerbury', 'New Zealand', '7570');
INSERT INTO ContactAddress (ContactId, AddressId, AddressType) 
	VALUES (627, 836, 1);
INSERT INTO Contact (Id, GivenName, Surname, ContactType, CreatedDate, LastModifiedDate) 
	VALUES (628, 'Ada', 'Obrien', 'Customer', '2019-08-03 14:47:21', '2022-10-04 21:50:09');
INSERT INTO [Address] (Id, Street, City, [State], Country, Postcode) 
	VALUES (837, '862 2nd Street', 'Sunnyside', 'Otago', 'New Zealand', '1182');
INSERT INTO ContactAddress (ContactId, AddressId, AddressType) 
	VALUES (628, 837, 1);
INSERT INTO [Address] (Id, Street, City, [State], Country, Postcode) 
		VALUES (838, '1388 Riverside Drive', 'Bellbird', 'Aukland', 'New Zealand', '3058');
INSERT INTO ContactAddress (ContactId, AddressId, AddressType) 
		VALUES (628, 838, 2);
INSERT INTO Contact (Id, GivenName, Surname, ContactType, CreatedDate, LastModifiedDate) 
	VALUES (629, 'Lamar', 'Barajas', 'Employee', '2023-11-18 18:20:00', '2023-11-22 15:24:38');
INSERT INTO [Address] (Id, Street, City, [State], Country, Postcode) 
	VALUES (839, '177 Bridle Court', 'Pilbara Mining Centre', 'Aukland', 'New Zealand', '4491');
INSERT INTO ContactAddress (ContactId, AddressId, AddressType) 
	VALUES (629, 839, 1);
INSERT INTO Contact (Id, GivenName, Surname, ContactType, CreatedDate, LastModifiedDate) 
	VALUES (630, 'Jesse', 'Mcintyre', 'Customer', '2021-03-11 13:42:47', '2023-05-31 20:53:45');
INSERT INTO [Address] (Id, Street, City, [State], Country, Postcode) 
	VALUES (840, '801 Lantern Lane', 'Yatina', 'Nelson', 'New Zealand', '3364');
INSERT INTO ContactAddress (ContactId, AddressId, AddressType) 
	VALUES (630, 840, 1);
INSERT INTO Contact (Id, GivenName, Surname, ContactType, CreatedDate, LastModifiedDate) 
	VALUES (631, 'Kaitlyn', 'Perry', 'Employee', '2022-09-29 04:16:37', '2023-07-05 15:41:17');
INSERT INTO [Address] (Id, Street, City, [State], Country, Postcode) 
	VALUES (841, '1278 Sycamore Lane', 'Aldavilla', 'Otago', 'New Zealand', '5082');
INSERT INTO ContactAddress (ContactId, AddressId, AddressType) 
	VALUES (631, 841, 1);
INSERT INTO [Address] (Id, Street, City, [State], Country, Postcode) 
		VALUES (842, '290 Hilltop Road', 'Tantawanglo', 'Wellington', 'New Zealand', '8449');
INSERT INTO ContactAddress (ContactId, AddressId, AddressType) 
		VALUES (631, 842, 2);
INSERT INTO Contact (Id, GivenName, Surname, ContactType, CreatedDate, LastModifiedDate) 
	VALUES (632, 'Lyric', 'Griffin', 'Customer', '2021-06-05 07:16:20', '2022-10-26 19:07:45');
INSERT INTO [Address] (Id, Street, City, [State], Country, Postcode) 
	VALUES (843, '876 Broad Street West', 'Kent', 'Catnerbury', 'New Zealand', '1136');
INSERT INTO ContactAddress (ContactId, AddressId, AddressType) 
	VALUES (632, 843, 1);
INSERT INTO Contact (Id, GivenName, Surname, ContactType, CreatedDate, LastModifiedDate) 
	VALUES (633, 'Lawson', 'Gamble', 'Customer', '2019-06-04 19:04:34', '2019-11-28 01:55:57');
INSERT INTO [Address] (Id, Street, City, [State], Country, Postcode) 
	VALUES (844, '1983 Oxford Road', 'Springfield', 'Otago', 'New Zealand', '5719');
INSERT INTO ContactAddress (ContactId, AddressId, AddressType) 
	VALUES (633, 844, 1);
INSERT INTO Contact (Id, GivenName, Surname, ContactType, CreatedDate, LastModifiedDate) 
	VALUES (634, 'Melanie', 'Avila', 'Customer', '2023-08-10 17:31:01', '2023-11-16 05:11:26');
INSERT INTO [Address] (Id, Street, City, [State], Country, Postcode) 
	VALUES (845, '869 Hickory Street', 'Mannering Park', 'Otago', 'New Zealand', '3490');
INSERT INTO ContactAddress (ContactId, AddressId, AddressType) 
	VALUES (634, 845, 1);
INSERT INTO [Address] (Id, Street, City, [State], Country, Postcode) 
		VALUES (846, '481 3rd Street', 'Wilsons Downfall', 'Wellington', 'New Zealand', '2251');
INSERT INTO ContactAddress (ContactId, AddressId, AddressType) 
		VALUES (634, 846, 2);
INSERT INTO Contact (Id, GivenName, Surname, ContactType, CreatedDate, LastModifiedDate) 
	VALUES (635, 'Davin', 'Dillon', 'Employee', '2019-10-19 11:29:50', '2020-03-06 00:53:00');
INSERT INTO [Address] (Id, Street, City, [State], Country, Postcode) 
	VALUES (847, '1687 Ivy Lane', 'Kingstown', 'Aukland', 'New Zealand', '6993');
INSERT INTO ContactAddress (ContactId, AddressId, AddressType) 
	VALUES (635, 847, 1);
INSERT INTO Contact (Id, GivenName, Surname, ContactType, CreatedDate, LastModifiedDate) 
	VALUES (636, 'Jamal', 'Wiggins', 'Supplier', '2021-11-25 03:32:44', '2022-05-25 00:11:31');
INSERT INTO [Address] (Id, Street, City, [State], Country, Postcode) 
	VALUES (848, '1033 Homestead Drive', 'Tarcombe', 'Aukland', 'New Zealand', '1632');
INSERT INTO ContactAddress (ContactId, AddressId, AddressType) 
	VALUES (636, 848, 1);
INSERT INTO Contact (Id, GivenName, Surname, ContactType, CreatedDate, LastModifiedDate) 
	VALUES (637, 'Jordyn', 'Bowers', 'Supplier', '2023-05-30 06:27:17', '2024-01-09 06:53:52');
INSERT INTO [Address] (Id, Street, City, [State], Country, Postcode) 
	VALUES (849, '1955 Lincoln Avenue', 'Caboolture', 'Wellington', 'New Zealand', '3574');
INSERT INTO ContactAddress (ContactId, AddressId, AddressType) 
	VALUES (637, 849, 1);
INSERT INTO [Address] (Id, Street, City, [State], Country, Postcode) 
		VALUES (850, '930 Rose Street', 'Caroline', 'New Plymouth', 'New Zealand', '7087');
INSERT INTO ContactAddress (ContactId, AddressId, AddressType) 
		VALUES (637, 850, 2);
INSERT INTO Contact (Id, GivenName, Surname, ContactType, CreatedDate, LastModifiedDate) 
	VALUES (638, 'Ali', 'Humphrey', 'Customer', '2022-03-30 17:11:37', '2022-07-17 11:40:50');
INSERT INTO [Address] (Id, Street, City, [State], Country, Postcode) 
	VALUES (851, '1797 Highland Drive', 'Coominglah', 'Catnerbury', 'New Zealand', '6437');
INSERT INTO ContactAddress (ContactId, AddressId, AddressType) 
	VALUES (638, 851, 1);
INSERT INTO Contact (Id, GivenName, Surname, ContactType, CreatedDate, LastModifiedDate) 
	VALUES (639, 'Tiffany', 'Bird', 'Customer', '2021-12-02 11:46:38', '2023-06-08 09:44:12');
INSERT INTO [Address] (Id, Street, City, [State], Country, Postcode) 
	VALUES (852, '517 Route 11', 'Albion', 'Wellington', 'New Zealand', '4459');
INSERT INTO ContactAddress (ContactId, AddressId, AddressType) 
	VALUES (639, 852, 1);
INSERT INTO Contact (Id, GivenName, Surname, ContactType, CreatedDate, LastModifiedDate) 
	VALUES (640, 'Terrance', 'Mckinney', 'Supplier', '2018-08-16 17:11:49', '2021-02-18 14:43:10');
INSERT INTO [Address] (Id, Street, City, [State], Country, Postcode) 
	VALUES (853, '960 South Street', 'Kojonup', 'Catnerbury', 'New Zealand', '1455');
INSERT INTO ContactAddress (ContactId, AddressId, AddressType) 
	VALUES (640, 853, 1);
INSERT INTO [Address] (Id, Street, City, [State], Country, Postcode) 
		VALUES (854, '62 Mulberry Court', 'Ridgley', 'Nelson', 'New Zealand', '1288');
INSERT INTO ContactAddress (ContactId, AddressId, AddressType) 
		VALUES (640, 854, 2);
INSERT INTO Contact (Id, GivenName, Surname, ContactType, CreatedDate, LastModifiedDate) 
	VALUES (641, 'Gracie', 'Porter', 'Customer', '2018-11-13 15:22:00', '2023-11-06 06:06:48');
INSERT INTO [Address] (Id, Street, City, [State], Country, Postcode) 
	VALUES (855, '951 Liberty Street', 'Nandi', 'Wellington', 'New Zealand', '6715');
INSERT INTO ContactAddress (ContactId, AddressId, AddressType) 
	VALUES (641, 855, 1);
INSERT INTO Contact (Id, GivenName, Surname, ContactType, CreatedDate, LastModifiedDate) 
	VALUES (642, 'Molly', 'Watkins', 'Customer', '2023-06-04 13:14:00', '2023-07-30 09:14:45');
INSERT INTO [Address] (Id, Street, City, [State], Country, Postcode) 
	VALUES (856, '1926 8th Street', 'Sandy Hill', 'Wellington', 'New Zealand', '5271');
INSERT INTO ContactAddress (ContactId, AddressId, AddressType) 
	VALUES (642, 856, 1);
INSERT INTO Contact (Id, GivenName, Surname, ContactType, CreatedDate, LastModifiedDate) 
	VALUES (643, 'Sandra', 'Davis', 'Supplier', '2019-10-24 02:36:17', '2023-06-24 03:07:30');
INSERT INTO [Address] (Id, Street, City, [State], Country, Postcode) 
	VALUES (857, '1575 Route 20', 'Lower Flinns Creek', 'Wellington', 'New Zealand', '6111');
INSERT INTO ContactAddress (ContactId, AddressId, AddressType) 
	VALUES (643, 857, 1);
INSERT INTO [Address] (Id, Street, City, [State], Country, Postcode) 
		VALUES (858, '886 Ashley Court', 'Nariel Creek', 'Aukland', 'New Zealand', '4141');
INSERT INTO ContactAddress (ContactId, AddressId, AddressType) 
		VALUES (643, 858, 2);
INSERT INTO Contact (Id, GivenName, Surname, ContactType, CreatedDate, LastModifiedDate) 
	VALUES (644, 'Hadley', 'Kemp', 'Customer', '2023-02-22 02:17:07', '2023-09-03 20:02:05');
INSERT INTO [Address] (Id, Street, City, [State], Country, Postcode) 
	VALUES (859, '416 Harrison Street', 'Native Valley', 'Otago', 'New Zealand', '6439');
INSERT INTO ContactAddress (ContactId, AddressId, AddressType) 
	VALUES (644, 859, 1);
INSERT INTO Contact (Id, GivenName, Surname, ContactType, CreatedDate, LastModifiedDate) 
	VALUES (645, 'Giuliana', 'Orozco', 'Customer', '2021-06-29 03:40:23', '2023-06-07 09:06:35');
INSERT INTO [Address] (Id, Street, City, [State], Country, Postcode) 
	VALUES (860, '969 River Road', 'Bullengarook', 'Catnerbury', 'New Zealand', '2138');
INSERT INTO ContactAddress (ContactId, AddressId, AddressType) 
	VALUES (645, 860, 1);
INSERT INTO Contact (Id, GivenName, Surname, ContactType, CreatedDate, LastModifiedDate) 
	VALUES (646, 'Mila', 'Patel', 'Supplier', '2020-08-10 10:37:26', '2020-09-22 23:53:50');
INSERT INTO [Address] (Id, Street, City, [State], Country, Postcode) 
	VALUES (861, '1402 Hickory Lane', 'Mannering Park', 'Otago', 'New Zealand', '2093');
INSERT INTO ContactAddress (ContactId, AddressId, AddressType) 
	VALUES (646, 861, 1);
INSERT INTO [Address] (Id, Street, City, [State], Country, Postcode) 
		VALUES (862, '1540 Homestead Drive', 'Hodgson', 'Canberra', 'Australia', '7609');
INSERT INTO ContactAddress (ContactId, AddressId, AddressType) 
		VALUES (646, 862, 2);
INSERT INTO Contact (Id, GivenName, Surname, ContactType, CreatedDate, LastModifiedDate) 
	VALUES (647, 'Grace', 'Thomas', 'Customer', '2021-06-22 13:27:13', '2022-08-15 13:23:17');
INSERT INTO [Address] (Id, Street, City, [State], Country, Postcode) 
	VALUES (863, '475 Walnut Avenue', 'Maldon', 'Catnerbury', 'New Zealand', '6377');
INSERT INTO ContactAddress (ContactId, AddressId, AddressType) 
	VALUES (647, 863, 1);
INSERT INTO Contact (Id, GivenName, Surname, ContactType, CreatedDate, LastModifiedDate) 
	VALUES (648, 'Clare', 'Swanson', 'Customer', '2023-12-14 19:59:04', '2023-12-26 05:52:41');
INSERT INTO [Address] (Id, Street, City, [State], Country, Postcode) 
	VALUES (864, '1724 Highland Drive', 'Mogil Mogil', 'South Australia', 'Australia', '2520');
INSERT INTO ContactAddress (ContactId, AddressId, AddressType) 
	VALUES (648, 864, 1);
INSERT INTO Contact (Id, GivenName, Surname, ContactType, CreatedDate, LastModifiedDate) 
	VALUES (649, 'Eileen', 'Fitzpatrick', 'Customer', '2021-10-30 19:09:37', '2023-03-09 01:24:08');
INSERT INTO [Address] (Id, Street, City, [State], Country, Postcode) 
	VALUES (865, '1714 6th Street', 'Duntroon', 'New Plymouth', 'New Zealand', '8721');
INSERT INTO ContactAddress (ContactId, AddressId, AddressType) 
	VALUES (649, 865, 1);
INSERT INTO [Address] (Id, Street, City, [State], Country, Postcode) 
		VALUES (866, '1018 5th Street', 'Pelican', 'Otago', 'New Zealand', '4940');
INSERT INTO ContactAddress (ContactId, AddressId, AddressType) 
		VALUES (649, 866, 2);
INSERT INTO Contact (Id, GivenName, Surname, ContactType, CreatedDate, LastModifiedDate) 
	VALUES (650, 'Finley', 'Carroll', 'Customer', '2020-06-27 18:00:05', '2023-08-06 20:53:47');
INSERT INTO [Address] (Id, Street, City, [State], Country, Postcode) 
	VALUES (867, '1890 Virginia Avenue', 'Eton', 'Nelson', 'New Zealand', '2702');
INSERT INTO ContactAddress (ContactId, AddressId, AddressType) 
	VALUES (650, 867, 1);
INSERT INTO Contact (Id, GivenName, Surname, ContactType, CreatedDate, LastModifiedDate) 
	VALUES (651, 'Shaylee', 'Boone', 'Customer', '2020-04-19 12:21:39', '2021-01-19 06:23:23');
INSERT INTO [Address] (Id, Street, City, [State], Country, Postcode) 
	VALUES (868, '759 East Street', 'Pennyroyal', 'Wellington', 'New Zealand', '2316');
INSERT INTO ContactAddress (ContactId, AddressId, AddressType) 
	VALUES (651, 868, 1);
INSERT INTO Contact (Id, GivenName, Surname, ContactType, CreatedDate, LastModifiedDate) 
	VALUES (652, 'Arturo', 'Mack', 'Customer', '2023-09-15 01:48:44', '2023-10-23 11:46:34');
INSERT INTO [Address] (Id, Street, City, [State], Country, Postcode) 
	VALUES (869, '266 2nd Street East', 'Aitkenvale', 'Otago', 'New Zealand', '5200');
INSERT INTO ContactAddress (ContactId, AddressId, AddressType) 
	VALUES (652, 869, 1);
INSERT INTO [Address] (Id, Street, City, [State], Country, Postcode) 
		VALUES (870, '1978 Magnolia Court', 'Bodalla', 'Otago', 'New Zealand', '2268');
INSERT INTO ContactAddress (ContactId, AddressId, AddressType) 
		VALUES (652, 870, 2);
INSERT INTO Contact (Id, GivenName, Surname, ContactType, CreatedDate, LastModifiedDate) 
	VALUES (653, 'Julie', 'Osborne', 'Customer', '2022-08-10 02:01:54', '2023-11-17 01:54:43');
INSERT INTO [Address] (Id, Street, City, [State], Country, Postcode) 
	VALUES (871, '1836 Amherst Street', 'Duntroon', 'Aukland', 'New Zealand', '6759');
INSERT INTO ContactAddress (ContactId, AddressId, AddressType) 
	VALUES (653, 871, 1);
INSERT INTO Contact (Id, GivenName, Surname, ContactType, CreatedDate, LastModifiedDate) 
	VALUES (654, 'Javier', 'Frazier', 'Supplier', '2018-09-09 10:34:10', '2020-08-11 06:23:40');
INSERT INTO [Address] (Id, Street, City, [State], Country, Postcode) 
	VALUES (872, '1190 Main Street West', 'Yering', 'Nelson', 'New Zealand', '2305');
INSERT INTO ContactAddress (ContactId, AddressId, AddressType) 
	VALUES (654, 872, 1);
INSERT INTO Contact (Id, GivenName, Surname, ContactType, CreatedDate, LastModifiedDate) 
	VALUES (655, 'Lilianna', 'Rasmussen', 'Employee', '2022-11-25 07:25:00', '2023-05-07 00:27:05');
INSERT INTO [Address] (Id, Street, City, [State], Country, Postcode) 
	VALUES (873, '1703 Spruce Street', 'Salt Ash', 'Aukland', 'New Zealand', '1352');
INSERT INTO ContactAddress (ContactId, AddressId, AddressType) 
	VALUES (655, 873, 1);
INSERT INTO [Address] (Id, Street, City, [State], Country, Postcode) 
		VALUES (874, '511 John Street', 'Panton Hill', 'Wellington', 'New Zealand', '2459');
INSERT INTO ContactAddress (ContactId, AddressId, AddressType) 
		VALUES (655, 874, 2);
INSERT INTO Contact (Id, GivenName, Surname, ContactType, CreatedDate, LastModifiedDate) 
	VALUES (656, 'Chase', 'Hahn', 'Customer', '2021-12-01 05:48:29', '2022-11-04 14:14:20');
INSERT INTO [Address] (Id, Street, City, [State], Country, Postcode) 
	VALUES (875, '1436 Brandywine Drive', 'Kaoota', 'New Plymouth', 'New Zealand', '4622');
INSERT INTO ContactAddress (ContactId, AddressId, AddressType) 
	VALUES (656, 875, 1);
INSERT INTO Contact (Id, GivenName, Surname, ContactType, CreatedDate, LastModifiedDate) 
	VALUES (657, 'Deacon', 'Holt', 'Customer', '2022-02-15 05:19:16', '2022-12-26 11:31:53');
INSERT INTO [Address] (Id, Street, City, [State], Country, Postcode) 
	VALUES (876, '1758 Country Club Road', 'Jerseyville', 'Nelson', 'New Zealand', '4987');
INSERT INTO ContactAddress (ContactId, AddressId, AddressType) 
	VALUES (657, 876, 1);
INSERT INTO Contact (Id, GivenName, Surname, ContactType, CreatedDate, LastModifiedDate) 
	VALUES (658, 'Macie', 'Gomez', 'Customer', '2022-08-22 14:49:55', '2023-12-04 12:37:40');
INSERT INTO [Address] (Id, Street, City, [State], Country, Postcode) 
	VALUES (877, '1097 Holly Drive', 'Greenway', 'Aukland', 'New Zealand', '1150');
INSERT INTO ContactAddress (ContactId, AddressId, AddressType) 
	VALUES (658, 877, 1);
INSERT INTO [Address] (Id, Street, City, [State], Country, Postcode) 
		VALUES (878, '217 Adams Avenue', 'Wombat', 'Wellington', 'New Zealand', '7716');
INSERT INTO ContactAddress (ContactId, AddressId, AddressType) 
		VALUES (658, 878, 2);
INSERT INTO Contact (Id, GivenName, Surname, ContactType, CreatedDate, LastModifiedDate) 
	VALUES (659, 'Kaylah', 'Riddle', 'Customer', '2019-10-10 23:56:56', '2022-01-28 02:21:12');
INSERT INTO [Address] (Id, Street, City, [State], Country, Postcode) 
	VALUES (879, '1682 Park Drive', 'Bradvale', 'Nelson', 'New Zealand', '1996');
INSERT INTO ContactAddress (ContactId, AddressId, AddressType) 
	VALUES (659, 879, 1);
INSERT INTO Contact (Id, GivenName, Surname, ContactType, CreatedDate, LastModifiedDate) 
	VALUES (660, 'Ashanti', 'Leon', 'Customer', '2023-12-31 17:26:53', '2024-01-12 10:27:20');
INSERT INTO [Address] (Id, Street, City, [State], Country, Postcode) 
	VALUES (880, '1676 Willow Drive', 'Yaugher', 'Nelson', 'New Zealand', '2711');
INSERT INTO ContactAddress (ContactId, AddressId, AddressType) 
	VALUES (660, 880, 1);
INSERT INTO Contact (Id, GivenName, Surname, ContactType, CreatedDate, LastModifiedDate) 
	VALUES (661, 'Phoenix', 'Crawford', 'Customer', '2019-11-04 04:24:58', '2022-05-31 16:33:43');
INSERT INTO [Address] (Id, Street, City, [State], Country, Postcode) 
	VALUES (881, '1849 Sunset Drive', 'Cheltenham', 'Catnerbury', 'New Zealand', '2813');
INSERT INTO ContactAddress (ContactId, AddressId, AddressType) 
	VALUES (661, 881, 1);
INSERT INTO [Address] (Id, Street, City, [State], Country, Postcode) 
		VALUES (882, '1959 Sycamore Street', 'Blowhard', 'Nelson', 'New Zealand', '8768');
INSERT INTO ContactAddress (ContactId, AddressId, AddressType) 
		VALUES (661, 882, 2);
INSERT INTO Contact (Id, GivenName, Surname, ContactType, CreatedDate, LastModifiedDate) 
	VALUES (662, 'Lexie', 'Herring', 'Customer', '2021-04-28 12:18:26', '2023-07-31 00:51:05');
INSERT INTO [Address] (Id, Street, City, [State], Country, Postcode) 
	VALUES (883, '868 Country Club Road', 'Belka', 'New Plymouth', 'New Zealand', '8739');
INSERT INTO ContactAddress (ContactId, AddressId, AddressType) 
	VALUES (662, 883, 1);
INSERT INTO Contact (Id, GivenName, Surname, ContactType, CreatedDate, LastModifiedDate) 
	VALUES (663, 'Johnathon', 'Henson', 'Customer', '2019-05-31 17:11:09', '2021-04-25 18:13:43');
INSERT INTO [Address] (Id, Street, City, [State], Country, Postcode) 
	VALUES (884, '1424 Charles Street', 'Hollow Tree', 'Otago', 'New Zealand', '6314');
INSERT INTO ContactAddress (ContactId, AddressId, AddressType) 
	VALUES (663, 884, 1);
INSERT INTO Contact (Id, GivenName, Surname, ContactType, CreatedDate, LastModifiedDate) 
	VALUES (664, 'Aubrey', 'Cobb', 'Customer', '2019-10-16 16:16:14', '2020-09-22 08:57:28');
INSERT INTO [Address] (Id, Street, City, [State], Country, Postcode) 
	VALUES (885, '873 Cambridge Court', 'Moolerr', 'New Plymouth', 'New Zealand', '2770');
INSERT INTO ContactAddress (ContactId, AddressId, AddressType) 
	VALUES (664, 885, 1);
INSERT INTO [Address] (Id, Street, City, [State], Country, Postcode) 
		VALUES (886, '1158 Front Street North', 'Killara', 'Aukland', 'New Zealand', '4759');
INSERT INTO ContactAddress (ContactId, AddressId, AddressType) 
		VALUES (664, 886, 2);
INSERT INTO Contact (Id, GivenName, Surname, ContactType, CreatedDate, LastModifiedDate) 
	VALUES (665, 'Kennedy', 'Roman', 'Customer', '2020-02-28 22:06:15', '2021-02-20 18:55:05');
INSERT INTO [Address] (Id, Street, City, [State], Country, Postcode) 
	VALUES (887, '961 Lake Street', 'Brandy Bottom', 'Otago', 'New Zealand', '6691');
INSERT INTO ContactAddress (ContactId, AddressId, AddressType) 
	VALUES (665, 887, 1);
INSERT INTO Contact (Id, GivenName, Surname, ContactType, CreatedDate, LastModifiedDate) 
	VALUES (666, 'Tamia', 'Melton', 'Customer', '2023-12-24 17:50:12', '2024-01-22 05:40:11');
INSERT INTO [Address] (Id, Street, City, [State], Country, Postcode) 
	VALUES (888, '1390 State Street East', 'Texas', 'Wellington', 'New Zealand', '7233');
INSERT INTO ContactAddress (ContactId, AddressId, AddressType) 
	VALUES (666, 888, 1);
INSERT INTO Contact (Id, GivenName, Surname, ContactType, CreatedDate, LastModifiedDate) 
	VALUES (667, 'Kolton', 'Peck', 'Customer', '2023-03-16 11:04:56', '2023-04-14 17:16:55');
INSERT INTO [Address] (Id, Street, City, [State], Country, Postcode) 
	VALUES (889, '630 Main Street South', 'Sceale Bay', 'Catnerbury', 'New Zealand', '8587');
INSERT INTO ContactAddress (ContactId, AddressId, AddressType) 
	VALUES (667, 889, 1);
INSERT INTO [Address] (Id, Street, City, [State], Country, Postcode) 
		VALUES (890, '217 New Street', 'Munghorn', 'Aukland', 'New Zealand', '6548');
INSERT INTO ContactAddress (ContactId, AddressId, AddressType) 
		VALUES (667, 890, 2);
INSERT INTO Contact (Id, GivenName, Surname, ContactType, CreatedDate, LastModifiedDate) 
	VALUES (668, 'Hanna', 'Mcmahon', 'Customer', '2021-09-26 15:51:33', '2022-04-13 06:10:19');
INSERT INTO [Address] (Id, Street, City, [State], Country, Postcode) 
	VALUES (891, '1129 5th Avenue', 'Birnam', 'Otago', 'New Zealand', '4335');
INSERT INTO ContactAddress (ContactId, AddressId, AddressType) 
	VALUES (668, 891, 1);
INSERT INTO Contact (Id, GivenName, Surname, ContactType, CreatedDate, LastModifiedDate) 
	VALUES (669, 'Carolina', 'Butler', 'Customer', '2021-06-11 21:15:34', '2022-10-10 18:24:41');
INSERT INTO [Address] (Id, Street, City, [State], Country, Postcode) 
	VALUES (892, '1742 Jackson Street', 'Brandy Bottom', 'Aukland', 'New Zealand', '1973');
INSERT INTO ContactAddress (ContactId, AddressId, AddressType) 
	VALUES (669, 892, 1);
INSERT INTO Contact (Id, GivenName, Surname, ContactType, CreatedDate, LastModifiedDate) 
	VALUES (670, 'Valentina', 'Boyle', 'Customer', '2020-01-01 02:40:39', '2021-09-29 06:57:06');
INSERT INTO [Address] (Id, Street, City, [State], Country, Postcode) 
	VALUES (893, '1287 Buttonwood Drive', 'Yaugher', 'Nelson', 'New Zealand', '7193');
INSERT INTO ContactAddress (ContactId, AddressId, AddressType) 
	VALUES (670, 893, 1);
INSERT INTO [Address] (Id, Street, City, [State], Country, Postcode) 
		VALUES (894, '360 Cherry Lane', 'Fish Creek', 'Catnerbury', 'New Zealand', '4516');
INSERT INTO ContactAddress (ContactId, AddressId, AddressType) 
		VALUES (670, 894, 2);
INSERT INTO Contact (Id, GivenName, Surname, ContactType, CreatedDate, LastModifiedDate) 
	VALUES (671, 'Alijah', 'Bradshaw', 'Customer', '2022-01-22 01:05:37', '2023-04-12 06:13:33');
INSERT INTO [Address] (Id, Street, City, [State], Country, Postcode) 
	VALUES (895, '739 Cross Street', 'Westville', 'Nelson', 'New Zealand', '1097');
INSERT INTO ContactAddress (ContactId, AddressId, AddressType) 
	VALUES (671, 895, 1);
INSERT INTO Contact (Id, GivenName, Surname, ContactType, CreatedDate, LastModifiedDate) 
	VALUES (672, 'Zain', 'Larson', 'Employee', '2021-06-07 03:55:07', '2023-12-13 05:26:32');
INSERT INTO [Address] (Id, Street, City, [State], Country, Postcode) 
	VALUES (896, '1150 Dogwood Lane', 'Ackland', 'New Plymouth', 'New Zealand', '7658');
INSERT INTO ContactAddress (ContactId, AddressId, AddressType) 
	VALUES (672, 896, 1);
INSERT INTO Contact (Id, GivenName, Surname, ContactType, CreatedDate, LastModifiedDate) 
	VALUES (673, 'Tristin', 'Santana', 'Customer', '2022-12-20 15:30:23', '2024-01-01 00:58:43');
INSERT INTO [Address] (Id, Street, City, [State], Country, Postcode) 
	VALUES (897, '733 Country Lane', 'Hazelgrove', 'Otago', 'New Zealand', '3163');
INSERT INTO ContactAddress (ContactId, AddressId, AddressType) 
	VALUES (673, 897, 1);
INSERT INTO [Address] (Id, Street, City, [State], Country, Postcode) 
		VALUES (898, '1353 Elmwood Avenue', 'Copperfield', 'Otago', 'New Zealand', '8903');
INSERT INTO ContactAddress (ContactId, AddressId, AddressType) 
		VALUES (673, 898, 2);
INSERT INTO Contact (Id, GivenName, Surname, ContactType, CreatedDate, LastModifiedDate) 
	VALUES (674, 'Haley', 'Monroe', 'Employee', '2018-12-08 15:06:59', '2021-12-20 18:39:14');
INSERT INTO [Address] (Id, Street, City, [State], Country, Postcode) 
	VALUES (899, '1094 Route 4', 'Yeulba', 'New Plymouth', 'New Zealand', '2034');
INSERT INTO ContactAddress (ContactId, AddressId, AddressType) 
	VALUES (674, 899, 1);
INSERT INTO Contact (Id, GivenName, Surname, ContactType, CreatedDate, LastModifiedDate) 
	VALUES (675, 'Harry', 'Turner', 'Customer', '2023-01-29 16:25:59', '2023-06-02 22:58:04');
INSERT INTO [Address] (Id, Street, City, [State], Country, Postcode) 
	VALUES (900, '1227 Fieldstone Drive', 'Snowball', 'New South Wales', 'Australia', '7937');
INSERT INTO ContactAddress (ContactId, AddressId, AddressType) 
	VALUES (675, 900, 1);
INSERT INTO Contact (Id, GivenName, Surname, ContactType, CreatedDate, LastModifiedDate) 
	VALUES (676, 'Jaqueline', 'Hale', 'Customer', '2021-04-17 04:00:25', '2023-10-21 06:31:16');
INSERT INTO [Address] (Id, Street, City, [State], Country, Postcode) 
	VALUES (901, '394 Virginia Avenue', 'Mount Dalrymple', 'Wellington', 'New Zealand', '6467');
INSERT INTO ContactAddress (ContactId, AddressId, AddressType) 
	VALUES (676, 901, 1);
INSERT INTO [Address] (Id, Street, City, [State], Country, Postcode) 
		VALUES (902, '1359 Country Club Drive', 'Degilbo', 'Nelson', 'New Zealand', '1064');
INSERT INTO ContactAddress (ContactId, AddressId, AddressType) 
		VALUES (676, 902, 2);
INSERT INTO Contact (Id, GivenName, Surname, ContactType, CreatedDate, LastModifiedDate) 
	VALUES (677, 'Ruby', 'Arroyo', 'Customer', '2020-12-15 21:16:33', '2023-04-18 11:19:27');
INSERT INTO [Address] (Id, Street, City, [State], Country, Postcode) 
	VALUES (903, '1826 Windsor Court', 'Woleebee', 'Otago', 'New Zealand', '7884');
INSERT INTO ContactAddress (ContactId, AddressId, AddressType) 
	VALUES (677, 903, 1);
INSERT INTO Contact (Id, GivenName, Surname, ContactType, CreatedDate, LastModifiedDate) 
	VALUES (678, 'Asa', 'Thomas', 'Customer', '2020-02-07 00:10:18', '2023-08-27 03:32:24');
INSERT INTO [Address] (Id, Street, City, [State], Country, Postcode) 
	VALUES (904, '1693 Canterbury Road', 'Haly Creek School', 'Catnerbury', 'New Zealand', '1360');
INSERT INTO ContactAddress (ContactId, AddressId, AddressType) 
	VALUES (678, 904, 1);
INSERT INTO Contact (Id, GivenName, Surname, ContactType, CreatedDate, LastModifiedDate) 
	VALUES (679, 'Adonis', 'Bernard', 'Supplier', '2020-05-15 19:45:55', '2021-05-17 17:24:12');
INSERT INTO [Address] (Id, Street, City, [State], Country, Postcode) 
	VALUES (905, '787 Market Street', 'Luddenham', 'Catnerbury', 'New Zealand', '4583');
INSERT INTO ContactAddress (ContactId, AddressId, AddressType) 
	VALUES (679, 905, 1);
INSERT INTO [Address] (Id, Street, City, [State], Country, Postcode) 
		VALUES (906, '344 Main Street South', 'Belka', 'Nelson', 'New Zealand', '1774');
INSERT INTO ContactAddress (ContactId, AddressId, AddressType) 
		VALUES (679, 906, 2);
INSERT INTO Contact (Id, GivenName, Surname, ContactType, CreatedDate, LastModifiedDate) 
	VALUES (680, 'Catherine', 'Yu', 'Employee', '2023-07-30 00:23:45', '2023-11-21 08:11:07');
INSERT INTO [Address] (Id, Street, City, [State], Country, Postcode) 
	VALUES (907, '1476 Bank Street', 'South Wolca', 'Wellington', 'New Zealand', '4625');
INSERT INTO ContactAddress (ContactId, AddressId, AddressType) 
	VALUES (680, 907, 1);
INSERT INTO Contact (Id, GivenName, Surname, ContactType, CreatedDate, LastModifiedDate) 
	VALUES (681, 'Marlene', 'Nicholson', 'Customer', '2020-08-22 13:05:19', '2022-04-13 05:59:21');
INSERT INTO [Address] (Id, Street, City, [State], Country, Postcode) 
	VALUES (908, '610 B Street', 'Holt', 'Wellington', 'New Zealand', '8552');
INSERT INTO ContactAddress (ContactId, AddressId, AddressType) 
	VALUES (681, 908, 1);
INSERT INTO Contact (Id, GivenName, Surname, ContactType, CreatedDate, LastModifiedDate) 
	VALUES (682, 'Brianna', 'Walter', 'Supplier', '2023-12-27 05:28:02', '2023-12-29 20:55:00');
INSERT INTO [Address] (Id, Street, City, [State], Country, Postcode) 
	VALUES (909, '838 Surrey Lane', 'Yering', 'Aukland', 'New Zealand', '1099');
INSERT INTO ContactAddress (ContactId, AddressId, AddressType) 
	VALUES (682, 909, 1);
INSERT INTO [Address] (Id, Street, City, [State], Country, Postcode) 
		VALUES (910, '1794 Hamilton Road', 'Temma', 'Catnerbury', 'New Zealand', '4814');
INSERT INTO ContactAddress (ContactId, AddressId, AddressType) 
		VALUES (682, 910, 2);
INSERT INTO Contact (Id, GivenName, Surname, ContactType, CreatedDate, LastModifiedDate) 
	VALUES (683, 'Nehemiah', 'Farmer', 'Customer', '2022-09-22 15:27:02', '2022-11-04 05:41:37');
INSERT INTO [Address] (Id, Street, City, [State], Country, Postcode) 
	VALUES (911, '1858 Laurel Lane', 'Biboohra', 'Aukland', 'New Zealand', '4251');
INSERT INTO ContactAddress (ContactId, AddressId, AddressType) 
	VALUES (683, 911, 1);
INSERT INTO Contact (Id, GivenName, Surname, ContactType, CreatedDate, LastModifiedDate) 
	VALUES (684, 'Marisol', 'Kerr', 'Customer', '2022-05-02 22:04:48', '2023-01-16 14:26:34');
INSERT INTO [Address] (Id, Street, City, [State], Country, Postcode) 
	VALUES (912, '1417 Lincoln Street', 'Cheltenham', 'Wellington', 'New Zealand', '6182');
INSERT INTO ContactAddress (ContactId, AddressId, AddressType) 
	VALUES (684, 912, 1);
INSERT INTO Contact (Id, GivenName, Surname, ContactType, CreatedDate, LastModifiedDate) 
	VALUES (685, 'Trace', 'Castaneda', 'Customer', '2023-09-11 14:22:47', '2023-11-30 21:53:07');
INSERT INTO [Address] (Id, Street, City, [State], Country, Postcode) 
	VALUES (913, '562 Cleveland Avenue', 'Rockton', 'Catnerbury', 'New Zealand', '8477');
INSERT INTO ContactAddress (ContactId, AddressId, AddressType) 
	VALUES (685, 913, 1);
INSERT INTO [Address] (Id, Street, City, [State], Country, Postcode) 
		VALUES (914, '709 Linden Avenue', 'Yarto', 'Nelson', 'New Zealand', '5538');
INSERT INTO ContactAddress (ContactId, AddressId, AddressType) 
		VALUES (685, 914, 2);
INSERT INTO Contact (Id, GivenName, Surname, ContactType, CreatedDate, LastModifiedDate) 
	VALUES (686, 'Margaret', 'Erickson', 'Employee', '2020-05-21 08:30:21', '2023-07-28 02:46:22');
INSERT INTO [Address] (Id, Street, City, [State], Country, Postcode) 
	VALUES (915, '1614 East Street', 'Old Bar', 'New Plymouth', 'New Zealand', '2756');
INSERT INTO ContactAddress (ContactId, AddressId, AddressType) 
	VALUES (686, 915, 1);
INSERT INTO Contact (Id, GivenName, Surname, ContactType, CreatedDate, LastModifiedDate) 
	VALUES (687, 'Jonathon', 'Mcbride', 'Customer', '2018-10-26 12:07:40', '2020-01-18 01:39:58');
INSERT INTO [Address] (Id, Street, City, [State], Country, Postcode) 
	VALUES (916, '117 Franklin Court', 'Elmore', 'Catnerbury', 'New Zealand', '8545');
INSERT INTO ContactAddress (ContactId, AddressId, AddressType) 
	VALUES (687, 916, 1);
INSERT INTO Contact (Id, GivenName, Surname, ContactType, CreatedDate, LastModifiedDate) 
	VALUES (688, 'Connor', 'Mathews', 'Customer', '2021-01-03 02:26:34', '2021-12-22 09:42:11');
INSERT INTO [Address] (Id, Street, City, [State], Country, Postcode) 
	VALUES (917, '100 Railroad Avenue', 'Cromarty', 'Aukland', 'New Zealand', '8630');
INSERT INTO ContactAddress (ContactId, AddressId, AddressType) 
	VALUES (688, 917, 1);
INSERT INTO [Address] (Id, Street, City, [State], Country, Postcode) 
		VALUES (918, '1001 Cambridge Court', 'Palmervill', 'Aukland', 'New Zealand', '2704');
INSERT INTO ContactAddress (ContactId, AddressId, AddressType) 
		VALUES (688, 918, 2);
INSERT INTO Contact (Id, GivenName, Surname, ContactType, CreatedDate, LastModifiedDate) 
	VALUES (689, 'Marisa', 'Lozano', 'Customer', '2024-01-26 09:08:25', '2024-01-26 12:16:57');
INSERT INTO [Address] (Id, Street, City, [State], Country, Postcode) 
	VALUES (919, '686 Route 1', 'Nareen', 'Otago', 'New Zealand', '4207');
INSERT INTO ContactAddress (ContactId, AddressId, AddressType) 
	VALUES (689, 919, 1);
INSERT INTO Contact (Id, GivenName, Surname, ContactType, CreatedDate, LastModifiedDate) 
	VALUES (690, 'Noel', 'Hopkins', 'Customer', '2022-10-03 06:52:05', '2022-12-10 13:45:11');
INSERT INTO [Address] (Id, Street, City, [State], Country, Postcode) 
	VALUES (920, '218 Canterbury Road', 'Wangonilla', 'Otago', 'New Zealand', '5615');
INSERT INTO ContactAddress (ContactId, AddressId, AddressType) 
	VALUES (690, 920, 1);
INSERT INTO Contact (Id, GivenName, Surname, ContactType, CreatedDate, LastModifiedDate) 
	VALUES (691, 'Brandon', 'Cisneros', 'Customer', '2018-12-23 17:12:05', '2019-09-26 03:52:52');
INSERT INTO [Address] (Id, Street, City, [State], Country, Postcode) 
	VALUES (921, '662 Route 10', 'Kentdale', 'Otago', 'New Zealand', '4491');
INSERT INTO ContactAddress (ContactId, AddressId, AddressType) 
	VALUES (691, 921, 1);
INSERT INTO [Address] (Id, Street, City, [State], Country, Postcode) 
		VALUES (922, '17 13th Street', 'Beulah', 'Otago', 'New Zealand', '8959');
INSERT INTO ContactAddress (ContactId, AddressId, AddressType) 
		VALUES (691, 922, 2);
INSERT INTO Contact (Id, GivenName, Surname, ContactType, CreatedDate, LastModifiedDate) 
	VALUES (692, 'Yosef', 'Pitts', 'Employee', '2021-01-16 12:51:16', '2022-06-30 08:54:46');
INSERT INTO [Address] (Id, Street, City, [State], Country, Postcode) 
	VALUES (923, '717 5th Street East', 'Coreen', 'New Plymouth', 'New Zealand', '5692');
INSERT INTO ContactAddress (ContactId, AddressId, AddressType) 
	VALUES (692, 923, 1);
INSERT INTO Contact (Id, GivenName, Surname, ContactType, CreatedDate, LastModifiedDate) 
	VALUES (693, 'Abbigail', 'Palmer', 'Employee', '2022-04-01 05:04:03', '2022-06-04 11:45:16');
INSERT INTO [Address] (Id, Street, City, [State], Country, Postcode) 
	VALUES (924, '1607 Hillside Drive', 'St Pauls', 'Catnerbury', 'New Zealand', '6839');
INSERT INTO ContactAddress (ContactId, AddressId, AddressType) 
	VALUES (693, 924, 1);
INSERT INTO Contact (Id, GivenName, Surname, ContactType, CreatedDate, LastModifiedDate) 
	VALUES (694, 'Elsie', 'Lutz', 'Employee', '2019-07-24 06:21:35', '2023-10-13 05:47:56');
INSERT INTO [Address] (Id, Street, City, [State], Country, Postcode) 
	VALUES (925, '1043 Route 17', 'Lillian Rock', 'New Plymouth', 'New Zealand', '2434');
INSERT INTO ContactAddress (ContactId, AddressId, AddressType) 
	VALUES (694, 925, 1);
INSERT INTO [Address] (Id, Street, City, [State], Country, Postcode) 
		VALUES (926, '1422 Windsor Court', 'Humphery', 'Otago', 'New Zealand', '4426');
INSERT INTO ContactAddress (ContactId, AddressId, AddressType) 
		VALUES (694, 926, 2);
INSERT INTO Contact (Id, GivenName, Surname, ContactType, CreatedDate, LastModifiedDate) 
	VALUES (695, 'Sidney', 'Conrad', 'Customer', '2022-11-10 00:32:28', '2023-04-17 05:38:06');
INSERT INTO [Address] (Id, Street, City, [State], Country, Postcode) 
	VALUES (927, '1994 Street Road', 'Holt', 'Nelson', 'New Zealand', '8176');
INSERT INTO ContactAddress (ContactId, AddressId, AddressType) 
	VALUES (695, 927, 1);
INSERT INTO Contact (Id, GivenName, Surname, ContactType, CreatedDate, LastModifiedDate) 
	VALUES (696, 'Billy', 'Salinas', 'Customer', '2020-07-07 23:50:30', '2022-12-31 05:09:09');
INSERT INTO [Address] (Id, Street, City, [State], Country, Postcode) 
	VALUES (928, '1664 Railroad Avenue', 'Mylor', 'Catnerbury', 'New Zealand', '5122');
INSERT INTO ContactAddress (ContactId, AddressId, AddressType) 
	VALUES (696, 928, 1);
INSERT INTO Contact (Id, GivenName, Surname, ContactType, CreatedDate, LastModifiedDate) 
	VALUES (697, 'Irene', 'Khan', 'Customer', '2022-07-04 01:31:04', '2023-12-15 15:02:03');
INSERT INTO [Address] (Id, Street, City, [State], Country, Postcode) 
	VALUES (929, '1562 Route 9', 'Landsborough', 'Wellington', 'New Zealand', '2438');
INSERT INTO ContactAddress (ContactId, AddressId, AddressType) 
	VALUES (697, 929, 1);
INSERT INTO [Address] (Id, Street, City, [State], Country, Postcode) 
		VALUES (930, '1569 Hawthorne Avenue', 'Sunnyside', 'Aukland', 'New Zealand', '5753');
INSERT INTO ContactAddress (ContactId, AddressId, AddressType) 
		VALUES (697, 930, 2);
INSERT INTO Contact (Id, GivenName, Surname, ContactType, CreatedDate, LastModifiedDate) 
	VALUES (698, 'Antony', 'Shah', 'Customer', '2020-06-04 15:41:43', '2020-07-15 05:25:29');
INSERT INTO [Address] (Id, Street, City, [State], Country, Postcode) 
	VALUES (931, '1695 Oak Street', 'Tarampa', 'Wellington', 'New Zealand', '3396');
INSERT INTO ContactAddress (ContactId, AddressId, AddressType) 
	VALUES (698, 931, 1);
INSERT INTO Contact (Id, GivenName, Surname, ContactType, CreatedDate, LastModifiedDate) 
	VALUES (699, 'Rosa', 'Bridges', 'Customer', '2021-01-03 12:39:13', '2022-10-02 20:46:41');
INSERT INTO [Address] (Id, Street, City, [State], Country, Postcode) 
	VALUES (932, '1295 Union Street', 'Wilsons Downfall', 'New Plymouth', 'New Zealand', '2754');
INSERT INTO ContactAddress (ContactId, AddressId, AddressType) 
	VALUES (699, 932, 1);
INSERT INTO Contact (Id, GivenName, Surname, ContactType, CreatedDate, LastModifiedDate) 
	VALUES (700, 'Andreas', 'Perry', 'Employee', '2020-04-06 21:57:13', '2020-09-09 09:10:05');
INSERT INTO [Address] (Id, Street, City, [State], Country, Postcode) 
	VALUES (933, '249 Sunset Drive', 'Peronne', 'New Plymouth', 'New Zealand', '1535');
INSERT INTO ContactAddress (ContactId, AddressId, AddressType) 
	VALUES (700, 933, 1);
INSERT INTO [Address] (Id, Street, City, [State], Country, Postcode) 
		VALUES (934, '1477 Woodland Road', 'Caramut', 'Nelson', 'New Zealand', '7098');
INSERT INTO ContactAddress (ContactId, AddressId, AddressType) 
		VALUES (700, 934, 2);
INSERT INTO Contact (Id, GivenName, Surname, ContactType, CreatedDate, LastModifiedDate) 
	VALUES (701, 'Greyson', 'King', 'Employee', '2022-12-23 07:42:21', '2023-08-29 14:20:55');
INSERT INTO [Address] (Id, Street, City, [State], Country, Postcode) 
	VALUES (935, '1586 Elm Street', 'Jerseyville', 'New Plymouth', 'New Zealand', '2035');
INSERT INTO ContactAddress (ContactId, AddressId, AddressType) 
	VALUES (701, 935, 1);
INSERT INTO Contact (Id, GivenName, Surname, ContactType, CreatedDate, LastModifiedDate) 
	VALUES (702, 'Makenna', 'Le', 'Customer', '2020-06-04 12:09:08', '2021-07-16 22:53:05');
INSERT INTO [Address] (Id, Street, City, [State], Country, Postcode) 
	VALUES (936, '438 Ridge Avenue', 'Dickson', 'Northern Territory', 'Australia', '8034');
INSERT INTO ContactAddress (ContactId, AddressId, AddressType) 
	VALUES (702, 936, 1);
INSERT INTO Contact (Id, GivenName, Surname, ContactType, CreatedDate, LastModifiedDate) 
	VALUES (703, 'Emily', 'Kane', 'Customer', '2022-08-31 16:18:39', '2023-08-22 09:53:28');
INSERT INTO [Address] (Id, Street, City, [State], Country, Postcode) 
	VALUES (937, '264 Sherman Street', 'Bullioh', 'Wellington', 'New Zealand', '5754');
INSERT INTO ContactAddress (ContactId, AddressId, AddressType) 
	VALUES (703, 937, 1);
INSERT INTO [Address] (Id, Street, City, [State], Country, Postcode) 
		VALUES (938, '797 Magnolia Court', 'Tibooburra', 'Aukland', 'New Zealand', '2783');
INSERT INTO ContactAddress (ContactId, AddressId, AddressType) 
		VALUES (703, 938, 2);
INSERT INTO Contact (Id, GivenName, Surname, ContactType, CreatedDate, LastModifiedDate) 
	VALUES (704, 'Diamond', 'Wade', 'Customer', '2020-08-04 09:07:44', '2023-10-28 05:08:21');
INSERT INTO [Address] (Id, Street, City, [State], Country, Postcode) 
	VALUES (939, '1157 Cedar Avenue', 'Waanyarra Rush', 'Wellington', 'New Zealand', '6130');
INSERT INTO ContactAddress (ContactId, AddressId, AddressType) 
	VALUES (704, 939, 1);
INSERT INTO Contact (Id, GivenName, Surname, ContactType, CreatedDate, LastModifiedDate) 
	VALUES (705, 'Lilly', 'Lamb', 'Customer', '2023-04-01 22:19:19', '2024-01-13 23:03:06');
INSERT INTO [Address] (Id, Street, City, [State], Country, Postcode) 
	VALUES (940, '719 Clay Street', 'Sebastian', 'Nelson', 'New Zealand', '3937');
INSERT INTO ContactAddress (ContactId, AddressId, AddressType) 
	VALUES (705, 940, 1);
INSERT INTO Contact (Id, GivenName, Surname, ContactType, CreatedDate, LastModifiedDate) 
	VALUES (706, 'Braden', 'Yates', 'Supplier', '2021-03-21 05:12:44', '2021-07-18 02:03:30');
INSERT INTO [Address] (Id, Street, City, [State], Country, Postcode) 
	VALUES (941, '1758 Jackson Avenue', 'Barringun', 'New Plymouth', 'New Zealand', '3323');
INSERT INTO ContactAddress (ContactId, AddressId, AddressType) 
	VALUES (706, 941, 1);
INSERT INTO [Address] (Id, Street, City, [State], Country, Postcode) 
		VALUES (942, '1906 Primrose Lane', 'North Queenstown', 'Otago', 'New Zealand', '7330');
INSERT INTO ContactAddress (ContactId, AddressId, AddressType) 
		VALUES (706, 942, 2);
INSERT INTO Contact (Id, GivenName, Surname, ContactType, CreatedDate, LastModifiedDate) 
	VALUES (707, 'Reilly', 'Brady', 'Customer', '2023-08-21 14:36:10', '2023-12-05 05:23:44');
INSERT INTO [Address] (Id, Street, City, [State], Country, Postcode) 
	VALUES (943, '327 Walnut Street', 'Dickson', 'Aukland', 'New Zealand', '5030');
INSERT INTO ContactAddress (ContactId, AddressId, AddressType) 
	VALUES (707, 943, 1);
INSERT INTO Contact (Id, GivenName, Surname, ContactType, CreatedDate, LastModifiedDate) 
	VALUES (708, 'Omar', 'Ward', 'Customer', '2022-01-05 01:44:04', '2022-08-09 03:28:57');
INSERT INTO [Address] (Id, Street, City, [State], Country, Postcode) 
	VALUES (944, '546 South Street', 'Yurammie', 'Nelson', 'New Zealand', '4751');
INSERT INTO ContactAddress (ContactId, AddressId, AddressType) 
	VALUES (708, 944, 1);
INSERT INTO Contact (Id, GivenName, Surname, ContactType, CreatedDate, LastModifiedDate) 
	VALUES (709, 'Alejandro', 'Tran', 'Employee', '2020-01-11 18:30:08', '2023-12-11 14:04:30');
INSERT INTO [Address] (Id, Street, City, [State], Country, Postcode) 
	VALUES (945, '1068 Manor Drive', 'Beckom', 'Otago', 'New Zealand', '5692');
INSERT INTO ContactAddress (ContactId, AddressId, AddressType) 
	VALUES (709, 945, 1);
INSERT INTO [Address] (Id, Street, City, [State], Country, Postcode) 
		VALUES (946, '73 Hilltop Road', 'Mogil Mogil', 'Catnerbury', 'New Zealand', '5295');
INSERT INTO ContactAddress (ContactId, AddressId, AddressType) 
		VALUES (709, 946, 2);
INSERT INTO Contact (Id, GivenName, Surname, ContactType, CreatedDate, LastModifiedDate) 
	VALUES (710, 'Dominique', 'Poole', 'Customer', '2022-01-05 02:51:43', '2022-12-09 01:59:01');
INSERT INTO [Address] (Id, Street, City, [State], Country, Postcode) 
	VALUES (947, '1343 Clinton Street', 'Kentdale', 'New Plymouth', 'New Zealand', '1249');
INSERT INTO ContactAddress (ContactId, AddressId, AddressType) 
	VALUES (710, 947, 1);
INSERT INTO Contact (Id, GivenName, Surname, ContactType, CreatedDate, LastModifiedDate) 
	VALUES (711, 'Rohan', 'Mckee', 'Customer', '2022-03-28 01:45:31', '2023-04-03 04:05:54');
INSERT INTO [Address] (Id, Street, City, [State], Country, Postcode) 
	VALUES (948, '224 School Street', 'Bellbowrie', 'New Plymouth', 'New Zealand', '7536');
INSERT INTO ContactAddress (ContactId, AddressId, AddressType) 
	VALUES (711, 948, 1);
INSERT INTO Contact (Id, GivenName, Surname, ContactType, CreatedDate, LastModifiedDate) 
	VALUES (712, 'Bianca', 'Rose', 'Customer', '2021-03-02 10:02:59', '2021-07-07 17:26:12');
INSERT INTO [Address] (Id, Street, City, [State], Country, Postcode) 
	VALUES (949, '1783 Augusta Drive', 'Cunderdin North', 'Nelson', 'New Zealand', '2094');
INSERT INTO ContactAddress (ContactId, AddressId, AddressType) 
	VALUES (712, 949, 1);
INSERT INTO [Address] (Id, Street, City, [State], Country, Postcode) 
		VALUES (950, '1050 Hanover Court', 'Jibbinbar', 'Nelson', 'New Zealand', '4160');
INSERT INTO ContactAddress (ContactId, AddressId, AddressType) 
		VALUES (712, 950, 2);
INSERT INTO Contact (Id, GivenName, Surname, ContactType, CreatedDate, LastModifiedDate) 
	VALUES (713, 'Caroline', 'Avila', 'Customer', '2020-12-26 12:01:11', '2022-10-19 14:47:12');
INSERT INTO [Address] (Id, Street, City, [State], Country, Postcode) 
	VALUES (951, '1789 Union Street', 'Mountain Creek', 'Aukland', 'New Zealand', '4822');
INSERT INTO ContactAddress (ContactId, AddressId, AddressType) 
	VALUES (713, 951, 1);
INSERT INTO Contact (Id, GivenName, Surname, ContactType, CreatedDate, LastModifiedDate) 
	VALUES (714, 'Spencer', 'Rush', 'Customer', '2022-03-07 18:11:05', '2023-11-24 03:11:37');
INSERT INTO [Address] (Id, Street, City, [State], Country, Postcode) 
	VALUES (952, '1600 Center Street', 'Frances', 'Catnerbury', 'New Zealand', '1790');
INSERT INTO ContactAddress (ContactId, AddressId, AddressType) 
	VALUES (714, 952, 1);
INSERT INTO Contact (Id, GivenName, Surname, ContactType, CreatedDate, LastModifiedDate) 
	VALUES (715, 'Theresa', 'Dillon', 'Customer', '2020-10-27 00:34:25', '2021-07-24 17:22:41');
INSERT INTO [Address] (Id, Street, City, [State], Country, Postcode) 
	VALUES (953, '1144 Hamilton Road', 'Nariel Creek', 'Catnerbury', 'New Zealand', '5716');
INSERT INTO ContactAddress (ContactId, AddressId, AddressType) 
	VALUES (715, 953, 1);
INSERT INTO [Address] (Id, Street, City, [State], Country, Postcode) 
		VALUES (954, '668 Heather Court', 'Barringun', 'New Plymouth', 'New Zealand', '4631');
INSERT INTO ContactAddress (ContactId, AddressId, AddressType) 
		VALUES (715, 954, 2);
INSERT INTO Contact (Id, GivenName, Surname, ContactType, CreatedDate, LastModifiedDate) 
	VALUES (716, 'Cooper', 'Contreras', 'Employee', '2021-01-30 02:59:51', '2023-12-24 17:09:28');
INSERT INTO [Address] (Id, Street, City, [State], Country, Postcode) 
	VALUES (955, '62 Willow Lane', 'Meandarra', 'Wellington', 'New Zealand', '4711');
INSERT INTO ContactAddress (ContactId, AddressId, AddressType) 
	VALUES (716, 955, 1);
INSERT INTO Contact (Id, GivenName, Surname, ContactType, CreatedDate, LastModifiedDate) 
	VALUES (717, 'Ibrahim', 'Hodges', 'Other', '2023-10-14 18:46:10', '2023-12-24 11:54:12');
INSERT INTO [Address] (Id, Street, City, [State], Country, Postcode) 
	VALUES (956, '1815 Route 29', 'Miakite', 'Otago', 'New Zealand', '2910');
INSERT INTO ContactAddress (ContactId, AddressId, AddressType) 
	VALUES (717, 956, 1);
INSERT INTO Contact (Id, GivenName, Surname, ContactType, CreatedDate, LastModifiedDate) 
	VALUES (718, 'Imani', 'Dixon', 'Employee', '2019-07-21 22:51:20', '2021-01-24 08:31:06');
INSERT INTO [Address] (Id, Street, City, [State], Country, Postcode) 
	VALUES (957, '968 Cottage Street', 'Nunkeri', 'Wellington', 'New Zealand', '7336');
INSERT INTO ContactAddress (ContactId, AddressId, AddressType) 
	VALUES (718, 957, 1);
INSERT INTO [Address] (Id, Street, City, [State], Country, Postcode) 
		VALUES (958, '1193 Route 44', 'Tawonga', 'New Plymouth', 'New Zealand', '2402');
INSERT INTO ContactAddress (ContactId, AddressId, AddressType) 
		VALUES (718, 958, 2);
INSERT INTO Contact (Id, GivenName, Surname, ContactType, CreatedDate, LastModifiedDate) 
	VALUES (719, 'Juliet', 'Wyatt', 'Customer', '2021-08-31 08:02:40', '2022-06-06 16:12:18');
INSERT INTO [Address] (Id, Street, City, [State], Country, Postcode) 
	VALUES (959, '1022 Church Road', 'Dinmore', 'Otago', 'New Zealand', '8439');
INSERT INTO ContactAddress (ContactId, AddressId, AddressType) 
	VALUES (719, 959, 1);
INSERT INTO Contact (Id, GivenName, Surname, ContactType, CreatedDate, LastModifiedDate) 
	VALUES (720, 'Trevor', 'Weaver', 'Customer', '2021-04-23 00:19:16', '2021-08-13 00:31:36');
INSERT INTO [Address] (Id, Street, City, [State], Country, Postcode) 
	VALUES (960, '104 Hawthorne Avenue', 'Popanyinning', 'Otago', 'New Zealand', '7971');
INSERT INTO ContactAddress (ContactId, AddressId, AddressType) 
	VALUES (720, 960, 1);
INSERT INTO Contact (Id, GivenName, Surname, ContactType, CreatedDate, LastModifiedDate) 
	VALUES (721, 'Tristian', 'Wright', 'Employee', '2021-07-20 00:39:30', '2022-10-01 09:22:42');
INSERT INTO [Address] (Id, Street, City, [State], Country, Postcode) 
	VALUES (961, '1061 Elm Avenue', 'Copperfield', 'Aukland', 'New Zealand', '6007');
INSERT INTO ContactAddress (ContactId, AddressId, AddressType) 
	VALUES (721, 961, 1);
INSERT INTO [Address] (Id, Street, City, [State], Country, Postcode) 
		VALUES (962, '1929 East Avenue', 'Carrolup', 'New Plymouth', 'New Zealand', '3471');
INSERT INTO ContactAddress (ContactId, AddressId, AddressType) 
		VALUES (721, 962, 2);
INSERT INTO Contact (Id, GivenName, Surname, ContactType, CreatedDate, LastModifiedDate) 
	VALUES (722, 'Harold', 'Sosa', 'Customer', '2018-09-05 05:30:37', '2022-03-15 23:50:32');
INSERT INTO [Address] (Id, Street, City, [State], Country, Postcode) 
	VALUES (963, '652 Hawthorne Avenue', 'Napier', 'Nelson', 'New Zealand', '7282');
INSERT INTO ContactAddress (ContactId, AddressId, AddressType) 
	VALUES (722, 963, 1);
INSERT INTO Contact (Id, GivenName, Surname, ContactType, CreatedDate, LastModifiedDate) 
	VALUES (723, 'Giancarlo', 'Garner', 'Customer', '2021-06-18 23:25:36', '2022-12-06 20:03:27');
INSERT INTO [Address] (Id, Street, City, [State], Country, Postcode) 
	VALUES (964, '1505 Magnolia Drive', 'Kialla East', 'Catnerbury', 'New Zealand', '5909');
INSERT INTO ContactAddress (ContactId, AddressId, AddressType) 
	VALUES (723, 964, 1);
INSERT INTO Contact (Id, GivenName, Surname, ContactType, CreatedDate, LastModifiedDate) 
	VALUES (724, 'Haiden', 'Trevino', 'Customer', '2022-03-14 01:18:41', '2022-10-14 06:07:39');
INSERT INTO [Address] (Id, Street, City, [State], Country, Postcode) 
	VALUES (965, '1199 Fairway Drive', 'Morchard', 'Catnerbury', 'New Zealand', '3694');
INSERT INTO ContactAddress (ContactId, AddressId, AddressType) 
	VALUES (724, 965, 1);
INSERT INTO [Address] (Id, Street, City, [State], Country, Postcode) 
		VALUES (966, '285 Orchard Avenue', 'Gympie South', 'Otago', 'New Zealand', '3163');
INSERT INTO ContactAddress (ContactId, AddressId, AddressType) 
		VALUES (724, 966, 2);
INSERT INTO Contact (Id, GivenName, Surname, ContactType, CreatedDate, LastModifiedDate) 
	VALUES (725, 'Kareem', 'Gamble', 'Supplier', '2021-03-05 10:08:28', '2023-12-06 07:28:12');
INSERT INTO [Address] (Id, Street, City, [State], Country, Postcode) 
	VALUES (967, '115 Canterbury Drive', 'Linga', 'Wellington', 'New Zealand', '1785');
INSERT INTO ContactAddress (ContactId, AddressId, AddressType) 
	VALUES (725, 967, 1);
INSERT INTO Contact (Id, GivenName, Surname, ContactType, CreatedDate, LastModifiedDate) 
	VALUES (726, 'Jacoby', 'Ball', 'Customer', '2020-06-14 07:17:26', '2023-03-24 00:38:13');
INSERT INTO [Address] (Id, Street, City, [State], Country, Postcode) 
	VALUES (968, '318 Magnolia Avenue', 'Boorindal', 'New Plymouth', 'New Zealand', '7983');
INSERT INTO ContactAddress (ContactId, AddressId, AddressType) 
	VALUES (726, 968, 1);
INSERT INTO Contact (Id, GivenName, Surname, ContactType, CreatedDate, LastModifiedDate) 
	VALUES (727, 'Moises', 'Baker', 'Employee', '2021-04-11 16:20:30', '2023-12-25 15:13:53');
INSERT INTO [Address] (Id, Street, City, [State], Country, Postcode) 
	VALUES (969, '1740 Sycamore Lane', 'Albion', 'Aukland', 'New Zealand', '1841');
INSERT INTO ContactAddress (ContactId, AddressId, AddressType) 
	VALUES (727, 969, 1);
INSERT INTO [Address] (Id, Street, City, [State], Country, Postcode) 
		VALUES (970, '87 Ridge Street', 'Erowal Bay', 'Victoria', 'Australia', '3442');
INSERT INTO ContactAddress (ContactId, AddressId, AddressType) 
		VALUES (727, 970, 2);
INSERT INTO Contact (Id, GivenName, Surname, ContactType, CreatedDate, LastModifiedDate) 
	VALUES (728, 'Deandre', 'Mcdowell', 'Customer', '2019-06-16 15:18:37', '2022-09-29 06:48:44');
INSERT INTO [Address] (Id, Street, City, [State], Country, Postcode) 
	VALUES (971, '311 Homestead Drive', 'Birnam', 'Wellington', 'New Zealand', '4163');
INSERT INTO ContactAddress (ContactId, AddressId, AddressType) 
	VALUES (728, 971, 1);
INSERT INTO Contact (Id, GivenName, Surname, ContactType, CreatedDate, LastModifiedDate) 
	VALUES (729, 'Talon', 'Avila', 'Employee', '2020-06-27 05:53:17', '2020-09-24 18:59:30');
INSERT INTO [Address] (Id, Street, City, [State], Country, Postcode) 
	VALUES (972, '1597 Aspen Court', 'Cunderdin North', 'Northern Territory', 'Australia', '1692');
INSERT INTO ContactAddress (ContactId, AddressId, AddressType) 
	VALUES (729, 972, 1);
INSERT INTO Contact (Id, GivenName, Surname, ContactType, CreatedDate, LastModifiedDate) 
	VALUES (730, 'Hamza', 'Compton', 'Customer', '2023-08-23 15:13:37', '2023-10-31 05:21:33');
INSERT INTO [Address] (Id, Street, City, [State], Country, Postcode) 
	VALUES (973, '284 Amherst Street', 'Neeworra', 'Catnerbury', 'New Zealand', '5578');
INSERT INTO ContactAddress (ContactId, AddressId, AddressType) 
	VALUES (730, 973, 1);
INSERT INTO [Address] (Id, Street, City, [State], Country, Postcode) 
		VALUES (974, '472 Brandywine Drive', 'Alleena', 'Nelson', 'New Zealand', '8671');
INSERT INTO ContactAddress (ContactId, AddressId, AddressType) 
		VALUES (730, 974, 2);
INSERT INTO Contact (Id, GivenName, Surname, ContactType, CreatedDate, LastModifiedDate) 
	VALUES (731, 'Alfonso', 'Holmes', 'Customer', '2019-03-25 09:36:04', '2023-09-22 22:05:48');
INSERT INTO [Address] (Id, Street, City, [State], Country, Postcode) 
	VALUES (975, '210 Charles Street', 'Morningside', 'Wellington', 'New Zealand', '5917');
INSERT INTO ContactAddress (ContactId, AddressId, AddressType) 
	VALUES (731, 975, 1);
INSERT INTO Contact (Id, GivenName, Surname, ContactType, CreatedDate, LastModifiedDate) 
	VALUES (732, 'Alfonso', 'Whitney', 'Customer', '2019-11-17 01:17:13', '2022-10-23 05:11:20');
INSERT INTO [Address] (Id, Street, City, [State], Country, Postcode) 
	VALUES (976, '301 Hillside Avenue', 'Kanyan', 'New Plymouth', 'New Zealand', '8342');
INSERT INTO ContactAddress (ContactId, AddressId, AddressType) 
	VALUES (732, 976, 1);
INSERT INTO Contact (Id, GivenName, Surname, ContactType, CreatedDate, LastModifiedDate) 
	VALUES (733, 'Karson', 'Zimmerman', 'Supplier', '2022-08-05 12:45:34', '2023-11-03 13:59:35');
INSERT INTO [Address] (Id, Street, City, [State], Country, Postcode) 
	VALUES (977, '1923 9th Street', 'Hodgson', 'Otago', 'New Zealand', '7836');
INSERT INTO ContactAddress (ContactId, AddressId, AddressType) 
	VALUES (733, 977, 1);
INSERT INTO [Address] (Id, Street, City, [State], Country, Postcode) 
		VALUES (978, '1969 Oak Avenue', 'South Kumminin', 'New Plymouth', 'New Zealand', '2198');
INSERT INTO ContactAddress (ContactId, AddressId, AddressType) 
		VALUES (733, 978, 2);
INSERT INTO Contact (Id, GivenName, Surname, ContactType, CreatedDate, LastModifiedDate) 
	VALUES (734, 'Madilynn', 'Bullock', 'Employee', '2020-09-27 20:34:04', '2021-09-23 10:38:16');
INSERT INTO [Address] (Id, Street, City, [State], Country, Postcode) 
	VALUES (979, '309 Valley View Drive', 'Parkville', 'Aukland', 'New Zealand', '3469');
INSERT INTO ContactAddress (ContactId, AddressId, AddressType) 
	VALUES (734, 979, 1);
INSERT INTO Contact (Id, GivenName, Surname, ContactType, CreatedDate, LastModifiedDate) 
	VALUES (735, 'Blaine', 'Meza', 'Customer', '2023-03-10 17:58:41', '2023-06-09 21:29:51');
INSERT INTO [Address] (Id, Street, City, [State], Country, Postcode) 
	VALUES (980, '1583 Charles Street', 'Talbotville', 'Catnerbury', 'New Zealand', '6778');
INSERT INTO ContactAddress (ContactId, AddressId, AddressType) 
	VALUES (735, 980, 1);
INSERT INTO Contact (Id, GivenName, Surname, ContactType, CreatedDate, LastModifiedDate) 
	VALUES (736, 'Catalina', 'Ortega', 'Customer', '2022-04-16 22:03:48', '2023-05-29 17:35:46');
INSERT INTO [Address] (Id, Street, City, [State], Country, Postcode) 
	VALUES (981, '828 Main Street West', 'Opossum Bay', 'New Plymouth', 'New Zealand', '7340');
INSERT INTO ContactAddress (ContactId, AddressId, AddressType) 
	VALUES (736, 981, 1);
INSERT INTO [Address] (Id, Street, City, [State], Country, Postcode) 
		VALUES (982, '953 Shady Lane', 'Burragorang', 'Aukland', 'New Zealand', '1535');
INSERT INTO ContactAddress (ContactId, AddressId, AddressType) 
		VALUES (736, 982, 2);
INSERT INTO Contact (Id, GivenName, Surname, ContactType, CreatedDate, LastModifiedDate) 
	VALUES (737, 'Richard', 'Jacobs', 'Customer', '2020-07-19 01:21:18', '2022-06-26 12:38:50');
INSERT INTO [Address] (Id, Street, City, [State], Country, Postcode) 
	VALUES (983, '965 Cardinal Drive', 'Aldavilla', 'Aukland', 'New Zealand', '6431');
INSERT INTO ContactAddress (ContactId, AddressId, AddressType) 
	VALUES (737, 983, 1);
INSERT INTO Contact (Id, GivenName, Surname, ContactType, CreatedDate, LastModifiedDate) 
	VALUES (738, 'Allyson', 'Scott', 'Supplier', '2021-03-23 18:00:29', '2021-09-23 18:21:39');
INSERT INTO [Address] (Id, Street, City, [State], Country, Postcode) 
	VALUES (984, '1525 Lafayette Avenue', 'Peronne', 'Wellington', 'New Zealand', '6859');
INSERT INTO ContactAddress (ContactId, AddressId, AddressType) 
	VALUES (738, 984, 1);
INSERT INTO Contact (Id, GivenName, Surname, ContactType, CreatedDate, LastModifiedDate) 
	VALUES (739, 'Alaina', 'Tyler', 'Customer', '2022-05-20 21:12:21', '2022-06-09 15:22:11');
INSERT INTO [Address] (Id, Street, City, [State], Country, Postcode) 
	VALUES (985, '30 Glenwood Avenue', 'Camp Hill', 'Aukland', 'New Zealand', '2966');
INSERT INTO ContactAddress (ContactId, AddressId, AddressType) 
	VALUES (739, 985, 1);
INSERT INTO [Address] (Id, Street, City, [State], Country, Postcode) 
		VALUES (986, '1210 Route 9', 'Watsons Bay', 'Aukland', 'New Zealand', '6741');
INSERT INTO ContactAddress (ContactId, AddressId, AddressType) 
		VALUES (739, 986, 2);
INSERT INTO Contact (Id, GivenName, Surname, ContactType, CreatedDate, LastModifiedDate) 
	VALUES (740, 'Jamar', 'Santiago', 'Supplier', '2019-02-13 15:26:48', '2023-11-15 20:18:01');
INSERT INTO [Address] (Id, Street, City, [State], Country, Postcode) 
	VALUES (987, '589 Sycamore Street', 'Trafalgar West', 'Nelson', 'New Zealand', '7656');
INSERT INTO ContactAddress (ContactId, AddressId, AddressType) 
	VALUES (740, 987, 1);
INSERT INTO Contact (Id, GivenName, Surname, ContactType, CreatedDate, LastModifiedDate) 
	VALUES (741, 'Blaine', 'Ray', 'Supplier', '2019-05-07 10:47:29', '2023-11-05 12:37:21');
INSERT INTO [Address] (Id, Street, City, [State], Country, Postcode) 
	VALUES (988, '1710 B Street', 'Blake', 'New Plymouth', 'New Zealand', '2666');
INSERT INTO ContactAddress (ContactId, AddressId, AddressType) 
	VALUES (741, 988, 1);
INSERT INTO Contact (Id, GivenName, Surname, ContactType, CreatedDate, LastModifiedDate) 
	VALUES (742, 'Omari', 'Walsh', 'Customer', '2021-02-04 19:43:58', '2021-03-20 15:38:05');
INSERT INTO [Address] (Id, Street, City, [State], Country, Postcode) 
	VALUES (989, '1876 Broadway', 'Davyhurst', 'Nelson', 'New Zealand', '7724');
INSERT INTO ContactAddress (ContactId, AddressId, AddressType) 
	VALUES (742, 989, 1);
INSERT INTO [Address] (Id, Street, City, [State], Country, Postcode) 
		VALUES (990, '64 Crescent Street', 'Lower Towamba', 'Otago', 'New Zealand', '3541');
INSERT INTO ContactAddress (ContactId, AddressId, AddressType) 
		VALUES (742, 990, 2);
INSERT INTO Contact (Id, GivenName, Surname, ContactType, CreatedDate, LastModifiedDate) 
	VALUES (743, 'Tori', 'Briggs', 'Employee', '2022-03-09 19:06:18', '2022-06-02 16:31:08');
INSERT INTO [Address] (Id, Street, City, [State], Country, Postcode) 
	VALUES (991, '144 Bank Street', 'Erowal Bay', 'New Plymouth', 'New Zealand', '8961');
INSERT INTO ContactAddress (ContactId, AddressId, AddressType) 
	VALUES (743, 991, 1);
INSERT INTO Contact (Id, GivenName, Surname, ContactType, CreatedDate, LastModifiedDate) 
	VALUES (744, 'Will', 'Hendricks', 'Customer', '2020-09-05 07:03:00', '2023-01-15 00:45:06');
INSERT INTO [Address] (Id, Street, City, [State], Country, Postcode) 
	VALUES (992, '1359 Berkshire Drive', 'Mount Barker Junction', 'Nelson', 'New Zealand', '8191');
INSERT INTO ContactAddress (ContactId, AddressId, AddressType) 
	VALUES (744, 992, 1);
INSERT INTO Contact (Id, GivenName, Surname, ContactType, CreatedDate, LastModifiedDate) 
	VALUES (745, 'Pranav', 'Brock', 'Customer', '2022-10-01 12:40:51', '2023-04-28 00:25:10');
INSERT INTO [Address] (Id, Street, City, [State], Country, Postcode) 
	VALUES (993, '743 Cleveland Street', 'Caramut', 'Wellington', 'New Zealand', '2906');
INSERT INTO ContactAddress (ContactId, AddressId, AddressType) 
	VALUES (745, 993, 1);
INSERT INTO [Address] (Id, Street, City, [State], Country, Postcode) 
		VALUES (994, '394 3rd Street', 'Duntroon', 'Nelson', 'New Zealand', '1251');
INSERT INTO ContactAddress (ContactId, AddressId, AddressType) 
		VALUES (745, 994, 2);
INSERT INTO Contact (Id, GivenName, Surname, ContactType, CreatedDate, LastModifiedDate) 
	VALUES (746, 'Alisson', 'Daniel', 'Customer', '2020-07-19 03:56:04', '2021-06-02 19:12:57');
INSERT INTO [Address] (Id, Street, City, [State], Country, Postcode) 
	VALUES (995, '1291 14th Street', 'Brookville', 'Wellington', 'New Zealand', '3600');
INSERT INTO ContactAddress (ContactId, AddressId, AddressType) 
	VALUES (746, 995, 1);
INSERT INTO Contact (Id, GivenName, Surname, ContactType, CreatedDate, LastModifiedDate) 
	VALUES (747, 'Jase', 'Green', 'Customer', '2020-02-16 10:35:07', '2021-04-12 05:25:55');
INSERT INTO [Address] (Id, Street, City, [State], Country, Postcode) 
	VALUES (996, '1842 Chestnut Avenue', 'Dickson', 'Aukland', 'New Zealand', '7120');
INSERT INTO ContactAddress (ContactId, AddressId, AddressType) 
	VALUES (747, 996, 1);
INSERT INTO Contact (Id, GivenName, Surname, ContactType, CreatedDate, LastModifiedDate) 
	VALUES (748, 'Keira', 'Padilla', 'Employee', '2021-12-15 20:20:34', '2024-01-18 06:54:48');
INSERT INTO [Address] (Id, Street, City, [State], Country, Postcode) 
	VALUES (997, '745 Route 4', 'Pyap', 'New Plymouth', 'New Zealand', '6886');
INSERT INTO ContactAddress (ContactId, AddressId, AddressType) 
	VALUES (748, 997, 1);
INSERT INTO [Address] (Id, Street, City, [State], Country, Postcode) 
		VALUES (998, '1737 Edgewood Drive', 'Safety Bay', 'New Plymouth', 'New Zealand', '7699');
INSERT INTO ContactAddress (ContactId, AddressId, AddressType) 
		VALUES (748, 998, 2);
INSERT INTO Contact (Id, GivenName, Surname, ContactType, CreatedDate, LastModifiedDate) 
	VALUES (749, 'Immanuel', 'Hester', 'Customer', '2022-05-18 13:08:22', '2023-10-19 18:58:40');
INSERT INTO [Address] (Id, Street, City, [State], Country, Postcode) 
	VALUES (999, '357 Briarwood Court', 'Muttama', 'Wellington', 'New Zealand', '3744');
INSERT INTO ContactAddress (ContactId, AddressId, AddressType) 
	VALUES (749, 999, 1);
INSERT INTO Contact (Id, GivenName, Surname, ContactType, CreatedDate, LastModifiedDate) 
	VALUES (750, 'Howard', 'Silva', 'Customer', '2023-10-03 13:14:55', '2024-01-11 22:30:39');
INSERT INTO [Address] (Id, Street, City, [State], Country, Postcode) 
	VALUES (1000, '1266 Route 10', 'Cooktown', 'Nelson', 'New Zealand', '7816');
INSERT INTO ContactAddress (ContactId, AddressId, AddressType) 
	VALUES (750, 1000, 1);
INSERT INTO Contact (Id, GivenName, Surname, ContactType, CreatedDate, LastModifiedDate) 
	VALUES (751, 'Jimmy', 'Hodges', 'Employee', '2019-07-16 16:17:35', '2022-08-24 08:11:36');
INSERT INTO [Address] (Id, Street, City, [State], Country, Postcode) 
	VALUES (1001, '57 Garfield Avenue', 'Juradine', 'Otago', 'New Zealand', '8348');
INSERT INTO ContactAddress (ContactId, AddressId, AddressType) 
	VALUES (751, 1001, 1);
INSERT INTO [Address] (Id, Street, City, [State], Country, Postcode) 
		VALUES (1002, '387 1st Avenue', 'Gembrook North', 'Otago', 'New Zealand', '5597');
INSERT INTO ContactAddress (ContactId, AddressId, AddressType) 
		VALUES (751, 1002, 2);
INSERT INTO Contact (Id, GivenName, Surname, ContactType, CreatedDate, LastModifiedDate) 
	VALUES (752, 'Ashly', 'Buchanan', 'Customer', '2018-08-08 13:44:00', '2019-11-28 16:00:45');
INSERT INTO [Address] (Id, Street, City, [State], Country, Postcode) 
	VALUES (1003, '1425 Railroad Street', 'Weeaproinah', 'Catnerbury', 'New Zealand', '6148');
INSERT INTO ContactAddress (ContactId, AddressId, AddressType) 
	VALUES (752, 1003, 1);
INSERT INTO Contact (Id, GivenName, Surname, ContactType, CreatedDate, LastModifiedDate) 
	VALUES (753, 'Angelica', 'Dawson', 'Customer', '2020-08-20 09:55:45', '2021-03-04 09:17:57');
INSERT INTO [Address] (Id, Street, City, [State], Country, Postcode) 
	VALUES (1004, '1200 Brook Lane', 'Brington Beach', 'Nelson', 'New Zealand', '6037');
INSERT INTO ContactAddress (ContactId, AddressId, AddressType) 
	VALUES (753, 1004, 1);
INSERT INTO Contact (Id, GivenName, Surname, ContactType, CreatedDate, LastModifiedDate) 
	VALUES (754, 'Paola', 'Jensen', 'Customer', '2023-05-04 19:26:57', '2023-11-16 22:04:11');
INSERT INTO [Address] (Id, Street, City, [State], Country, Postcode) 
	VALUES (1005, '1058 Linda Lane', 'Lamington', 'New Plymouth', 'New Zealand', '6787');
INSERT INTO ContactAddress (ContactId, AddressId, AddressType) 
	VALUES (754, 1005, 1);
INSERT INTO [Address] (Id, Street, City, [State], Country, Postcode) 
		VALUES (1006, '993 Creekside Drive', 'Sussex Mill', 'Otago', 'New Zealand', '8775');
INSERT INTO ContactAddress (ContactId, AddressId, AddressType) 
		VALUES (754, 1006, 2);
INSERT INTO Contact (Id, GivenName, Surname, ContactType, CreatedDate, LastModifiedDate) 
	VALUES (755, 'Ruth', 'Key', 'Customer', '2021-10-07 09:45:35', '2023-02-14 06:55:15');
INSERT INTO [Address] (Id, Street, City, [State], Country, Postcode) 
	VALUES (1007, '1113 Route 32', 'Meandarra', 'New Plymouth', 'New Zealand', '2945');
INSERT INTO ContactAddress (ContactId, AddressId, AddressType) 
	VALUES (755, 1007, 1);
INSERT INTO Contact (Id, GivenName, Surname, ContactType, CreatedDate, LastModifiedDate) 
	VALUES (756, 'Ricky', 'Rollins', 'Customer', '2019-03-01 02:13:30', '2021-08-13 23:36:04');
INSERT INTO [Address] (Id, Street, City, [State], Country, Postcode) 
	VALUES (1008, '1831 George Street', 'Gympie South', 'Canberra', 'Australia', '8846');
INSERT INTO ContactAddress (ContactId, AddressId, AddressType) 
	VALUES (756, 1008, 1);
INSERT INTO Contact (Id, GivenName, Surname, ContactType, CreatedDate, LastModifiedDate) 
	VALUES (757, 'Miranda', 'Powers', 'Other', '2019-05-15 11:19:31', '2020-05-11 09:02:16');
INSERT INTO [Address] (Id, Street, City, [State], Country, Postcode) 
	VALUES (1009, '1942 Creekside Drive', 'Humphery', 'Otago', 'New Zealand', '7051');
INSERT INTO ContactAddress (ContactId, AddressId, AddressType) 
	VALUES (757, 1009, 1);
INSERT INTO [Address] (Id, Street, City, [State], Country, Postcode) 
		VALUES (1010, '1750 George Street', 'Lamington', 'Nelson', 'New Zealand', '5282');
INSERT INTO ContactAddress (ContactId, AddressId, AddressType) 
		VALUES (757, 1010, 2);
INSERT INTO Contact (Id, GivenName, Surname, ContactType, CreatedDate, LastModifiedDate) 
	VALUES (758, 'Dominick', 'Bradley', 'Customer', '2022-08-13 01:40:46', '2023-02-25 04:29:48');
INSERT INTO [Address] (Id, Street, City, [State], Country, Postcode) 
	VALUES (1011, '749 Overlook Circle', 'Coominglah', 'Aukland', 'New Zealand', '4276');
INSERT INTO ContactAddress (ContactId, AddressId, AddressType) 
	VALUES (758, 1011, 1);
INSERT INTO Contact (Id, GivenName, Surname, ContactType, CreatedDate, LastModifiedDate) 
	VALUES (759, 'Stacy', 'Hester', 'Customer', '2022-01-16 09:30:14', '2023-03-17 15:54:04');
INSERT INTO [Address] (Id, Street, City, [State], Country, Postcode) 
	VALUES (1012, '1640 Circle Drive', 'Caramut', 'Nelson', 'New Zealand', '2252');
INSERT INTO ContactAddress (ContactId, AddressId, AddressType) 
	VALUES (759, 1012, 1);
INSERT INTO Contact (Id, GivenName, Surname, ContactType, CreatedDate, LastModifiedDate) 
	VALUES (760, 'Yosef', 'Salazar', 'Customer', '2019-10-05 18:24:10', '2023-01-24 14:55:46');
INSERT INTO [Address] (Id, Street, City, [State], Country, Postcode) 
	VALUES (1013, '1248 Oak Avenue', 'Budgeree East', 'Aukland', 'New Zealand', '8459');
INSERT INTO ContactAddress (ContactId, AddressId, AddressType) 
	VALUES (760, 1013, 1);
INSERT INTO [Address] (Id, Street, City, [State], Country, Postcode) 
		VALUES (1014, '1161 Magnolia Drive', 'Warramboo', 'Aukland', 'New Zealand', '6741');
INSERT INTO ContactAddress (ContactId, AddressId, AddressType) 
		VALUES (760, 1014, 2);
INSERT INTO Contact (Id, GivenName, Surname, ContactType, CreatedDate, LastModifiedDate) 
	VALUES (761, 'Christina', 'Nash', 'Customer', '2019-07-30 11:02:53', '2022-06-07 14:30:07');
INSERT INTO [Address] (Id, Street, City, [State], Country, Postcode) 
	VALUES (1015, '47 Arlington Avenue', 'Wensleydale', 'Otago', 'New Zealand', '8186');
INSERT INTO ContactAddress (ContactId, AddressId, AddressType) 
	VALUES (761, 1015, 1);
INSERT INTO Contact (Id, GivenName, Surname, ContactType, CreatedDate, LastModifiedDate) 
	VALUES (762, 'Desirae', 'Wang', 'Other', '2018-09-24 08:49:49', '2020-06-21 17:23:37');
INSERT INTO [Address] (Id, Street, City, [State], Country, Postcode) 
	VALUES (1016, '1526 Hillcrest Drive', 'Kudo', 'Aukland', 'New Zealand', '2889');
INSERT INTO ContactAddress (ContactId, AddressId, AddressType) 
	VALUES (762, 1016, 1);
INSERT INTO Contact (Id, GivenName, Surname, ContactType, CreatedDate, LastModifiedDate) 
	VALUES (763, 'Nelson', 'Fields', 'Supplier', '2019-04-01 03:41:07', '2023-04-03 13:31:44');
INSERT INTO [Address] (Id, Street, City, [State], Country, Postcode) 
	VALUES (1017, '1151 Henry Street', 'Rockton', 'Wellington', 'New Zealand', '3759');
INSERT INTO ContactAddress (ContactId, AddressId, AddressType) 
	VALUES (763, 1017, 1);
INSERT INTO [Address] (Id, Street, City, [State], Country, Postcode) 
		VALUES (1018, '213 5th Street', 'Lillian Rock', 'Wellington', 'New Zealand', '5683');
INSERT INTO ContactAddress (ContactId, AddressId, AddressType) 
		VALUES (763, 1018, 2);
INSERT INTO Contact (Id, GivenName, Surname, ContactType, CreatedDate, LastModifiedDate) 
	VALUES (764, 'Alicia', 'Kirby', 'Employee', '2023-01-01 05:31:29', '2023-02-17 06:57:12');
INSERT INTO [Address] (Id, Street, City, [State], Country, Postcode) 
	VALUES (1019, '516 Main Street West', 'Weatherboard', 'Catnerbury', 'New Zealand', '2524');
INSERT INTO ContactAddress (ContactId, AddressId, AddressType) 
	VALUES (764, 1019, 1);
INSERT INTO Contact (Id, GivenName, Surname, ContactType, CreatedDate, LastModifiedDate) 
	VALUES (765, 'Julissa', 'Hendricks', 'Customer', '2021-07-17 00:56:41', '2023-05-09 00:29:55');
INSERT INTO [Address] (Id, Street, City, [State], Country, Postcode) 
	VALUES (1020, '961 Crescent Street', 'Rosebury', 'Otago', 'New Zealand', '8582');
INSERT INTO ContactAddress (ContactId, AddressId, AddressType) 
	VALUES (765, 1020, 1);
INSERT INTO Contact (Id, GivenName, Surname, ContactType, CreatedDate, LastModifiedDate) 
	VALUES (766, 'Tania', 'Christensen', 'Customer', '2019-12-11 14:13:03', '2022-11-26 06:15:12');
INSERT INTO [Address] (Id, Street, City, [State], Country, Postcode) 
	VALUES (1021, '158 Inverness Drive', 'Backmede', 'Nelson', 'New Zealand', '1805');
INSERT INTO ContactAddress (ContactId, AddressId, AddressType) 
	VALUES (766, 1021, 1);
INSERT INTO [Address] (Id, Street, City, [State], Country, Postcode) 
		VALUES (1022, '1741 Lexington Drive', 'Stokers Siding', 'Wellington', 'New Zealand', '4783');
INSERT INTO ContactAddress (ContactId, AddressId, AddressType) 
		VALUES (766, 1022, 2);
INSERT INTO Contact (Id, GivenName, Surname, ContactType, CreatedDate, LastModifiedDate) 
	VALUES (767, 'Abbey', 'Lawson', 'Employee', '2018-11-15 21:57:47', '2020-09-11 04:33:58');
INSERT INTO [Address] (Id, Street, City, [State], Country, Postcode) 
	VALUES (1023, '1193 Jefferson Court', 'Roger Corner', 'Nelson', 'New Zealand', '3855');
INSERT INTO ContactAddress (ContactId, AddressId, AddressType) 
	VALUES (767, 1023, 1);
INSERT INTO Contact (Id, GivenName, Surname, ContactType, CreatedDate, LastModifiedDate) 
	VALUES (768, 'Esteban', 'Cole', 'Customer', '2019-05-03 22:17:45', '2024-01-13 07:06:08');
INSERT INTO [Address] (Id, Street, City, [State], Country, Postcode) 
	VALUES (1024, '1716 Jackson Street', 'Parnaroo', 'Aukland', 'New Zealand', '8356');
INSERT INTO ContactAddress (ContactId, AddressId, AddressType) 
	VALUES (768, 1024, 1);
INSERT INTO Contact (Id, GivenName, Surname, ContactType, CreatedDate, LastModifiedDate) 
	VALUES (769, 'Ava', 'Green', 'Other', '2023-07-14 00:28:38', '2023-08-05 10:08:30');
INSERT INTO [Address] (Id, Street, City, [State], Country, Postcode) 
	VALUES (1025, '1985 Roosevelt Avenue', 'Goombungee', 'Wellington', 'New Zealand', '4711');
INSERT INTO ContactAddress (ContactId, AddressId, AddressType) 
	VALUES (769, 1025, 1);
INSERT INTO [Address] (Id, Street, City, [State], Country, Postcode) 
		VALUES (1026, '693 Smith Street', 'Mount Dalrymple', 'Catnerbury', 'New Zealand', '8568');
INSERT INTO ContactAddress (ContactId, AddressId, AddressType) 
		VALUES (769, 1026, 2);
INSERT INTO Contact (Id, GivenName, Surname, ContactType, CreatedDate, LastModifiedDate) 
	VALUES (770, 'Amber', 'Spence', 'Customer', '2021-08-17 14:50:49', '2023-09-22 06:36:14');
INSERT INTO [Address] (Id, Street, City, [State], Country, Postcode) 
	VALUES (1027, '642 Howard Street', 'Walcha', 'Nelson', 'New Zealand', '7732');
INSERT INTO ContactAddress (ContactId, AddressId, AddressType) 
	VALUES (770, 1027, 1);
INSERT INTO Contact (Id, GivenName, Surname, ContactType, CreatedDate, LastModifiedDate) 
	VALUES (771, 'Gianna', 'Howard', 'Customer', '2021-11-06 23:19:02', '2023-12-03 10:17:04');
INSERT INTO [Address] (Id, Street, City, [State], Country, Postcode) 
	VALUES (1028, '1681 Penn Street', 'Gormanston', 'Aukland', 'New Zealand', '4458');
INSERT INTO ContactAddress (ContactId, AddressId, AddressType) 
	VALUES (771, 1028, 1);
INSERT INTO Contact (Id, GivenName, Surname, ContactType, CreatedDate, LastModifiedDate) 
	VALUES (772, 'Amira', 'Singleton', 'Customer', '2023-01-05 05:13:36', '2023-09-15 02:24:00');
INSERT INTO [Address] (Id, Street, City, [State], Country, Postcode) 
	VALUES (1029, '694 State Street', 'Coominglah', 'Catnerbury', 'New Zealand', '6841');
INSERT INTO ContactAddress (ContactId, AddressId, AddressType) 
	VALUES (772, 1029, 1);
INSERT INTO [Address] (Id, Street, City, [State], Country, Postcode) 
		VALUES (1030, '748 Bank Street', 'Mosman', 'Otago', 'New Zealand', '6327');
INSERT INTO ContactAddress (ContactId, AddressId, AddressType) 
		VALUES (772, 1030, 2);
INSERT INTO Contact (Id, GivenName, Surname, ContactType, CreatedDate, LastModifiedDate) 
	VALUES (773, 'Emerson', 'Guerrero', 'Other', '2019-07-09 14:50:12', '2022-01-25 07:02:07');
INSERT INTO [Address] (Id, Street, City, [State], Country, Postcode) 
	VALUES (1031, '1519 Orchard Avenue', 'Biboohra', 'New Plymouth', 'New Zealand', '8150');
INSERT INTO ContactAddress (ContactId, AddressId, AddressType) 
	VALUES (773, 1031, 1);
INSERT INTO Contact (Id, GivenName, Surname, ContactType, CreatedDate, LastModifiedDate) 
	VALUES (774, 'Matthias', 'Horton', 'Customer', '2022-07-30 11:09:55', '2023-11-06 11:12:38');
INSERT INTO [Address] (Id, Street, City, [State], Country, Postcode) 
	VALUES (1032, '586 Lexington Drive', 'Birnam', 'Wellington', 'New Zealand', '8627');
INSERT INTO ContactAddress (ContactId, AddressId, AddressType) 
	VALUES (774, 1032, 1);
INSERT INTO Contact (Id, GivenName, Surname, ContactType, CreatedDate, LastModifiedDate) 
	VALUES (775, 'Dawson', 'Rodgers', 'Customer', '2023-10-13 17:57:24', '2024-01-20 15:04:42');
INSERT INTO [Address] (Id, Street, City, [State], Country, Postcode) 
	VALUES (1033, '429 Cobblestone Court', 'Roger Corner', 'Catnerbury', 'New Zealand', '7284');
INSERT INTO ContactAddress (ContactId, AddressId, AddressType) 
	VALUES (775, 1033, 1);
INSERT INTO [Address] (Id, Street, City, [State], Country, Postcode) 
		VALUES (1034, '766 North Avenue', 'Coreen', 'Nelson', 'New Zealand', '5022');
INSERT INTO ContactAddress (ContactId, AddressId, AddressType) 
		VALUES (775, 1034, 2);
INSERT INTO Contact (Id, GivenName, Surname, ContactType, CreatedDate, LastModifiedDate) 
	VALUES (776, 'Jaylyn', 'Dunn', 'Customer', '2022-09-25 08:19:53', '2022-11-16 12:48:26');
INSERT INTO [Address] (Id, Street, City, [State], Country, Postcode) 
	VALUES (1035, '850 Eagle Road', 'Yambla', 'Aukland', 'New Zealand', '2203');
INSERT INTO ContactAddress (ContactId, AddressId, AddressType) 
	VALUES (776, 1035, 1);
INSERT INTO Contact (Id, GivenName, Surname, ContactType, CreatedDate, LastModifiedDate) 
	VALUES (777, 'Aurora', 'Dominguez', 'Supplier', '2019-06-26 22:38:31', '2019-07-27 22:03:10');
INSERT INTO [Address] (Id, Street, City, [State], Country, Postcode) 
	VALUES (1036, '622 Cemetery Road', 'Angustown', 'Wellington', 'New Zealand', '5679');
INSERT INTO ContactAddress (ContactId, AddressId, AddressType) 
	VALUES (777, 1036, 1);
INSERT INTO Contact (Id, GivenName, Surname, ContactType, CreatedDate, LastModifiedDate) 
	VALUES (778, 'Cannon', 'Khan', 'Customer', '2020-02-02 11:39:45', '2022-05-23 20:49:58');
INSERT INTO [Address] (Id, Street, City, [State], Country, Postcode) 
	VALUES (1037, '1888 Franklin Avenue', 'Wensleydale', 'Otago', 'New Zealand', '4250');
INSERT INTO ContactAddress (ContactId, AddressId, AddressType) 
	VALUES (778, 1037, 1);
INSERT INTO [Address] (Id, Street, City, [State], Country, Postcode) 
		VALUES (1038, '1231 Route 10', 'Burrapine', 'Nelson', 'New Zealand', '6698');
INSERT INTO ContactAddress (ContactId, AddressId, AddressType) 
		VALUES (778, 1038, 2);
INSERT INTO Contact (Id, GivenName, Surname, ContactType, CreatedDate, LastModifiedDate) 
	VALUES (779, 'Chace', 'Francis', 'Other', '2023-07-24 10:10:08', '2023-09-26 23:14:48');
INSERT INTO [Address] (Id, Street, City, [State], Country, Postcode) 
	VALUES (1039, '1397 Church Street', 'Westby', 'Wellington', 'New Zealand', '5386');
INSERT INTO ContactAddress (ContactId, AddressId, AddressType) 
	VALUES (779, 1039, 1);
INSERT INTO Contact (Id, GivenName, Surname, ContactType, CreatedDate, LastModifiedDate) 
	VALUES (780, 'Desirae', 'Salinas', 'Customer', '2020-03-17 16:39:24', '2023-01-03 00:03:32');
INSERT INTO [Address] (Id, Street, City, [State], Country, Postcode) 
	VALUES (1040, '129 Route 11', 'Koondrook', 'Catnerbury', 'New Zealand', '1438');
INSERT INTO ContactAddress (ContactId, AddressId, AddressType) 
	VALUES (780, 1040, 1);
INSERT INTO Contact (Id, GivenName, Surname, ContactType, CreatedDate, LastModifiedDate) 
	VALUES (781, 'Heather', 'Coleman', 'Customer', '2019-11-10 05:28:01', '2021-05-20 14:58:26');
INSERT INTO [Address] (Id, Street, City, [State], Country, Postcode) 
	VALUES (1041, '900 Beech Street', 'Tibooburra', 'Aukland', 'New Zealand', '3105');
INSERT INTO ContactAddress (ContactId, AddressId, AddressType) 
	VALUES (781, 1041, 1);
INSERT INTO [Address] (Id, Street, City, [State], Country, Postcode) 
		VALUES (1042, '198 West Street', 'Waanyarra Rush', 'Nelson', 'New Zealand', '6757');
INSERT INTO ContactAddress (ContactId, AddressId, AddressType) 
		VALUES (781, 1042, 2);
INSERT INTO Contact (Id, GivenName, Surname, ContactType, CreatedDate, LastModifiedDate) 
	VALUES (782, 'Harrison', 'Contreras', 'Employee', '2020-12-17 05:15:54', '2023-06-23 01:35:03');
INSERT INTO [Address] (Id, Street, City, [State], Country, Postcode) 
	VALUES (1043, '28 4th Street North', 'Middle Tarwin', 'Wellington', 'New Zealand', '8399');
INSERT INTO ContactAddress (ContactId, AddressId, AddressType) 
	VALUES (782, 1043, 1);
INSERT INTO Contact (Id, GivenName, Surname, ContactType, CreatedDate, LastModifiedDate) 
	VALUES (783, 'Greyson', 'Watson', 'Other', '2019-10-20 21:49:38', '2021-05-21 07:35:04');
INSERT INTO [Address] (Id, Street, City, [State], Country, Postcode) 
	VALUES (1044, '74 Court Street', 'Wharparilla North', 'Western Australia', 'Australia', '8537');
INSERT INTO ContactAddress (ContactId, AddressId, AddressType) 
	VALUES (783, 1044, 1);
INSERT INTO Contact (Id, GivenName, Surname, ContactType, CreatedDate, LastModifiedDate) 
	VALUES (784, 'Emilee', 'Simpson', 'Customer', '2021-03-30 14:54:55', '2022-08-13 21:38:24');
INSERT INTO [Address] (Id, Street, City, [State], Country, Postcode) 
	VALUES (1045, '245 Circle Drive', 'Wilson', 'Catnerbury', 'New Zealand', '5221');
INSERT INTO ContactAddress (ContactId, AddressId, AddressType) 
	VALUES (784, 1045, 1);
INSERT INTO [Address] (Id, Street, City, [State], Country, Postcode) 
		VALUES (1046, '416 Glenwood Avenue', 'Torquay', 'New Plymouth', 'New Zealand', '3811');
INSERT INTO ContactAddress (ContactId, AddressId, AddressType) 
		VALUES (784, 1046, 2);
INSERT INTO Contact (Id, GivenName, Surname, ContactType, CreatedDate, LastModifiedDate) 
	VALUES (785, 'Roderick', 'Molina', 'Customer', '2021-09-17 00:45:03', '2022-07-16 10:11:25');
INSERT INTO [Address] (Id, Street, City, [State], Country, Postcode) 
	VALUES (1047, '1180 Valley Road', 'Weeaproinah', 'Otago', 'New Zealand', '6386');
INSERT INTO ContactAddress (ContactId, AddressId, AddressType) 
	VALUES (785, 1047, 1);
INSERT INTO Contact (Id, GivenName, Surname, ContactType, CreatedDate, LastModifiedDate) 
	VALUES (786, 'Kamila', 'Rush', 'Customer', '2022-03-15 00:35:20', '2024-01-08 14:46:29');
INSERT INTO [Address] (Id, Street, City, [State], Country, Postcode) 
	VALUES (1048, '1127 Colonial Avenue', 'Eurella', 'New Plymouth', 'New Zealand', '4444');
INSERT INTO ContactAddress (ContactId, AddressId, AddressType) 
	VALUES (786, 1048, 1);
INSERT INTO Contact (Id, GivenName, Surname, ContactType, CreatedDate, LastModifiedDate) 
	VALUES (787, 'Rory', 'Cummings', 'Customer', '2020-11-15 09:19:11', '2022-10-21 02:17:41');
INSERT INTO [Address] (Id, Street, City, [State], Country, Postcode) 
	VALUES (1049, '979 Deerfield Drive', 'Bolong', 'New Plymouth', 'New Zealand', '6590');
INSERT INTO ContactAddress (ContactId, AddressId, AddressType) 
	VALUES (787, 1049, 1);
INSERT INTO [Address] (Id, Street, City, [State], Country, Postcode) 
		VALUES (1050, '1517 Poplar Street', 'Teal Flat', 'New Plymouth', 'New Zealand', '2099');
INSERT INTO ContactAddress (ContactId, AddressId, AddressType) 
		VALUES (787, 1050, 2);
INSERT INTO Contact (Id, GivenName, Surname, ContactType, CreatedDate, LastModifiedDate) 
	VALUES (788, 'Giana', 'Cain', 'Customer', '2022-11-24 10:35:48', '2023-03-06 08:56:45');
INSERT INTO [Address] (Id, Street, City, [State], Country, Postcode) 
	VALUES (1051, '1283 3rd Avenue', 'Yaamba', 'Otago', 'New Zealand', '6860');
INSERT INTO ContactAddress (ContactId, AddressId, AddressType) 
	VALUES (788, 1051, 1);
INSERT INTO Contact (Id, GivenName, Surname, ContactType, CreatedDate, LastModifiedDate) 
	VALUES (789, 'Aarav', 'Daniel', 'Other', '2021-04-04 17:31:10', '2023-09-27 17:25:52');
INSERT INTO [Address] (Id, Street, City, [State], Country, Postcode) 
	VALUES (1052, '1985 Victoria Court', 'Dadswells Bridge', 'Wellington', 'New Zealand', '7156');
INSERT INTO ContactAddress (ContactId, AddressId, AddressType) 
	VALUES (789, 1052, 1);
INSERT INTO Contact (Id, GivenName, Surname, ContactType, CreatedDate, LastModifiedDate) 
	VALUES (790, 'Preston', 'Gates', 'Customer', '2019-01-13 22:01:32', '2021-01-21 15:09:03');
INSERT INTO [Address] (Id, Street, City, [State], Country, Postcode) 
	VALUES (1053, '1243 Cobblestone Court', 'Moogara', 'Wellington', 'New Zealand', '2747');
INSERT INTO ContactAddress (ContactId, AddressId, AddressType) 
	VALUES (790, 1053, 1);
INSERT INTO [Address] (Id, Street, City, [State], Country, Postcode) 
		VALUES (1054, '1956 Highland Avenue', 'Mount Dalrymple', 'Nelson', 'New Zealand', '5400');
INSERT INTO ContactAddress (ContactId, AddressId, AddressType) 
		VALUES (790, 1054, 2);
INSERT INTO Contact (Id, GivenName, Surname, ContactType, CreatedDate, LastModifiedDate) 
	VALUES (791, 'Layne', 'Watson', 'Customer', '2020-09-05 04:27:51', '2020-12-20 07:51:00');
INSERT INTO [Address] (Id, Street, City, [State], Country, Postcode) 
	VALUES (1055, '917 Forest Avenue', 'Shepperd', 'Wellington', 'New Zealand', '5950');
INSERT INTO ContactAddress (ContactId, AddressId, AddressType) 
	VALUES (791, 1055, 1);
INSERT INTO Contact (Id, GivenName, Surname, ContactType, CreatedDate, LastModifiedDate) 
	VALUES (792, 'Cristopher', 'Meza', 'Customer', '2020-02-05 20:41:57', '2020-05-07 11:07:58');
INSERT INTO [Address] (Id, Street, City, [State], Country, Postcode) 
	VALUES (1056, '1286 Cross Street', 'Strathewen', 'Otago', 'New Zealand', '3310');
INSERT INTO ContactAddress (ContactId, AddressId, AddressType) 
	VALUES (792, 1056, 1);
INSERT INTO Contact (Id, GivenName, Surname, ContactType, CreatedDate, LastModifiedDate) 
	VALUES (793, 'Elaine', 'Meadows', 'Customer', '2019-09-09 01:19:28', '2022-01-02 17:09:10');
INSERT INTO [Address] (Id, Street, City, [State], Country, Postcode) 
	VALUES (1057, '1366 Hamilton Street', 'Laravale', 'Nelson', 'New Zealand', '7566');
INSERT INTO ContactAddress (ContactId, AddressId, AddressType) 
	VALUES (793, 1057, 1);
INSERT INTO [Address] (Id, Street, City, [State], Country, Postcode) 
		VALUES (1058, '940 Pheasant Run', 'Eastern Creek', 'Aukland', 'New Zealand', '6399');
INSERT INTO ContactAddress (ContactId, AddressId, AddressType) 
		VALUES (793, 1058, 2);
INSERT INTO Contact (Id, GivenName, Surname, ContactType, CreatedDate, LastModifiedDate) 
	VALUES (794, 'Adrian', 'Phelps', 'Customer', '2022-05-25 10:14:15', '2023-09-16 08:32:10');
INSERT INTO [Address] (Id, Street, City, [State], Country, Postcode) 
	VALUES (1059, '124 Sycamore Drive', 'Biddleston', 'Aukland', 'New Zealand', '8515');
INSERT INTO ContactAddress (ContactId, AddressId, AddressType) 
	VALUES (794, 1059, 1);
INSERT INTO Contact (Id, GivenName, Surname, ContactType, CreatedDate, LastModifiedDate) 
	VALUES (795, 'Shelby', 'Golden', 'Customer', '2022-05-26 13:06:44', '2022-06-01 08:42:16');
INSERT INTO [Address] (Id, Street, City, [State], Country, Postcode) 
	VALUES (1060, '1432 Cypress Court', 'Juradine', 'Otago', 'New Zealand', '5367');
INSERT INTO ContactAddress (ContactId, AddressId, AddressType) 
	VALUES (795, 1060, 1);
INSERT INTO Contact (Id, GivenName, Surname, ContactType, CreatedDate, LastModifiedDate) 
	VALUES (796, 'Johnathan', 'Ortega', 'Customer', '2023-12-18 15:12:17', '2024-01-11 08:48:17');
INSERT INTO [Address] (Id, Street, City, [State], Country, Postcode) 
	VALUES (1061, '974 4th Street North', 'Ellalong', 'Otago', 'New Zealand', '4549');
INSERT INTO ContactAddress (ContactId, AddressId, AddressType) 
	VALUES (796, 1061, 1);
INSERT INTO [Address] (Id, Street, City, [State], Country, Postcode) 
		VALUES (1062, '979 Woodland Avenue', 'Munghorn', 'Wellington', 'New Zealand', '8209');
INSERT INTO ContactAddress (ContactId, AddressId, AddressType) 
		VALUES (796, 1062, 2);
INSERT INTO Contact (Id, GivenName, Surname, ContactType, CreatedDate, LastModifiedDate) 
	VALUES (797, 'Carina', 'Hoover', 'Customer', '2018-11-28 01:30:36', '2022-04-12 03:06:58');
INSERT INTO [Address] (Id, Street, City, [State], Country, Postcode) 
	VALUES (1063, '1499 Essex Court', 'Ashbridge', 'New Plymouth', 'New Zealand', '8400');
INSERT INTO ContactAddress (ContactId, AddressId, AddressType) 
	VALUES (797, 1063, 1);
INSERT INTO Contact (Id, GivenName, Surname, ContactType, CreatedDate, LastModifiedDate) 
	VALUES (798, 'Denisse', 'Maddox', 'Supplier', '2018-08-22 11:42:05', '2021-08-10 21:25:00');
INSERT INTO [Address] (Id, Street, City, [State], Country, Postcode) 
	VALUES (1064, '147 Bridle Lane', 'Lillian Rock', 'New Plymouth', 'New Zealand', '4026');
INSERT INTO ContactAddress (ContactId, AddressId, AddressType) 
	VALUES (798, 1064, 1);
INSERT INTO Contact (Id, GivenName, Surname, ContactType, CreatedDate, LastModifiedDate) 
	VALUES (799, 'Dallas', 'Cantrell', 'Employee', '2021-07-01 17:50:18', '2021-11-17 13:33:26');
INSERT INTO [Address] (Id, Street, City, [State], Country, Postcode) 
	VALUES (1065, '218 Central Avenue', 'Ridgley', 'Catnerbury', 'New Zealand', '3175');
INSERT INTO ContactAddress (ContactId, AddressId, AddressType) 
	VALUES (799, 1065, 1);
INSERT INTO [Address] (Id, Street, City, [State], Country, Postcode) 
		VALUES (1066, '1549 West Avenue', 'Loos', 'Nelson', 'New Zealand', '2035');
INSERT INTO ContactAddress (ContactId, AddressId, AddressType) 
		VALUES (799, 1066, 2);
INSERT INTO Contact (Id, GivenName, Surname, ContactType, CreatedDate, LastModifiedDate) 
	VALUES (800, 'Rachel', 'Estes', 'Customer', '2021-06-13 06:21:54', '2022-12-08 12:42:06');
INSERT INTO [Address] (Id, Street, City, [State], Country, Postcode) 
	VALUES (1067, '1672 8th Street West', 'Robe', 'Nelson', 'New Zealand', '5051');
INSERT INTO ContactAddress (ContactId, AddressId, AddressType) 
	VALUES (800, 1067, 1);
INSERT INTO Contact (Id, GivenName, Surname, ContactType, CreatedDate, LastModifiedDate) 
	VALUES (801, 'Payton', 'Hester', 'Customer', '2023-07-25 20:38:46', '2023-11-22 12:14:55');
INSERT INTO [Address] (Id, Street, City, [State], Country, Postcode) 
	VALUES (1068, '561 8th Street West', 'Bohle', 'Nelson', 'New Zealand', '4900');
INSERT INTO ContactAddress (ContactId, AddressId, AddressType) 
	VALUES (801, 1068, 1);
INSERT INTO Contact (Id, GivenName, Surname, ContactType, CreatedDate, LastModifiedDate) 
	VALUES (802, 'Colten', 'Bautista', 'Employee', '2019-01-12 12:21:49', '2021-06-28 23:21:08');
INSERT INTO [Address] (Id, Street, City, [State], Country, Postcode) 
	VALUES (1069, '169 Oxford Court', 'Ensay', 'Aukland', 'New Zealand', '1634');
INSERT INTO ContactAddress (ContactId, AddressId, AddressType) 
	VALUES (802, 1069, 1);
INSERT INTO [Address] (Id, Street, City, [State], Country, Postcode) 
		VALUES (1070, '1074 Buttonwood Drive', 'Hackett', 'Wellington', 'New Zealand', '1148');
INSERT INTO ContactAddress (ContactId, AddressId, AddressType) 
		VALUES (802, 1070, 2);
INSERT INTO Contact (Id, GivenName, Surname, ContactType, CreatedDate, LastModifiedDate) 
	VALUES (803, 'Ashleigh', 'Lewis', 'Other', '2020-02-16 21:40:38', '2023-08-31 09:09:57');
INSERT INTO [Address] (Id, Street, City, [State], Country, Postcode) 
	VALUES (1071, '1920 1st Street', 'Bradshaws Creek', 'Nelson', 'New Zealand', '8251');
INSERT INTO ContactAddress (ContactId, AddressId, AddressType) 
	VALUES (803, 1071, 1);
INSERT INTO Contact (Id, GivenName, Surname, ContactType, CreatedDate, LastModifiedDate) 
	VALUES (804, 'Zion', 'Herring', 'Supplier', '2020-06-25 03:14:17', '2021-10-17 12:25:30');
INSERT INTO [Address] (Id, Street, City, [State], Country, Postcode) 
	VALUES (1072, '1334 Ashley Court', 'Erina East', 'Aukland', 'New Zealand', '5293');
INSERT INTO ContactAddress (ContactId, AddressId, AddressType) 
	VALUES (804, 1072, 1);
INSERT INTO Contact (Id, GivenName, Surname, ContactType, CreatedDate, LastModifiedDate) 
	VALUES (805, 'Jasper', 'Davidson', 'Supplier', '2021-04-26 15:16:52', '2022-12-28 11:42:16');
INSERT INTO [Address] (Id, Street, City, [State], Country, Postcode) 
	VALUES (1073, '553 Myrtle Avenue', 'Stratford', 'Nelson', 'New Zealand', '8129');
INSERT INTO ContactAddress (ContactId, AddressId, AddressType) 
	VALUES (805, 1073, 1);
INSERT INTO [Address] (Id, Street, City, [State], Country, Postcode) 
		VALUES (1074, '1609 Jones Street', 'Hazelgrove', 'New Plymouth', 'New Zealand', '1996');
INSERT INTO ContactAddress (ContactId, AddressId, AddressType) 
		VALUES (805, 1074, 2);
INSERT INTO Contact (Id, GivenName, Surname, ContactType, CreatedDate, LastModifiedDate) 
	VALUES (806, 'Dayton', 'Galvan', 'Customer', '2022-08-01 22:17:22', '2022-11-27 07:46:08');
INSERT INTO [Address] (Id, Street, City, [State], Country, Postcode) 
	VALUES (1075, '1746 Sycamore Lane', 'Malbina', 'Wellington', 'New Zealand', '3487');
INSERT INTO ContactAddress (ContactId, AddressId, AddressType) 
	VALUES (806, 1075, 1);
INSERT INTO Contact (Id, GivenName, Surname, ContactType, CreatedDate, LastModifiedDate) 
	VALUES (807, 'Harmony', 'Griffin', 'Customer', '2019-12-10 10:16:52', '2020-12-25 02:26:42');
INSERT INTO [Address] (Id, Street, City, [State], Country, Postcode) 
	VALUES (1076, '680 Division Street', 'Duntroon', 'Nelson', 'New Zealand', '8174');
INSERT INTO ContactAddress (ContactId, AddressId, AddressType) 
	VALUES (807, 1076, 1);
INSERT INTO Contact (Id, GivenName, Surname, ContactType, CreatedDate, LastModifiedDate) 
	VALUES (808, 'Dalton', 'Kane', 'Supplier', '2019-10-19 14:05:00', '2020-07-10 09:47:51');
INSERT INTO [Address] (Id, Street, City, [State], Country, Postcode) 
	VALUES (1077, '1735 Railroad Avenue', 'Berendale', 'New Plymouth', 'New Zealand', '5872');
INSERT INTO ContactAddress (ContactId, AddressId, AddressType) 
	VALUES (808, 1077, 1);
INSERT INTO [Address] (Id, Street, City, [State], Country, Postcode) 
		VALUES (1078, '671 Route 2', 'Dinmont', 'Victoria', 'Australia', '3107');
INSERT INTO ContactAddress (ContactId, AddressId, AddressType) 
		VALUES (808, 1078, 2);
INSERT INTO Contact (Id, GivenName, Surname, ContactType, CreatedDate, LastModifiedDate) 
	VALUES (809, 'Chance', 'Calderon', 'Supplier', '2021-10-13 17:51:08', '2021-12-22 21:55:26');
INSERT INTO [Address] (Id, Street, City, [State], Country, Postcode) 
	VALUES (1079, '743 Clay Street', 'Culburra', 'New Plymouth', 'New Zealand', '7536');
INSERT INTO ContactAddress (ContactId, AddressId, AddressType) 
	VALUES (809, 1079, 1);
INSERT INTO Contact (Id, GivenName, Surname, ContactType, CreatedDate, LastModifiedDate) 
	VALUES (810, 'Rosa', 'Pugh', 'Employee', '2019-08-06 01:37:44', '2023-11-29 06:04:34');
INSERT INTO [Address] (Id, Street, City, [State], Country, Postcode) 
	VALUES (1080, '843 Main Street South', 'Goombungee', 'Western Australia', 'Australia', '2335');
INSERT INTO ContactAddress (ContactId, AddressId, AddressType) 
	VALUES (810, 1080, 1);
INSERT INTO Contact (Id, GivenName, Surname, ContactType, CreatedDate, LastModifiedDate) 
	VALUES (811, 'Jonah', 'Pugh', 'Customer', '2020-09-25 02:32:32', '2023-04-26 21:36:03');
INSERT INTO [Address] (Id, Street, City, [State], Country, Postcode) 
	VALUES (1081, '600 Laurel Street', 'Landsborough', 'Wellington', 'New Zealand', '1816');
INSERT INTO ContactAddress (ContactId, AddressId, AddressType) 
	VALUES (811, 1081, 1);
INSERT INTO [Address] (Id, Street, City, [State], Country, Postcode) 
		VALUES (1082, '1588 Pin Oak Drive', 'Tarcombe', 'Aukland', 'New Zealand', '2937');
INSERT INTO ContactAddress (ContactId, AddressId, AddressType) 
		VALUES (811, 1082, 2);
INSERT INTO Contact (Id, GivenName, Surname, ContactType, CreatedDate, LastModifiedDate) 
	VALUES (812, 'Damian', 'Mcdaniel', 'Customer', '2021-05-06 13:37:45', '2021-09-25 11:29:52');
INSERT INTO [Address] (Id, Street, City, [State], Country, Postcode) 
	VALUES (1083, '888 Brook Lane', 'Salt Ash', 'Nelson', 'New Zealand', '1217');
INSERT INTO ContactAddress (ContactId, AddressId, AddressType) 
	VALUES (812, 1083, 1);
INSERT INTO Contact (Id, GivenName, Surname, ContactType, CreatedDate, LastModifiedDate) 
	VALUES (813, 'Cecelia', 'Hull', 'Customer', '2020-08-23 14:13:02', '2022-04-09 11:33:58');
INSERT INTO [Address] (Id, Street, City, [State], Country, Postcode) 
	VALUES (1084, '1251 East Avenue', 'Nyngan', 'Nelson', 'New Zealand', '1951');
INSERT INTO ContactAddress (ContactId, AddressId, AddressType) 
	VALUES (813, 1084, 1);
INSERT INTO Contact (Id, GivenName, Surname, ContactType, CreatedDate, LastModifiedDate) 
	VALUES (814, 'Willow', 'Case', 'Customer', '2021-05-03 23:50:20', '2023-05-17 07:45:25');
INSERT INTO [Address] (Id, Street, City, [State], Country, Postcode) 
	VALUES (1085, '1581 Madison Court', 'Brimboal', 'Nelson', 'New Zealand', '7808');
INSERT INTO ContactAddress (ContactId, AddressId, AddressType) 
	VALUES (814, 1085, 1);
INSERT INTO [Address] (Id, Street, City, [State], Country, Postcode) 
		VALUES (1086, '162 Dogwood Lane', 'Nea', 'Wellington', 'New Zealand', '7359');
INSERT INTO ContactAddress (ContactId, AddressId, AddressType) 
		VALUES (814, 1086, 2);
INSERT INTO Contact (Id, GivenName, Surname, ContactType, CreatedDate, LastModifiedDate) 
	VALUES (815, 'Kaylie', 'Hensley', 'Customer', '2022-03-12 08:32:17', '2022-11-06 16:12:52');
INSERT INTO [Address] (Id, Street, City, [State], Country, Postcode) 
	VALUES (1087, '237 Linden Street', 'Kunama', 'New Plymouth', 'New Zealand', '5209');
INSERT INTO ContactAddress (ContactId, AddressId, AddressType) 
	VALUES (815, 1087, 1);
INSERT INTO Contact (Id, GivenName, Surname, ContactType, CreatedDate, LastModifiedDate) 
	VALUES (816, 'Yael', 'Gamble', 'Customer', '2024-01-01 01:55:25', '2024-01-16 07:20:20');
INSERT INTO [Address] (Id, Street, City, [State], Country, Postcode) 
	VALUES (1088, '1266 Lafayette Avenue', 'Willangie', 'Wellington', 'New Zealand', '1403');
INSERT INTO ContactAddress (ContactId, AddressId, AddressType) 
	VALUES (816, 1088, 1);
INSERT INTO Contact (Id, GivenName, Surname, ContactType, CreatedDate, LastModifiedDate) 
	VALUES (817, 'Sienna', 'Hester', 'Employee', '2023-08-26 03:46:17', '2023-09-06 07:45:59');
INSERT INTO [Address] (Id, Street, City, [State], Country, Postcode) 
	VALUES (1089, '1151 12th Street East', 'Nullawarre', 'Wellington', 'New Zealand', '7370');
INSERT INTO ContactAddress (ContactId, AddressId, AddressType) 
	VALUES (817, 1089, 1);
INSERT INTO [Address] (Id, Street, City, [State], Country, Postcode) 
		VALUES (1090, '1338 Monroe Street', 'Nareen', 'Catnerbury', 'New Zealand', '1425');
INSERT INTO ContactAddress (ContactId, AddressId, AddressType) 
		VALUES (817, 1090, 2);
INSERT INTO Contact (Id, GivenName, Surname, ContactType, CreatedDate, LastModifiedDate) 
	VALUES (818, 'Cameron', 'Carter', 'Other', '2021-04-16 02:24:11', '2021-08-25 07:38:50');
INSERT INTO [Address] (Id, Street, City, [State], Country, Postcode) 
	VALUES (1091, '730 Route 9', 'Holt', 'New Plymouth', 'New Zealand', '3478');
INSERT INTO ContactAddress (ContactId, AddressId, AddressType) 
	VALUES (818, 1091, 1);
INSERT INTO Contact (Id, GivenName, Surname, ContactType, CreatedDate, LastModifiedDate) 
	VALUES (819, 'Sanaa', 'Cisneros', 'Customer', '2021-06-29 23:31:06', '2023-08-23 11:59:13');
INSERT INTO [Address] (Id, Street, City, [State], Country, Postcode) 
	VALUES (1092, '1467 Union Street', 'Aratula', 'New Plymouth', 'New Zealand', '7273');
INSERT INTO ContactAddress (ContactId, AddressId, AddressType) 
	VALUES (819, 1092, 1);
INSERT INTO Contact (Id, GivenName, Surname, ContactType, CreatedDate, LastModifiedDate) 
	VALUES (820, 'Gia', 'Carlson', 'Employee', '2019-05-31 05:40:56', '2023-06-21 19:43:11');
INSERT INTO [Address] (Id, Street, City, [State], Country, Postcode) 
	VALUES (1093, '1117 Meadow Street', 'Mannering Park', 'Catnerbury', 'New Zealand', '1072');
INSERT INTO ContactAddress (ContactId, AddressId, AddressType) 
	VALUES (820, 1093, 1);
INSERT INTO [Address] (Id, Street, City, [State], Country, Postcode) 
		VALUES (1094, '1706 Devonshire Drive', 'Clifden', 'Catnerbury', 'New Zealand', '2521');
INSERT INTO ContactAddress (ContactId, AddressId, AddressType) 
		VALUES (820, 1094, 2);
INSERT INTO Contact (Id, GivenName, Surname, ContactType, CreatedDate, LastModifiedDate) 
	VALUES (821, 'John', 'Hull', 'Supplier', '2019-02-04 17:42:15', '2019-04-27 18:32:46');
INSERT INTO [Address] (Id, Street, City, [State], Country, Postcode) 
	VALUES (1095, '1898 Route 30', 'Miakite', 'Aukland', 'New Zealand', '4357');
INSERT INTO ContactAddress (ContactId, AddressId, AddressType) 
	VALUES (821, 1095, 1);
INSERT INTO Contact (Id, GivenName, Surname, ContactType, CreatedDate, LastModifiedDate) 
	VALUES (822, 'Virginia', 'Mckenzie', 'Customer', '2023-12-15 19:29:28', '2023-12-22 11:21:18');
INSERT INTO [Address] (Id, Street, City, [State], Country, Postcode) 
	VALUES (1096, '1377 College Avenue', 'Murray Town', 'Aukland', 'New Zealand', '8792');
INSERT INTO ContactAddress (ContactId, AddressId, AddressType) 
	VALUES (822, 1096, 1);
INSERT INTO Contact (Id, GivenName, Surname, ContactType, CreatedDate, LastModifiedDate) 
	VALUES (823, 'Caitlyn', 'Webb', 'Customer', '2023-07-02 07:06:24', '2024-01-07 06:58:09');
INSERT INTO [Address] (Id, Street, City, [State], Country, Postcode) 
	VALUES (1097, '1248 8th Street', 'Allambee', 'Otago', 'New Zealand', '7392');
INSERT INTO ContactAddress (ContactId, AddressId, AddressType) 
	VALUES (823, 1097, 1);
INSERT INTO [Address] (Id, Street, City, [State], Country, Postcode) 
		VALUES (1098, '794 Forest Avenue', 'Mylor', 'New Plymouth', 'New Zealand', '7429');
INSERT INTO ContactAddress (ContactId, AddressId, AddressType) 
		VALUES (823, 1098, 2);
INSERT INTO Contact (Id, GivenName, Surname, ContactType, CreatedDate, LastModifiedDate) 
	VALUES (824, 'Caitlin', 'Chase', 'Customer', '2022-07-10 20:08:32', '2023-04-11 16:25:55');
INSERT INTO [Address] (Id, Street, City, [State], Country, Postcode) 
	VALUES (1099, '701 7th Street', 'Kambalda West', 'Catnerbury', 'New Zealand', '8494');
INSERT INTO ContactAddress (ContactId, AddressId, AddressType) 
	VALUES (824, 1099, 1);
INSERT INTO Contact (Id, GivenName, Surname, ContactType, CreatedDate, LastModifiedDate) 
	VALUES (825, 'Karen', 'Parker', 'Customer', '2019-07-01 05:49:25', '2020-02-12 02:07:12');
INSERT INTO [Address] (Id, Street, City, [State], Country, Postcode) 
	VALUES (1100, '1696 Fieldstone Drive', 'Aratula', 'Catnerbury', 'New Zealand', '2690');
INSERT INTO ContactAddress (ContactId, AddressId, AddressType) 
	VALUES (825, 1100, 1);
INSERT INTO Contact (Id, GivenName, Surname, ContactType, CreatedDate, LastModifiedDate) 
	VALUES (826, 'Brenden', 'Colon', 'Customer', '2022-08-24 15:46:30', '2022-12-05 03:58:31');
INSERT INTO [Address] (Id, Street, City, [State], Country, Postcode) 
	VALUES (1101, '115 Sunset Avenue', 'Elliminyt', 'New Plymouth', 'New Zealand', '4259');
INSERT INTO ContactAddress (ContactId, AddressId, AddressType) 
	VALUES (826, 1101, 1);
INSERT INTO [Address] (Id, Street, City, [State], Country, Postcode) 
		VALUES (1102, '1165 Bank Street', 'Yaugher', 'Catnerbury', 'New Zealand', '6816');
INSERT INTO ContactAddress (ContactId, AddressId, AddressType) 
		VALUES (826, 1102, 2);
INSERT INTO Contact (Id, GivenName, Surname, ContactType, CreatedDate, LastModifiedDate) 
	VALUES (827, 'Ella', 'Sims', 'Supplier', '2023-11-03 21:39:51', '2023-12-19 15:01:57');
INSERT INTO [Address] (Id, Street, City, [State], Country, Postcode) 
	VALUES (1103, '1970 Woodland Drive', 'Duntroon', 'Wellington', 'New Zealand', '4192');
INSERT INTO ContactAddress (ContactId, AddressId, AddressType) 
	VALUES (827, 1103, 1);
INSERT INTO Contact (Id, GivenName, Surname, ContactType, CreatedDate, LastModifiedDate) 
	VALUES (828, 'Alec', 'Sharp', 'Customer', '2020-03-24 07:04:26', '2022-05-08 04:30:45');
INSERT INTO [Address] (Id, Street, City, [State], Country, Postcode) 
	VALUES (1104, '1735 Victoria Court', 'Awonga', 'Otago', 'New Zealand', '2194');
INSERT INTO ContactAddress (ContactId, AddressId, AddressType) 
	VALUES (828, 1104, 1);
INSERT INTO Contact (Id, GivenName, Surname, ContactType, CreatedDate, LastModifiedDate) 
	VALUES (829, 'Cristian', 'Mcdowell', 'Customer', '2021-05-17 15:10:09', '2022-04-27 10:12:41');
INSERT INTO [Address] (Id, Street, City, [State], Country, Postcode) 
	VALUES (1105, '833 Primrose Lane', 'Elliminyt', 'New Plymouth', 'New Zealand', '6882');
INSERT INTO ContactAddress (ContactId, AddressId, AddressType) 
	VALUES (829, 1105, 1);
INSERT INTO [Address] (Id, Street, City, [State], Country, Postcode) 
		VALUES (1106, '1581 College Street', 'Arrawarra', 'Aukland', 'New Zealand', '7065');
INSERT INTO ContactAddress (ContactId, AddressId, AddressType) 
		VALUES (829, 1106, 2);
INSERT INTO Contact (Id, GivenName, Surname, ContactType, CreatedDate, LastModifiedDate) 
	VALUES (830, 'Tristian', 'Cabrera', 'Customer', '2023-08-12 01:17:10', '2023-12-22 04:10:57');
INSERT INTO [Address] (Id, Street, City, [State], Country, Postcode) 
	VALUES (1107, '1545 Grove Street', 'Albion', 'Aukland', 'New Zealand', '8126');
INSERT INTO ContactAddress (ContactId, AddressId, AddressType) 
	VALUES (830, 1107, 1);
INSERT INTO Contact (Id, GivenName, Surname, ContactType, CreatedDate, LastModifiedDate) 
	VALUES (831, 'Austin', 'Levy', 'Customer', '2022-07-06 02:43:05', '2023-02-03 04:29:37');
INSERT INTO [Address] (Id, Street, City, [State], Country, Postcode) 
	VALUES (1108, '786 Euclid Avenue', 'Cockle Creek', 'Otago', 'New Zealand', '4024');
INSERT INTO ContactAddress (ContactId, AddressId, AddressType) 
	VALUES (831, 1108, 1);
INSERT INTO Contact (Id, GivenName, Surname, ContactType, CreatedDate, LastModifiedDate) 
	VALUES (832, 'Braeden', 'Ryan', 'Customer', '2019-07-25 19:26:05', '2024-01-07 08:10:18');
INSERT INTO [Address] (Id, Street, City, [State], Country, Postcode) 
	VALUES (1109, '372 12th Street East', 'Clyde', 'Otago', 'New Zealand', '8492');
INSERT INTO ContactAddress (ContactId, AddressId, AddressType) 
	VALUES (832, 1109, 1);
INSERT INTO [Address] (Id, Street, City, [State], Country, Postcode) 
		VALUES (1110, '740 Olive Street', 'Culburra', 'New Plymouth', 'New Zealand', '8372');
INSERT INTO ContactAddress (ContactId, AddressId, AddressType) 
		VALUES (832, 1110, 2);
INSERT INTO Contact (Id, GivenName, Surname, ContactType, CreatedDate, LastModifiedDate) 
	VALUES (833, 'Jazlene', 'Herrera', 'Customer', '2022-10-16 00:33:06', '2023-11-18 00:48:10');
INSERT INTO [Address] (Id, Street, City, [State], Country, Postcode) 
	VALUES (1111, '1261 Circle Drive', 'Emerald Beach', 'Wellington', 'New Zealand', '2414');
INSERT INTO ContactAddress (ContactId, AddressId, AddressType) 
	VALUES (833, 1111, 1);
INSERT INTO Contact (Id, GivenName, Surname, ContactType, CreatedDate, LastModifiedDate) 
	VALUES (834, 'Madisyn', 'Garza', 'Customer', '2022-08-03 13:35:36', '2022-12-19 15:59:00');
INSERT INTO [Address] (Id, Street, City, [State], Country, Postcode) 
	VALUES (1112, '1075 14th Street', 'Weatherboard', 'Catnerbury', 'New Zealand', '6539');
INSERT INTO ContactAddress (ContactId, AddressId, AddressType) 
	VALUES (834, 1112, 1);
INSERT INTO Contact (Id, GivenName, Surname, ContactType, CreatedDate, LastModifiedDate) 
	VALUES (835, 'Amina', 'Wu', 'Customer', '2023-02-17 13:34:43', '2023-06-07 09:56:59');
INSERT INTO [Address] (Id, Street, City, [State], Country, Postcode) 
	VALUES (1113, '782 Central Avenue', 'Meandarra', 'Aukland', 'New Zealand', '4833');
INSERT INTO ContactAddress (ContactId, AddressId, AddressType) 
	VALUES (835, 1113, 1);
INSERT INTO [Address] (Id, Street, City, [State], Country, Postcode) 
		VALUES (1114, '1433 Garden Street', 'Whitton', 'Wellington', 'New Zealand', '2636');
INSERT INTO ContactAddress (ContactId, AddressId, AddressType) 
		VALUES (835, 1114, 2);
INSERT INTO Contact (Id, GivenName, Surname, ContactType, CreatedDate, LastModifiedDate) 
	VALUES (836, 'Ella', 'Vasquez', 'Employee', '2020-01-16 11:18:53', '2024-01-02 01:34:50');
INSERT INTO [Address] (Id, Street, City, [State], Country, Postcode) 
	VALUES (1115, '866 Olive Street', 'Dale Bridge', 'New Plymouth', 'New Zealand', '5668');
INSERT INTO ContactAddress (ContactId, AddressId, AddressType) 
	VALUES (836, 1115, 1);
INSERT INTO Contact (Id, GivenName, Surname, ContactType, CreatedDate, LastModifiedDate) 
	VALUES (837, 'Zayden', 'Edwards', 'Customer', '2022-01-04 21:59:26', '2023-10-28 13:58:29');
INSERT INTO [Address] (Id, Street, City, [State], Country, Postcode) 
	VALUES (1116, '1429 Ivy Lane', 'Roger Corner', 'Canberra', 'Australia', '8532');
INSERT INTO ContactAddress (ContactId, AddressId, AddressType) 
	VALUES (837, 1116, 1);
INSERT INTO Contact (Id, GivenName, Surname, ContactType, CreatedDate, LastModifiedDate) 
	VALUES (838, 'Madelyn', 'Rivera', 'Customer', '2019-09-16 14:12:18', '2019-09-28 20:22:02');
INSERT INTO [Address] (Id, Street, City, [State], Country, Postcode) 
	VALUES (1117, '883 6th Street', 'North Walgoolan', 'Aukland', 'New Zealand', '2216');
INSERT INTO ContactAddress (ContactId, AddressId, AddressType) 
	VALUES (838, 1117, 1);
INSERT INTO [Address] (Id, Street, City, [State], Country, Postcode) 
		VALUES (1118, '1364 Forest Avenue', 'Peronne', 'Otago', 'New Zealand', '8194');
INSERT INTO ContactAddress (ContactId, AddressId, AddressType) 
		VALUES (838, 1118, 2);
INSERT INTO Contact (Id, GivenName, Surname, ContactType, CreatedDate, LastModifiedDate) 
	VALUES (839, 'Zoie', 'Bradley', 'Customer', '2018-10-22 14:40:05', '2023-09-06 04:15:01');
INSERT INTO [Address] (Id, Street, City, [State], Country, Postcode) 
	VALUES (1119, '1339 Ashley Court', 'Yaugher', 'Wellington', 'New Zealand', '5366');
INSERT INTO ContactAddress (ContactId, AddressId, AddressType) 
	VALUES (839, 1119, 1);
INSERT INTO Contact (Id, GivenName, Surname, ContactType, CreatedDate, LastModifiedDate) 
	VALUES (840, 'Shyla', 'Page', 'Supplier', '2019-12-22 17:54:04', '2020-03-11 18:04:25');
INSERT INTO [Address] (Id, Street, City, [State], Country, Postcode) 
	VALUES (1120, '1187 Main Street West', 'Congo Park', 'Nelson', 'New Zealand', '3947');
INSERT INTO ContactAddress (ContactId, AddressId, AddressType) 
	VALUES (840, 1120, 1);
INSERT INTO Contact (Id, GivenName, Surname, ContactType, CreatedDate, LastModifiedDate) 
	VALUES (841, 'Phoenix', 'Robles', 'Employee', '2019-06-04 04:47:48', '2019-06-07 04:29:03');
INSERT INTO [Address] (Id, Street, City, [State], Country, Postcode) 
	VALUES (1121, '719 Market Street', 'Lillian Rock', 'Catnerbury', 'New Zealand', '3376');
INSERT INTO ContactAddress (ContactId, AddressId, AddressType) 
	VALUES (841, 1121, 1);
INSERT INTO [Address] (Id, Street, City, [State], Country, Postcode) 
		VALUES (1122, '1514 Pennsylvania Avenue', 'Trafalgar West', 'Catnerbury', 'New Zealand', '2712');
INSERT INTO ContactAddress (ContactId, AddressId, AddressType) 
		VALUES (841, 1122, 2);
INSERT INTO Contact (Id, GivenName, Surname, ContactType, CreatedDate, LastModifiedDate) 
	VALUES (842, 'Karma', 'Pham', 'Employee', '2019-03-21 06:20:25', '2020-12-04 04:59:40');
INSERT INTO [Address] (Id, Street, City, [State], Country, Postcode) 
	VALUES (1123, '1893 Aspen Court', 'Yeulba', 'Otago', 'New Zealand', '6462');
INSERT INTO ContactAddress (ContactId, AddressId, AddressType) 
	VALUES (842, 1123, 1);
INSERT INTO Contact (Id, GivenName, Surname, ContactType, CreatedDate, LastModifiedDate) 
	VALUES (843, 'Adrianna', 'Taylor', 'Customer', '2022-06-19 01:08:55', '2022-10-05 03:55:11');
INSERT INTO [Address] (Id, Street, City, [State], Country, Postcode) 
	VALUES (1124, '1710 Valley View Road', 'Frances', 'Aukland', 'New Zealand', '4809');
INSERT INTO ContactAddress (ContactId, AddressId, AddressType) 
	VALUES (843, 1124, 1);
INSERT INTO Contact (Id, GivenName, Surname, ContactType, CreatedDate, LastModifiedDate) 
	VALUES (844, 'Araceli', 'Petersen', 'Other', '2020-12-21 21:56:04', '2023-08-09 21:31:38');
INSERT INTO [Address] (Id, Street, City, [State], Country, Postcode) 
	VALUES (1125, '1164 Monroe Drive', 'Sussex Mill', 'Otago', 'New Zealand', '5063');
INSERT INTO ContactAddress (ContactId, AddressId, AddressType) 
	VALUES (844, 1125, 1);
INSERT INTO [Address] (Id, Street, City, [State], Country, Postcode) 
		VALUES (1126, '948 Riverside Drive', 'Ashbridge', 'Otago', 'New Zealand', '6279');
INSERT INTO ContactAddress (ContactId, AddressId, AddressType) 
		VALUES (844, 1126, 2);
INSERT INTO Contact (Id, GivenName, Surname, ContactType, CreatedDate, LastModifiedDate) 
	VALUES (845, 'Riley', 'Conrad', 'Customer', '2023-06-19 03:59:33', '2023-10-01 11:02:57');
INSERT INTO [Address] (Id, Street, City, [State], Country, Postcode) 
	VALUES (1127, '1566 Heather Court', 'Kambalda West', 'Wellington', 'New Zealand', '3481');
INSERT INTO ContactAddress (ContactId, AddressId, AddressType) 
	VALUES (845, 1127, 1);
INSERT INTO Contact (Id, GivenName, Surname, ContactType, CreatedDate, LastModifiedDate) 
	VALUES (846, 'Marianna', 'Brown', 'Customer', '2023-10-02 22:20:01', '2024-01-26 15:06:09');
INSERT INTO [Address] (Id, Street, City, [State], Country, Postcode) 
	VALUES (1128, '390 North Street', 'Yowrie', 'Wellington', 'New Zealand', '1393');
INSERT INTO ContactAddress (ContactId, AddressId, AddressType) 
	VALUES (846, 1128, 1);
INSERT INTO Contact (Id, GivenName, Surname, ContactType, CreatedDate, LastModifiedDate) 
	VALUES (847, 'Giancarlo', 'Reynolds', 'Employee', '2023-03-16 03:09:48', '2023-05-26 00:45:05');
INSERT INTO [Address] (Id, Street, City, [State], Country, Postcode) 
	VALUES (1129, '1014 Route 41', 'Salt Ash', 'Catnerbury', 'New Zealand', '2970');
INSERT INTO ContactAddress (ContactId, AddressId, AddressType) 
	VALUES (847, 1129, 1);
INSERT INTO [Address] (Id, Street, City, [State], Country, Postcode) 
		VALUES (1130, '1560 Mill Street', 'Woolner', 'Aukland', 'New Zealand', '6083');
INSERT INTO ContactAddress (ContactId, AddressId, AddressType) 
		VALUES (847, 1130, 2);
INSERT INTO Contact (Id, GivenName, Surname, ContactType, CreatedDate, LastModifiedDate) 
	VALUES (848, 'Malcolm', 'Holder', 'Customer', '2022-04-21 11:11:13', '2023-06-13 07:07:43');
INSERT INTO [Address] (Id, Street, City, [State], Country, Postcode) 
	VALUES (1131, '1086 Chestnut Avenue', 'Mount Marlow', 'New Plymouth', 'New Zealand', '6238');
INSERT INTO ContactAddress (ContactId, AddressId, AddressType) 
	VALUES (848, 1131, 1);
INSERT INTO Contact (Id, GivenName, Surname, ContactType, CreatedDate, LastModifiedDate) 
	VALUES (849, 'Brylee', 'Carroll', 'Customer', '2022-02-19 21:01:02', '2023-08-09 23:48:43');
INSERT INTO [Address] (Id, Street, City, [State], Country, Postcode) 
	VALUES (1132, '604 Sheffield Drive', 'Welcome Hill', 'Catnerbury', 'New Zealand', '8214');
INSERT INTO ContactAddress (ContactId, AddressId, AddressType) 
	VALUES (849, 1132, 1);
INSERT INTO Contact (Id, GivenName, Surname, ContactType, CreatedDate, LastModifiedDate) 
	VALUES (850, 'Maeve', 'Lowery', 'Customer', '2021-06-02 22:41:29', '2022-06-05 08:31:43');
INSERT INTO [Address] (Id, Street, City, [State], Country, Postcode) 
	VALUES (1133, '1623 Washington Avenue', 'Doncaster', 'Catnerbury', 'New Zealand', '7147');
INSERT INTO ContactAddress (ContactId, AddressId, AddressType) 
	VALUES (850, 1133, 1);
INSERT INTO [Address] (Id, Street, City, [State], Country, Postcode) 
		VALUES (1134, '86 Olive Street', 'Ross River', 'Wellington', 'New Zealand', '1302');
INSERT INTO ContactAddress (ContactId, AddressId, AddressType) 
		VALUES (850, 1134, 2);
INSERT INTO Contact (Id, GivenName, Surname, ContactType, CreatedDate, LastModifiedDate) 
	VALUES (851, 'Ashton', 'Medina', 'Employee', '2021-12-25 10:11:15', '2023-04-28 06:34:55');
INSERT INTO [Address] (Id, Street, City, [State], Country, Postcode) 
	VALUES (1135, '1368 Ann Street', 'Alleena', 'Aukland', 'New Zealand', '7354');
INSERT INTO ContactAddress (ContactId, AddressId, AddressType) 
	VALUES (851, 1135, 1);
INSERT INTO Contact (Id, GivenName, Surname, ContactType, CreatedDate, LastModifiedDate) 
	VALUES (852, 'Nyasia', 'Gay', 'Customer', '2021-03-26 17:21:07', '2021-04-03 08:20:41');
INSERT INTO [Address] (Id, Street, City, [State], Country, Postcode) 
	VALUES (1136, '1159 State Street East', 'Finley', 'Otago', 'New Zealand', '3481');
INSERT INTO ContactAddress (ContactId, AddressId, AddressType) 
	VALUES (852, 1136, 1);
INSERT INTO Contact (Id, GivenName, Surname, ContactType, CreatedDate, LastModifiedDate) 
	VALUES (853, 'John', 'Nolan', 'Supplier', '2019-07-28 22:22:13', '2020-06-09 12:21:09');
INSERT INTO [Address] (Id, Street, City, [State], Country, Postcode) 
	VALUES (1137, '1861 School Street', 'Davyhurst', 'Aukland', 'New Zealand', '6016');
INSERT INTO ContactAddress (ContactId, AddressId, AddressType) 
	VALUES (853, 1137, 1);
INSERT INTO [Address] (Id, Street, City, [State], Country, Postcode) 
		VALUES (1138, '571 Jefferson Street', 'Alma', 'Wellington', 'New Zealand', '1051');
INSERT INTO ContactAddress (ContactId, AddressId, AddressType) 
		VALUES (853, 1138, 2);
INSERT INTO Contact (Id, GivenName, Surname, ContactType, CreatedDate, LastModifiedDate) 
	VALUES (854, 'Keenan', 'Brewer', 'Customer', '2019-10-01 14:01:09', '2021-05-07 19:13:04');
INSERT INTO [Address] (Id, Street, City, [State], Country, Postcode) 
	VALUES (1139, '672 Broadway', 'Degilbo', 'Wellington', 'New Zealand', '8038');
INSERT INTO ContactAddress (ContactId, AddressId, AddressType) 
	VALUES (854, 1139, 1);
INSERT INTO Contact (Id, GivenName, Surname, ContactType, CreatedDate, LastModifiedDate) 
	VALUES (855, 'Kamryn', 'Kerr', 'Supplier', '2022-02-23 00:07:57', '2022-05-12 18:34:46');
INSERT INTO [Address] (Id, Street, City, [State], Country, Postcode) 
	VALUES (1140, '103 Forest Avenue', 'Mogil Mogil', 'Catnerbury', 'New Zealand', '1593');
INSERT INTO ContactAddress (ContactId, AddressId, AddressType) 
	VALUES (855, 1140, 1);
INSERT INTO Contact (Id, GivenName, Surname, ContactType, CreatedDate, LastModifiedDate) 
	VALUES (856, 'Kamari', 'Forbes', 'Employee', '2020-09-27 22:49:33', '2022-06-16 05:29:06');
INSERT INTO [Address] (Id, Street, City, [State], Country, Postcode) 
	VALUES (1141, '1310 Garfield Avenue', 'Exford', 'Otago', 'New Zealand', '4189');
INSERT INTO ContactAddress (ContactId, AddressId, AddressType) 
	VALUES (856, 1141, 1);
INSERT INTO [Address] (Id, Street, City, [State], Country, Postcode) 
		VALUES (1142, '1993 Clark Street', 'Hodgson', 'Otago', 'New Zealand', '2854');
INSERT INTO ContactAddress (ContactId, AddressId, AddressType) 
		VALUES (856, 1142, 2);
INSERT INTO Contact (Id, GivenName, Surname, ContactType, CreatedDate, LastModifiedDate) 
	VALUES (857, 'Ernest', 'Morris', 'Customer', '2020-07-21 06:30:03', '2022-03-15 23:05:10');
INSERT INTO [Address] (Id, Street, City, [State], Country, Postcode) 
	VALUES (1143, '355 Willow Avenue', 'Cromer', 'Aukland', 'New Zealand', '5881');
INSERT INTO ContactAddress (ContactId, AddressId, AddressType) 
	VALUES (857, 1143, 1);
INSERT INTO Contact (Id, GivenName, Surname, ContactType, CreatedDate, LastModifiedDate) 
	VALUES (858, 'Jaidyn', 'Erickson', 'Customer', '2022-04-26 04:24:03', '2023-06-23 15:17:02');
INSERT INTO [Address] (Id, Street, City, [State], Country, Postcode) 
	VALUES (1144, '148 Cambridge Drive', 'Cockle Creek', 'Wellington', 'New Zealand', '7059');
INSERT INTO ContactAddress (ContactId, AddressId, AddressType) 
	VALUES (858, 1144, 1);
INSERT INTO Contact (Id, GivenName, Surname, ContactType, CreatedDate, LastModifiedDate) 
	VALUES (859, 'Cierra', 'Farrell', 'Customer', '2023-03-08 06:17:36', '2023-12-10 03:52:06');
INSERT INTO [Address] (Id, Street, City, [State], Country, Postcode) 
	VALUES (1145, '235 George Street', 'Lillian Rock', 'New Plymouth', 'New Zealand', '7505');
INSERT INTO ContactAddress (ContactId, AddressId, AddressType) 
	VALUES (859, 1145, 1);
INSERT INTO [Address] (Id, Street, City, [State], Country, Postcode) 
		VALUES (1146, '1224 Forest Avenue', 'Brandy Bottom', 'Aukland', 'New Zealand', '8120');
INSERT INTO ContactAddress (ContactId, AddressId, AddressType) 
		VALUES (859, 1146, 2);
INSERT INTO Contact (Id, GivenName, Surname, ContactType, CreatedDate, LastModifiedDate) 
	VALUES (860, 'Donna', 'Ochoa', 'Other', '2020-12-22 07:22:45', '2022-05-12 02:47:16');
INSERT INTO [Address] (Id, Street, City, [State], Country, Postcode) 
	VALUES (1147, '1256 Oak Avenue', 'Yarto', 'Nelson', 'New Zealand', '2101');
INSERT INTO ContactAddress (ContactId, AddressId, AddressType) 
	VALUES (860, 1147, 1);
INSERT INTO Contact (Id, GivenName, Surname, ContactType, CreatedDate, LastModifiedDate) 
	VALUES (861, 'Willie', 'Newman', 'Customer', '2021-01-17 14:04:30', '2021-12-18 01:33:52');
INSERT INTO [Address] (Id, Street, City, [State], Country, Postcode) 
	VALUES (1148, '1045 Laurel Drive', 'Bullioh', 'Aukland', 'New Zealand', '3058');
INSERT INTO ContactAddress (ContactId, AddressId, AddressType) 
	VALUES (861, 1148, 1);
INSERT INTO Contact (Id, GivenName, Surname, ContactType, CreatedDate, LastModifiedDate) 
	VALUES (862, 'Deangelo', 'Horton', 'Supplier', '2019-04-27 06:35:31', '2021-11-04 10:18:40');
INSERT INTO [Address] (Id, Street, City, [State], Country, Postcode) 
	VALUES (1149, '610 West Avenue', 'Maldon', 'Aukland', 'New Zealand', '3254');
INSERT INTO ContactAddress (ContactId, AddressId, AddressType) 
	VALUES (862, 1149, 1);
INSERT INTO [Address] (Id, Street, City, [State], Country, Postcode) 
		VALUES (1150, '1834 Eagle Street', 'Roger Corner', 'New Plymouth', 'New Zealand', '8155');
INSERT INTO ContactAddress (ContactId, AddressId, AddressType) 
		VALUES (862, 1150, 2);
INSERT INTO Contact (Id, GivenName, Surname, ContactType, CreatedDate, LastModifiedDate) 
	VALUES (863, 'Willow', 'Schroeder', 'Employee', '2023-01-25 18:07:21', '2023-05-08 23:01:23');
INSERT INTO [Address] (Id, Street, City, [State], Country, Postcode) 
	VALUES (1151, '1276 Devon Court', 'Belka', 'Otago', 'New Zealand', '2340');
INSERT INTO ContactAddress (ContactId, AddressId, AddressType) 
	VALUES (863, 1151, 1);
INSERT INTO Contact (Id, GivenName, Surname, ContactType, CreatedDate, LastModifiedDate) 
	VALUES (864, 'Sloane', 'Torres', 'Customer', '2018-09-13 08:21:40', '2021-01-22 02:45:10');
INSERT INTO [Address] (Id, Street, City, [State], Country, Postcode) 
	VALUES (1152, '1781 White Street', 'Coogee', 'New South Wales', 'Australia', '1374');
INSERT INTO ContactAddress (ContactId, AddressId, AddressType) 
	VALUES (864, 1152, 1);
INSERT INTO Contact (Id, GivenName, Surname, ContactType, CreatedDate, LastModifiedDate) 
	VALUES (865, 'Kasey', 'Vargas', 'Customer', '2021-04-02 00:44:03', '2021-07-07 17:23:17');
INSERT INTO [Address] (Id, Street, City, [State], Country, Postcode) 
	VALUES (1153, '358 Bridle Lane', 'Loch Valley', 'Catnerbury', 'New Zealand', '4412');
INSERT INTO ContactAddress (ContactId, AddressId, AddressType) 
	VALUES (865, 1153, 1);
INSERT INTO [Address] (Id, Street, City, [State], Country, Postcode) 
		VALUES (1154, '1187 Cypress Court', 'Wonbah', 'Nelson', 'New Zealand', '2286');
INSERT INTO ContactAddress (ContactId, AddressId, AddressType) 
		VALUES (865, 1154, 2);
INSERT INTO Contact (Id, GivenName, Surname, ContactType, CreatedDate, LastModifiedDate) 
	VALUES (866, 'Gisselle', 'Liu', 'Customer', '2019-10-26 16:36:08', '2022-09-23 04:10:10');
INSERT INTO [Address] (Id, Street, City, [State], Country, Postcode) 
	VALUES (1155, '675 Pheasant Run', 'Finley', 'Nelson', 'New Zealand', '6413');
INSERT INTO ContactAddress (ContactId, AddressId, AddressType) 
	VALUES (866, 1155, 1);
INSERT INTO Contact (Id, GivenName, Surname, ContactType, CreatedDate, LastModifiedDate) 
	VALUES (867, 'Mark', 'Rios', 'Customer', '2020-09-06 12:13:06', '2021-11-19 23:24:54');
INSERT INTO [Address] (Id, Street, City, [State], Country, Postcode) 
	VALUES (1156, '571 Euclid Avenue', 'Cromarty', 'Catnerbury', 'New Zealand', '2601');
INSERT INTO ContactAddress (ContactId, AddressId, AddressType) 
	VALUES (867, 1156, 1);
INSERT INTO Contact (Id, GivenName, Surname, ContactType, CreatedDate, LastModifiedDate) 
	VALUES (868, 'Bennett', 'Doyle', 'Customer', '2019-03-05 17:13:15', '2023-10-09 10:28:26');
INSERT INTO [Address] (Id, Street, City, [State], Country, Postcode) 
	VALUES (1157, '724 Howard Street', 'Euleilah', 'Otago', 'New Zealand', '7383');
INSERT INTO ContactAddress (ContactId, AddressId, AddressType) 
	VALUES (868, 1157, 1);
INSERT INTO [Address] (Id, Street, City, [State], Country, Postcode) 
		VALUES (1158, '1148 North Avenue', 'Rutherglen', 'Wellington', 'New Zealand', '6646');
INSERT INTO ContactAddress (ContactId, AddressId, AddressType) 
		VALUES (868, 1158, 2);
INSERT INTO Contact (Id, GivenName, Surname, ContactType, CreatedDate, LastModifiedDate) 
	VALUES (869, 'Anya', 'Silva', 'Supplier', '2023-02-05 13:51:19', '2023-10-30 07:28:06');
INSERT INTO [Address] (Id, Street, City, [State], Country, Postcode) 
	VALUES (1159, '428 Pheasant Run', 'Yaugher', 'Wellington', 'New Zealand', '6184');
INSERT INTO ContactAddress (ContactId, AddressId, AddressType) 
	VALUES (869, 1159, 1);
INSERT INTO Contact (Id, GivenName, Surname, ContactType, CreatedDate, LastModifiedDate) 
	VALUES (870, 'Anthony', 'Brady', 'Customer', '2019-10-16 13:23:33', '2022-01-07 11:43:50');
INSERT INTO [Address] (Id, Street, City, [State], Country, Postcode) 
	VALUES (1160, '844 Pheasant Run', 'Little Grove', 'New Plymouth', 'New Zealand', '1781');
INSERT INTO ContactAddress (ContactId, AddressId, AddressType) 
	VALUES (870, 1160, 1);
INSERT INTO Contact (Id, GivenName, Surname, ContactType, CreatedDate, LastModifiedDate) 
	VALUES (871, 'Willow', 'Camacho', 'Customer', '2021-01-03 19:29:45', '2023-07-17 00:20:32');
INSERT INTO [Address] (Id, Street, City, [State], Country, Postcode) 
	VALUES (1161, '950 9th Street', 'Tyagong', 'New Plymouth', 'New Zealand', '2602');
INSERT INTO ContactAddress (ContactId, AddressId, AddressType) 
	VALUES (871, 1161, 1);
INSERT INTO [Address] (Id, Street, City, [State], Country, Postcode) 
		VALUES (1162, '40 Monroe Drive', 'Boorindal', 'New Plymouth', 'New Zealand', '2141');
INSERT INTO ContactAddress (ContactId, AddressId, AddressType) 
		VALUES (871, 1162, 2);
INSERT INTO Contact (Id, GivenName, Surname, ContactType, CreatedDate, LastModifiedDate) 
	VALUES (872, 'Eugene', 'Best', 'Customer', '2021-12-15 05:03:29', '2022-12-17 01:16:02');
INSERT INTO [Address] (Id, Street, City, [State], Country, Postcode) 
	VALUES (1163, '1252 Lantern Lane', 'Quorn', 'Otago', 'New Zealand', '8105');
INSERT INTO ContactAddress (ContactId, AddressId, AddressType) 
	VALUES (872, 1163, 1);
INSERT INTO Contact (Id, GivenName, Surname, ContactType, CreatedDate, LastModifiedDate) 
	VALUES (873, 'Pamela', 'Arnold', 'Supplier', '2019-06-13 03:14:25', '2023-05-24 12:24:20');
INSERT INTO [Address] (Id, Street, City, [State], Country, Postcode) 
	VALUES (1164, '364 Linden Avenue', 'Coogee', 'Nelson', 'New Zealand', '1484');
INSERT INTO ContactAddress (ContactId, AddressId, AddressType) 
	VALUES (873, 1164, 1);
INSERT INTO Contact (Id, GivenName, Surname, ContactType, CreatedDate, LastModifiedDate) 
	VALUES (874, 'Jamie', 'Erickson', 'Employee', '2023-11-22 05:00:15', '2024-01-18 14:08:22');
INSERT INTO [Address] (Id, Street, City, [State], Country, Postcode) 
	VALUES (1165, '1489 Cemetery Road', 'Tura Beach', 'Otago', 'New Zealand', '6090');
INSERT INTO ContactAddress (ContactId, AddressId, AddressType) 
	VALUES (874, 1165, 1);
INSERT INTO [Address] (Id, Street, City, [State], Country, Postcode) 
		VALUES (1166, '739 Jackson Avenue', 'Tawonga', 'New Plymouth', 'New Zealand', '1282');
INSERT INTO ContactAddress (ContactId, AddressId, AddressType) 
		VALUES (874, 1166, 2);
INSERT INTO Contact (Id, GivenName, Surname, ContactType, CreatedDate, LastModifiedDate) 
	VALUES (875, 'Joey', 'Chen', 'Customer', '2021-02-28 07:56:57', '2021-06-07 00:42:57');
INSERT INTO [Address] (Id, Street, City, [State], Country, Postcode) 
	VALUES (1167, '1450 Andover Court', 'Bullengarook', 'Wellington', 'New Zealand', '1808');
INSERT INTO ContactAddress (ContactId, AddressId, AddressType) 
	VALUES (875, 1167, 1);
INSERT INTO Contact (Id, GivenName, Surname, ContactType, CreatedDate, LastModifiedDate) 
	VALUES (876, 'Aniya', 'Nolan', 'Supplier', '2022-02-22 08:44:08', '2023-10-18 23:52:15');
INSERT INTO [Address] (Id, Street, City, [State], Country, Postcode) 
	VALUES (1168, '684 Briarwood Court', 'Euleilah', 'Aukland', 'New Zealand', '5868');
INSERT INTO ContactAddress (ContactId, AddressId, AddressType) 
	VALUES (876, 1168, 1);
INSERT INTO Contact (Id, GivenName, Surname, ContactType, CreatedDate, LastModifiedDate) 
	VALUES (877, 'Adyson', 'Landry', 'Customer', '2018-10-08 07:36:31', '2019-06-27 01:35:35');
INSERT INTO [Address] (Id, Street, City, [State], Country, Postcode) 
	VALUES (1169, '1257 Orchard Avenue', 'Brownlow', 'Nelson', 'New Zealand', '3453');
INSERT INTO ContactAddress (ContactId, AddressId, AddressType) 
	VALUES (877, 1169, 1);
INSERT INTO [Address] (Id, Street, City, [State], Country, Postcode) 
		VALUES (1170, '800 Route 1', 'Waubra Junction', 'Wellington', 'New Zealand', '4715');
INSERT INTO ContactAddress (ContactId, AddressId, AddressType) 
		VALUES (877, 1170, 2);
INSERT INTO Contact (Id, GivenName, Surname, ContactType, CreatedDate, LastModifiedDate) 
	VALUES (878, 'Scarlett', 'Delacruz', 'Other', '2021-05-20 10:26:01', '2021-06-01 16:02:43');
INSERT INTO [Address] (Id, Street, City, [State], Country, Postcode) 
	VALUES (1171, '924 Garden Street', 'Ensay', 'Aukland', 'New Zealand', '6881');
INSERT INTO ContactAddress (ContactId, AddressId, AddressType) 
	VALUES (878, 1171, 1);
INSERT INTO Contact (Id, GivenName, Surname, ContactType, CreatedDate, LastModifiedDate) 
	VALUES (879, 'Mercedes', 'Cervantes', 'Customer', '2022-06-05 01:32:54', '2023-10-23 09:32:43');
INSERT INTO [Address] (Id, Street, City, [State], Country, Postcode) 
	VALUES (1172, '1852 Elizabeth Street', 'Tyrrell Downs', 'Nelson', 'New Zealand', '7557');
INSERT INTO ContactAddress (ContactId, AddressId, AddressType) 
	VALUES (879, 1172, 1);
INSERT INTO Contact (Id, GivenName, Surname, ContactType, CreatedDate, LastModifiedDate) 
	VALUES (880, 'Gabriela', 'Price', 'Customer', '2019-06-26 02:54:03', '2021-03-15 07:16:29');
INSERT INTO [Address] (Id, Street, City, [State], Country, Postcode) 
	VALUES (1173, '1111 Woodland Road', 'Uranquinty', 'Nelson', 'New Zealand', '2308');
INSERT INTO ContactAddress (ContactId, AddressId, AddressType) 
	VALUES (880, 1173, 1);
INSERT INTO [Address] (Id, Street, City, [State], Country, Postcode) 
		VALUES (1174, '3 Devonshire Drive', 'Yelverton', 'Nelson', 'New Zealand', '4139');
INSERT INTO ContactAddress (ContactId, AddressId, AddressType) 
		VALUES (880, 1174, 2);
INSERT INTO Contact (Id, GivenName, Surname, ContactType, CreatedDate, LastModifiedDate) 
	VALUES (881, 'Reynaldo', 'Michael', 'Customer', '2020-08-08 03:03:24', '2022-04-08 13:19:02');
INSERT INTO [Address] (Id, Street, City, [State], Country, Postcode) 
	VALUES (1175, '474 Roberts Road', 'Edi Upper', 'New Plymouth', 'New Zealand', '6149');
INSERT INTO ContactAddress (ContactId, AddressId, AddressType) 
	VALUES (881, 1175, 1);
INSERT INTO Contact (Id, GivenName, Surname, ContactType, CreatedDate, LastModifiedDate) 
	VALUES (882, 'London', 'Guerra', 'Other', '2019-10-16 04:26:20', '2020-01-30 20:14:42');
INSERT INTO [Address] (Id, Street, City, [State], Country, Postcode) 
	VALUES (1176, '1670 Brook Lane', 'McKenzie Creek', 'Catnerbury', 'New Zealand', '8419');
INSERT INTO ContactAddress (ContactId, AddressId, AddressType) 
	VALUES (882, 1176, 1);
INSERT INTO Contact (Id, GivenName, Surname, ContactType, CreatedDate, LastModifiedDate) 
	VALUES (883, 'Zoey', 'Marsh', 'Employee', '2019-12-24 07:56:37', '2023-01-08 14:07:15');
INSERT INTO [Address] (Id, Street, City, [State], Country, Postcode) 
	VALUES (1177, '1474 Andover Court', 'Dadswells Bridge', 'New Plymouth', 'New Zealand', '3056');
INSERT INTO ContactAddress (ContactId, AddressId, AddressType) 
	VALUES (883, 1177, 1);
INSERT INTO [Address] (Id, Street, City, [State], Country, Postcode) 
		VALUES (1178, '1803 3rd Street West', 'Slamannon', 'Wellington', 'New Zealand', '4634');
INSERT INTO ContactAddress (ContactId, AddressId, AddressType) 
		VALUES (883, 1178, 2);
INSERT INTO Contact (Id, GivenName, Surname, ContactType, CreatedDate, LastModifiedDate) 
	VALUES (884, 'Richard', 'Austin', 'Customer', '2023-06-22 01:22:35', '2023-12-03 01:28:09');
INSERT INTO [Address] (Id, Street, City, [State], Country, Postcode) 
	VALUES (1179, '1954 Delaware Avenue', 'Morundah', 'Aukland', 'New Zealand', '4594');
INSERT INTO ContactAddress (ContactId, AddressId, AddressType) 
	VALUES (884, 1179, 1);
INSERT INTO Contact (Id, GivenName, Surname, ContactType, CreatedDate, LastModifiedDate) 
	VALUES (885, 'Rose', 'Herrera', 'Customer', '2020-04-12 02:49:47', '2021-10-20 03:37:20');
INSERT INTO [Address] (Id, Street, City, [State], Country, Postcode) 
	VALUES (1180, '1951 Windsor Drive', 'Dinmont', 'Catnerbury', 'New Zealand', '4141');
INSERT INTO ContactAddress (ContactId, AddressId, AddressType) 
	VALUES (885, 1180, 1);
INSERT INTO Contact (Id, GivenName, Surname, ContactType, CreatedDate, LastModifiedDate) 
	VALUES (886, 'Leslie', 'Pruitt', 'Customer', '2020-05-26 09:27:43', '2020-08-02 09:42:53');
INSERT INTO [Address] (Id, Street, City, [State], Country, Postcode) 
	VALUES (1181, '1330 Maiden Lane', 'Wyening', 'New Plymouth', 'New Zealand', '6392');
INSERT INTO ContactAddress (ContactId, AddressId, AddressType) 
	VALUES (886, 1181, 1);
INSERT INTO [Address] (Id, Street, City, [State], Country, Postcode) 
		VALUES (1182, '443 Circle Drive', 'Brimboal', 'Wellington', 'New Zealand', '4014');
INSERT INTO ContactAddress (ContactId, AddressId, AddressType) 
		VALUES (886, 1182, 2);
INSERT INTO Contact (Id, GivenName, Surname, ContactType, CreatedDate, LastModifiedDate) 
	VALUES (887, 'Fletcher', 'Velazquez', 'Customer', '2021-03-10 09:44:09', '2022-11-10 09:29:44');
INSERT INTO [Address] (Id, Street, City, [State], Country, Postcode) 
	VALUES (1183, '308 Jackson Street', 'Wangrabelle', 'Otago', 'New Zealand', '8514');
INSERT INTO ContactAddress (ContactId, AddressId, AddressType) 
	VALUES (887, 1183, 1);
INSERT INTO Contact (Id, GivenName, Surname, ContactType, CreatedDate, LastModifiedDate) 
	VALUES (888, 'Moises', 'Li', 'Customer', '2020-05-23 01:39:45', '2022-11-17 09:57:23');
INSERT INTO [Address] (Id, Street, City, [State], Country, Postcode) 
	VALUES (1184, '939 Ivy Lane', 'Towong Upper', 'New Plymouth', 'New Zealand', '7206');
INSERT INTO ContactAddress (ContactId, AddressId, AddressType) 
	VALUES (888, 1184, 1);
INSERT INTO Contact (Id, GivenName, Surname, ContactType, CreatedDate, LastModifiedDate) 
	VALUES (889, 'Joel', 'Molina', 'Customer', '2020-05-31 22:18:00', '2020-11-23 21:19:01');
INSERT INTO [Address] (Id, Street, City, [State], Country, Postcode) 
	VALUES (1185, '1960 West Street', 'South Kumminin', 'Aukland', 'New Zealand', '5300');
INSERT INTO ContactAddress (ContactId, AddressId, AddressType) 
	VALUES (889, 1185, 1);
INSERT INTO [Address] (Id, Street, City, [State], Country, Postcode) 
		VALUES (1186, '1629 Highland Avenue', 'Gympie South', 'Queensland', 'Australia', '7093');
INSERT INTO ContactAddress (ContactId, AddressId, AddressType) 
		VALUES (889, 1186, 2);
INSERT INTO Contact (Id, GivenName, Surname, ContactType, CreatedDate, LastModifiedDate) 
	VALUES (890, 'Audrey', 'Lucero', 'Supplier', '2018-12-15 18:01:25', '2019-04-02 11:46:13');
INSERT INTO [Address] (Id, Street, City, [State], Country, Postcode) 
	VALUES (1187, '1299 Front Street South', 'Barringun', 'Aukland', 'New Zealand', '2834');
INSERT INTO ContactAddress (ContactId, AddressId, AddressType) 
	VALUES (890, 1187, 1);
INSERT INTO Contact (Id, GivenName, Surname, ContactType, CreatedDate, LastModifiedDate) 
	VALUES (891, 'Emery', 'Hobbs', 'Customer', '2019-03-12 20:19:55', '2020-07-22 03:50:09');
INSERT INTO [Address] (Id, Street, City, [State], Country, Postcode) 
	VALUES (1188, '1108 Durham Court', 'Crab Tree Station', 'Western Australia', 'Australia', '5389');
INSERT INTO ContactAddress (ContactId, AddressId, AddressType) 
	VALUES (891, 1188, 1);
INSERT INTO Contact (Id, GivenName, Surname, ContactType, CreatedDate, LastModifiedDate) 
	VALUES (892, 'Riley', 'Payne', 'Customer', '2024-01-21 11:19:29', '2024-01-26 13:29:05');
INSERT INTO [Address] (Id, Street, City, [State], Country, Postcode) 
	VALUES (1189, '59 Rose Street', 'Jibbinbar', 'Nelson', 'New Zealand', '3616');
INSERT INTO ContactAddress (ContactId, AddressId, AddressType) 
	VALUES (892, 1189, 1);
INSERT INTO [Address] (Id, Street, City, [State], Country, Postcode) 
		VALUES (1190, '370 Devon Road', 'Waanyarra Rush', 'Otago', 'New Zealand', '2193');
INSERT INTO ContactAddress (ContactId, AddressId, AddressType) 
		VALUES (892, 1190, 2);
INSERT INTO Contact (Id, GivenName, Surname, ContactType, CreatedDate, LastModifiedDate) 
	VALUES (893, 'Maddox', 'Carr', 'Customer', '2023-05-20 01:45:59', '2023-12-24 07:59:43');
INSERT INTO [Address] (Id, Street, City, [State], Country, Postcode) 
	VALUES (1191, '851 Bridge Street', 'Aratula', 'Aukland', 'New Zealand', '2225');
INSERT INTO ContactAddress (ContactId, AddressId, AddressType) 
	VALUES (893, 1191, 1);
INSERT INTO Contact (Id, GivenName, Surname, ContactType, CreatedDate, LastModifiedDate) 
	VALUES (894, 'Clara', 'Palmer', 'Employee', '2021-02-05 21:07:31', '2023-09-09 16:57:28');
INSERT INTO [Address] (Id, Street, City, [State], Country, Postcode) 
	VALUES (1192, '1069 6th Avenue', 'Miakite', 'Wellington', 'New Zealand', '3441');
INSERT INTO ContactAddress (ContactId, AddressId, AddressType) 
	VALUES (894, 1192, 1);
INSERT INTO Contact (Id, GivenName, Surname, ContactType, CreatedDate, LastModifiedDate) 
	VALUES (895, 'Eden', 'Villa', 'Employee', '2020-02-25 11:30:47', '2021-06-03 04:38:23');
INSERT INTO [Address] (Id, Street, City, [State], Country, Postcode) 
	VALUES (1193, '1268 Hillcrest Avenue', 'Trafalgar West', 'Otago', 'New Zealand', '1103');
INSERT INTO ContactAddress (ContactId, AddressId, AddressType) 
	VALUES (895, 1193, 1);
INSERT INTO [Address] (Id, Street, City, [State], Country, Postcode) 
		VALUES (1194, '14 Pearl Street', 'Slamannon', 'Otago', 'New Zealand', '8328');
INSERT INTO ContactAddress (ContactId, AddressId, AddressType) 
		VALUES (895, 1194, 2);
INSERT INTO Contact (Id, GivenName, Surname, ContactType, CreatedDate, LastModifiedDate) 
	VALUES (896, 'Guadalupe', 'Everett', 'Customer', '2021-09-23 11:28:40', '2022-01-21 15:59:15');
INSERT INTO [Address] (Id, Street, City, [State], Country, Postcode) 
	VALUES (1195, '901 Route 1', 'Normanville', 'New Plymouth', 'New Zealand', '1521');
INSERT INTO ContactAddress (ContactId, AddressId, AddressType) 
	VALUES (896, 1195, 1);
INSERT INTO Contact (Id, GivenName, Surname, ContactType, CreatedDate, LastModifiedDate) 
	VALUES (897, 'Belinda', 'Bauer', 'Customer', '2022-03-18 09:34:48', '2023-09-19 18:40:34');
INSERT INTO [Address] (Id, Street, City, [State], Country, Postcode) 
	VALUES (1196, '498 Lincoln Street', 'Tarcombe', 'New Plymouth', 'New Zealand', '1540');
INSERT INTO ContactAddress (ContactId, AddressId, AddressType) 
	VALUES (897, 1196, 1);
INSERT INTO Contact (Id, GivenName, Surname, ContactType, CreatedDate, LastModifiedDate) 
	VALUES (898, 'Alijah', 'Hodges', 'Customer', '2022-09-10 18:50:18', '2024-01-07 22:01:32');
INSERT INTO [Address] (Id, Street, City, [State], Country, Postcode) 
	VALUES (1197, '457 Primrose Lane', 'Terragon', 'Otago', 'New Zealand', '6931');
INSERT INTO ContactAddress (ContactId, AddressId, AddressType) 
	VALUES (898, 1197, 1);
INSERT INTO [Address] (Id, Street, City, [State], Country, Postcode) 
		VALUES (1198, '1502 Hartford Road', 'Killcare', 'Otago', 'New Zealand', '1923');
INSERT INTO ContactAddress (ContactId, AddressId, AddressType) 
		VALUES (898, 1198, 2);
INSERT INTO Contact (Id, GivenName, Surname, ContactType, CreatedDate, LastModifiedDate) 
	VALUES (899, 'Ezekiel', 'Shepherd', 'Supplier', '2021-04-02 16:14:39', '2023-12-28 02:33:58');
INSERT INTO [Address] (Id, Street, City, [State], Country, Postcode) 
	VALUES (1199, '1288 Highland Avenue', 'Bringalbert South', 'Otago', 'New Zealand', '5227');
INSERT INTO ContactAddress (ContactId, AddressId, AddressType) 
	VALUES (899, 1199, 1);
INSERT INTO Contact (Id, GivenName, Surname, ContactType, CreatedDate, LastModifiedDate) 
	VALUES (900, 'Sophie', 'Grimes', 'Customer', '2022-06-05 23:35:26', '2022-07-10 04:21:26');
INSERT INTO [Address] (Id, Street, City, [State], Country, Postcode) 
	VALUES (1200, '39 Jefferson Court', 'Aldavilla', 'Nelson', 'New Zealand', '3023');
INSERT INTO ContactAddress (ContactId, AddressId, AddressType) 
	VALUES (900, 1200, 1);
INSERT INTO Contact (Id, GivenName, Surname, ContactType, CreatedDate, LastModifiedDate) 
	VALUES (901, 'Lee', 'Haley', 'Customer', '2022-06-10 07:10:08', '2022-10-27 18:35:44');
INSERT INTO [Address] (Id, Street, City, [State], Country, Postcode) 
	VALUES (1201, '1957 6th Avenue', 'Juradine', 'Aukland', 'New Zealand', '7228');
INSERT INTO ContactAddress (ContactId, AddressId, AddressType) 
	VALUES (901, 1201, 1);
INSERT INTO [Address] (Id, Street, City, [State], Country, Postcode) 
		VALUES (1202, '1228 Church Road', 'Mount Mercer', 'Nelson', 'New Zealand', '5443');
INSERT INTO ContactAddress (ContactId, AddressId, AddressType) 
		VALUES (901, 1202, 2);
INSERT INTO Contact (Id, GivenName, Surname, ContactType, CreatedDate, LastModifiedDate) 
	VALUES (902, 'Aidan', 'Powers', 'Other', '2022-07-08 09:06:55', '2023-09-10 01:07:18');
INSERT INTO [Address] (Id, Street, City, [State], Country, Postcode) 
	VALUES (1203, '1000 Eagle Street', 'Edi Upper', 'Catnerbury', 'New Zealand', '5595');
INSERT INTO ContactAddress (ContactId, AddressId, AddressType) 
	VALUES (902, 1203, 1);
INSERT INTO Contact (Id, GivenName, Surname, ContactType, CreatedDate, LastModifiedDate) 
	VALUES (903, 'Rafael', 'Stout', 'Customer', '2023-02-20 12:13:03', '2023-02-26 04:14:33');
INSERT INTO [Address] (Id, Street, City, [State], Country, Postcode) 
	VALUES (1204, '43 Rosewood Drive', 'Quorn', 'Aukland', 'New Zealand', '1283');
INSERT INTO ContactAddress (ContactId, AddressId, AddressType) 
	VALUES (903, 1204, 1);
INSERT INTO Contact (Id, GivenName, Surname, ContactType, CreatedDate, LastModifiedDate) 
	VALUES (904, 'Alyvia', 'Bauer', 'Employee', '2021-06-30 21:03:20', '2023-06-20 15:23:05');
INSERT INTO [Address] (Id, Street, City, [State], Country, Postcode) 
	VALUES (1205, '1936 Colonial Drive', 'South Kumminin', 'Otago', 'New Zealand', '3005');
INSERT INTO ContactAddress (ContactId, AddressId, AddressType) 
	VALUES (904, 1205, 1);
INSERT INTO [Address] (Id, Street, City, [State], Country, Postcode) 
		VALUES (1206, '172 Homestead Drive', 'Meenar', 'Wellington', 'New Zealand', '6110');
INSERT INTO ContactAddress (ContactId, AddressId, AddressType) 
		VALUES (904, 1206, 2);
INSERT INTO Contact (Id, GivenName, Surname, ContactType, CreatedDate, LastModifiedDate) 
	VALUES (905, 'Devon', 'Morrow', 'Supplier', '2020-05-12 11:54:50', '2023-10-03 04:23:44');
INSERT INTO [Address] (Id, Street, City, [State], Country, Postcode) 
	VALUES (1207, '350 Linden Avenue', 'Tura Beach', 'Catnerbury', 'New Zealand', '1869');
INSERT INTO ContactAddress (ContactId, AddressId, AddressType) 
	VALUES (905, 1207, 1);
INSERT INTO Contact (Id, GivenName, Surname, ContactType, CreatedDate, LastModifiedDate) 
	VALUES (906, 'Thalia', 'Dunn', 'Employee', '2019-08-23 18:40:28', '2023-08-09 02:31:40');
INSERT INTO [Address] (Id, Street, City, [State], Country, Postcode) 
	VALUES (1208, '693 Warren Avenue', 'Yelgun', 'Otago', 'New Zealand', '2010');
INSERT INTO ContactAddress (ContactId, AddressId, AddressType) 
	VALUES (906, 1208, 1);
INSERT INTO Contact (Id, GivenName, Surname, ContactType, CreatedDate, LastModifiedDate) 
	VALUES (907, 'Damian', 'Brooks', 'Customer', '2020-12-09 19:07:07', '2021-01-25 02:22:09');
INSERT INTO [Address] (Id, Street, City, [State], Country, Postcode) 
	VALUES (1209, '1378 Laurel Street', 'Freeburgh', 'Nelson', 'New Zealand', '3999');
INSERT INTO ContactAddress (ContactId, AddressId, AddressType) 
	VALUES (907, 1209, 1);
INSERT INTO [Address] (Id, Street, City, [State], Country, Postcode) 
		VALUES (1210, '1363 Cooper Street', 'Cheltenham', 'Catnerbury', 'New Zealand', '2461');
INSERT INTO ContactAddress (ContactId, AddressId, AddressType) 
		VALUES (907, 1210, 2);
INSERT INTO Contact (Id, GivenName, Surname, ContactType, CreatedDate, LastModifiedDate) 
	VALUES (908, 'Koen', 'Mitchell', 'Supplier', '2021-01-15 18:13:03', '2022-04-08 11:08:19');
INSERT INTO [Address] (Id, Street, City, [State], Country, Postcode) 
	VALUES (1211, '713 Court Street', 'Seventeen Seventy', 'Aukland', 'New Zealand', '3335');
INSERT INTO ContactAddress (ContactId, AddressId, AddressType) 
	VALUES (908, 1211, 1);
INSERT INTO Contact (Id, GivenName, Surname, ContactType, CreatedDate, LastModifiedDate) 
	VALUES (909, 'Clinton', 'Crane', 'Employee', '2020-02-16 06:36:32', '2023-01-16 21:48:19');
INSERT INTO [Address] (Id, Street, City, [State], Country, Postcode) 
	VALUES (1212, '1729 Ridge Street', 'Tantawanglo', 'New Plymouth', 'New Zealand', '4263');
INSERT INTO ContactAddress (ContactId, AddressId, AddressType) 
	VALUES (909, 1212, 1);
INSERT INTO Contact (Id, GivenName, Surname, ContactType, CreatedDate, LastModifiedDate) 
	VALUES (910, 'Lucia', 'Cowan', 'Employee', '2021-08-05 15:03:54', '2023-03-16 14:55:24');
INSERT INTO [Address] (Id, Street, City, [State], Country, Postcode) 
	VALUES (1213, '731 Manor Drive', 'Ilbilbie', 'Otago', 'New Zealand', '4442');
INSERT INTO ContactAddress (ContactId, AddressId, AddressType) 
	VALUES (910, 1213, 1);
INSERT INTO [Address] (Id, Street, City, [State], Country, Postcode) 
		VALUES (1214, '156 Hudson Street', 'Angustown', 'New Plymouth', 'New Zealand', '2132');
INSERT INTO ContactAddress (ContactId, AddressId, AddressType) 
		VALUES (910, 1214, 2);
INSERT INTO Contact (Id, GivenName, Surname, ContactType, CreatedDate, LastModifiedDate) 
	VALUES (911, 'Jeffery', 'Deleon', 'Customer', '2020-09-14 00:00:28', '2021-04-27 23:35:02');
INSERT INTO [Address] (Id, Street, City, [State], Country, Postcode) 
	VALUES (1215, '1599 Sycamore Lane', 'Lake Cathie', 'Aukland', 'New Zealand', '5928');
INSERT INTO ContactAddress (ContactId, AddressId, AddressType) 
	VALUES (911, 1215, 1);
INSERT INTO Contact (Id, GivenName, Surname, ContactType, CreatedDate, LastModifiedDate) 
	VALUES (912, 'Jacqueline', 'Hicks', 'Supplier', '2022-09-25 04:05:58', '2023-07-25 11:35:45');
INSERT INTO [Address] (Id, Street, City, [State], Country, Postcode) 
	VALUES (1216, '1379 Hickory Lane', 'Warramboo', 'Aukland', 'New Zealand', '1472');
INSERT INTO ContactAddress (ContactId, AddressId, AddressType) 
	VALUES (912, 1216, 1);
INSERT INTO Contact (Id, GivenName, Surname, ContactType, CreatedDate, LastModifiedDate) 
	VALUES (913, 'Carlee', 'Drake', 'Customer', '2019-04-26 12:34:32', '2021-09-15 12:04:45');
INSERT INTO [Address] (Id, Street, City, [State], Country, Postcode) 
	VALUES (1217, '517 Taylor Street', 'San Remo', 'New Plymouth', 'New Zealand', '8385');
INSERT INTO ContactAddress (ContactId, AddressId, AddressType) 
	VALUES (913, 1217, 1);
INSERT INTO [Address] (Id, Street, City, [State], Country, Postcode) 
		VALUES (1218, '1954 Madison Avenue', 'Eastern Creek', 'Wellington', 'New Zealand', '6044');
INSERT INTO ContactAddress (ContactId, AddressId, AddressType) 
		VALUES (913, 1218, 2);
INSERT INTO Contact (Id, GivenName, Surname, ContactType, CreatedDate, LastModifiedDate) 
	VALUES (914, 'Justus', 'Craig', 'Customer', '2018-11-18 20:43:43', '2019-02-14 23:23:29');
INSERT INTO [Address] (Id, Street, City, [State], Country, Postcode) 
	VALUES (1219, '306 12th Street East', 'Eromanga', 'Catnerbury', 'New Zealand', '3287');
INSERT INTO ContactAddress (ContactId, AddressId, AddressType) 
	VALUES (914, 1219, 1);
INSERT INTO Contact (Id, GivenName, Surname, ContactType, CreatedDate, LastModifiedDate) 
	VALUES (915, 'Caylee', 'Frye', 'Employee', '2023-09-10 16:56:47', '2023-10-10 05:58:06');
INSERT INTO [Address] (Id, Street, City, [State], Country, Postcode) 
	VALUES (1220, '503 6th Street West', 'Nalangil', 'Nelson', 'New Zealand', '4481');
INSERT INTO ContactAddress (ContactId, AddressId, AddressType) 
	VALUES (915, 1220, 1);
INSERT INTO Contact (Id, GivenName, Surname, ContactType, CreatedDate, LastModifiedDate) 
	VALUES (916, 'Anderson', 'Salas', 'Supplier', '2019-07-29 17:38:37', '2021-04-21 20:34:04');
INSERT INTO [Address] (Id, Street, City, [State], Country, Postcode) 
	VALUES (1221, '722 Willow Lane', 'Burrapine', 'Nelson', 'New Zealand', '4287');
INSERT INTO ContactAddress (ContactId, AddressId, AddressType) 
	VALUES (916, 1221, 1);
INSERT INTO [Address] (Id, Street, City, [State], Country, Postcode) 
		VALUES (1222, '1021 Woodland Road', 'Landsborough', 'Catnerbury', 'New Zealand', '8681');
INSERT INTO ContactAddress (ContactId, AddressId, AddressType) 
		VALUES (916, 1222, 2);
INSERT INTO Contact (Id, GivenName, Surname, ContactType, CreatedDate, LastModifiedDate) 
	VALUES (917, 'Marco', 'Peterson', 'Customer', '2023-01-11 04:27:35', '2023-05-09 21:45:55');
INSERT INTO [Address] (Id, Street, City, [State], Country, Postcode) 
	VALUES (1223, '913 1st Street', 'Warwick', 'Otago', 'New Zealand', '5899');
INSERT INTO ContactAddress (ContactId, AddressId, AddressType) 
	VALUES (917, 1223, 1);
INSERT INTO Contact (Id, GivenName, Surname, ContactType, CreatedDate, LastModifiedDate) 
	VALUES (918, 'Jeffrey', 'House', 'Supplier', '2021-07-15 02:47:15', '2023-07-09 11:10:13');
INSERT INTO [Address] (Id, Street, City, [State], Country, Postcode) 
	VALUES (1224, '1454 Church Street', 'Long Park', 'Northern Territory', 'Australia', '5950');
INSERT INTO ContactAddress (ContactId, AddressId, AddressType) 
	VALUES (918, 1224, 1);
INSERT INTO Contact (Id, GivenName, Surname, ContactType, CreatedDate, LastModifiedDate) 
	VALUES (919, 'Matthias', 'Espinoza', 'Customer', '2021-11-01 20:25:13', '2022-11-24 05:11:16');
INSERT INTO [Address] (Id, Street, City, [State], Country, Postcode) 
	VALUES (1225, '1326 Route 5', 'Ensay', 'New Plymouth', 'New Zealand', '7105');
INSERT INTO ContactAddress (ContactId, AddressId, AddressType) 
	VALUES (919, 1225, 1);
INSERT INTO [Address] (Id, Street, City, [State], Country, Postcode) 
		VALUES (1226, '587 Glenwood Avenue', 'Aireys Inlet', 'Catnerbury', 'New Zealand', '5533');
INSERT INTO ContactAddress (ContactId, AddressId, AddressType) 
		VALUES (919, 1226, 2);
INSERT INTO Contact (Id, GivenName, Surname, ContactType, CreatedDate, LastModifiedDate) 
	VALUES (920, 'Raul', 'Mcdonald', 'Employee', '2020-07-06 07:41:35', '2022-06-09 02:57:25');
INSERT INTO [Address] (Id, Street, City, [State], Country, Postcode) 
	VALUES (1227, '898 Briarwood Court', 'Lilypond', 'Wellington', 'New Zealand', '2982');
INSERT INTO ContactAddress (ContactId, AddressId, AddressType) 
	VALUES (920, 1227, 1);
INSERT INTO Contact (Id, GivenName, Surname, ContactType, CreatedDate, LastModifiedDate) 
	VALUES (921, 'Soren', 'Joseph', 'Customer', '2021-01-27 07:08:39', '2022-09-10 16:03:50');
INSERT INTO [Address] (Id, Street, City, [State], Country, Postcode) 
	VALUES (1228, '1082 Main Street East', 'Lilypond', 'Nelson', 'New Zealand', '3403');
INSERT INTO ContactAddress (ContactId, AddressId, AddressType) 
	VALUES (921, 1228, 1);
INSERT INTO Contact (Id, GivenName, Surname, ContactType, CreatedDate, LastModifiedDate) 
	VALUES (922, 'Ari', 'Mcintyre', 'Customer', '2021-05-20 23:18:49', '2022-12-29 19:03:57');
INSERT INTO [Address] (Id, Street, City, [State], Country, Postcode) 
	VALUES (1229, '258 Beech Street', 'Caboolture', 'Catnerbury', 'New Zealand', '6701');
INSERT INTO ContactAddress (ContactId, AddressId, AddressType) 
	VALUES (922, 1229, 1);
INSERT INTO [Address] (Id, Street, City, [State], Country, Postcode) 
		VALUES (1230, '1401 Division Street', 'Stokers Siding', 'Otago', 'New Zealand', '8613');
INSERT INTO ContactAddress (ContactId, AddressId, AddressType) 
		VALUES (922, 1230, 2);
INSERT INTO Contact (Id, GivenName, Surname, ContactType, CreatedDate, LastModifiedDate) 
	VALUES (923, 'Kristin', 'Holder', 'Customer', '2019-07-07 04:04:32', '2021-06-10 22:34:32');
INSERT INTO [Address] (Id, Street, City, [State], Country, Postcode) 
	VALUES (1231, '609 Linden Avenue', 'Pelican', 'Nelson', 'New Zealand', '7958');
INSERT INTO ContactAddress (ContactId, AddressId, AddressType) 
	VALUES (923, 1231, 1);
INSERT INTO Contact (Id, GivenName, Surname, ContactType, CreatedDate, LastModifiedDate) 
	VALUES (924, 'Nathen', 'Wyatt', 'Customer', '2023-07-19 03:38:11', '2023-12-20 05:47:50');
INSERT INTO [Address] (Id, Street, City, [State], Country, Postcode) 
	VALUES (1232, '1281 Winding Way', 'Egerton', 'Catnerbury', 'New Zealand', '7186');
INSERT INTO ContactAddress (ContactId, AddressId, AddressType) 
	VALUES (924, 1232, 1);
INSERT INTO Contact (Id, GivenName, Surname, ContactType, CreatedDate, LastModifiedDate) 
	VALUES (925, 'Jaylah', 'Knapp', 'Customer', '2018-11-21 09:36:31', '2021-09-30 06:27:51');
INSERT INTO [Address] (Id, Street, City, [State], Country, Postcode) 
	VALUES (1233, '1735 Arlington Avenue', 'Popanyinning', 'New Plymouth', 'New Zealand', '8602');
INSERT INTO ContactAddress (ContactId, AddressId, AddressType) 
	VALUES (925, 1233, 1);
INSERT INTO [Address] (Id, Street, City, [State], Country, Postcode) 
		VALUES (1234, '1492 Hilltop Road', 'Devon Meadows', 'Otago', 'New Zealand', '1536');
INSERT INTO ContactAddress (ContactId, AddressId, AddressType) 
		VALUES (925, 1234, 2);
INSERT INTO Contact (Id, GivenName, Surname, ContactType, CreatedDate, LastModifiedDate) 
	VALUES (926, 'Davis', 'Bond', 'Customer', '2018-11-09 20:53:54', '2023-02-07 23:00:23');
INSERT INTO [Address] (Id, Street, City, [State], Country, Postcode) 
	VALUES (1235, '861 Beech Street', 'Erina East', 'Nelson', 'New Zealand', '5294');
INSERT INTO ContactAddress (ContactId, AddressId, AddressType) 
	VALUES (926, 1235, 1);
INSERT INTO Contact (Id, GivenName, Surname, ContactType, CreatedDate, LastModifiedDate) 
	VALUES (927, 'Esther', 'Barnett', 'Customer', '2018-08-22 15:07:54', '2022-05-26 09:19:17');
INSERT INTO [Address] (Id, Street, City, [State], Country, Postcode) 
	VALUES (1236, '1906 Clinton Street', 'Angustown', 'Aukland', 'New Zealand', '2396');
INSERT INTO ContactAddress (ContactId, AddressId, AddressType) 
	VALUES (927, 1236, 1);
INSERT INTO Contact (Id, GivenName, Surname, ContactType, CreatedDate, LastModifiedDate) 
	VALUES (928, 'Elise', 'Barton', 'Supplier', '2021-10-20 10:16:24', '2021-11-04 22:11:44');
INSERT INTO [Address] (Id, Street, City, [State], Country, Postcode) 
	VALUES (1237, '76 Hamilton Street', 'Waanyarra Rush', 'Wellington', 'New Zealand', '3496');
INSERT INTO ContactAddress (ContactId, AddressId, AddressType) 
	VALUES (928, 1237, 1);
INSERT INTO [Address] (Id, Street, City, [State], Country, Postcode) 
		VALUES (1238, '1175 Elm Avenue', 'Apsley', 'Wellington', 'New Zealand', '7968');
INSERT INTO ContactAddress (ContactId, AddressId, AddressType) 
		VALUES (928, 1238, 2);
INSERT INTO Contact (Id, GivenName, Surname, ContactType, CreatedDate, LastModifiedDate) 
	VALUES (929, 'Kayden', 'Parrish', 'Employee', '2021-10-01 18:15:39', '2023-09-20 05:13:21');
INSERT INTO [Address] (Id, Street, City, [State], Country, Postcode) 
	VALUES (1239, '576 Hillcrest Avenue', 'Tweed Heads', 'Wellington', 'New Zealand', '7959');
INSERT INTO ContactAddress (ContactId, AddressId, AddressType) 
	VALUES (929, 1239, 1);
INSERT INTO Contact (Id, GivenName, Surname, ContactType, CreatedDate, LastModifiedDate) 
	VALUES (930, 'Adeline', 'Reid', 'Customer', '2020-10-08 06:49:48', '2023-02-01 13:52:30');
INSERT INTO [Address] (Id, Street, City, [State], Country, Postcode) 
	VALUES (1240, '1225 South Street', 'Luddenham', 'Aukland', 'New Zealand', '5565');
INSERT INTO ContactAddress (ContactId, AddressId, AddressType) 
	VALUES (930, 1240, 1);
INSERT INTO Contact (Id, GivenName, Surname, ContactType, CreatedDate, LastModifiedDate) 
	VALUES (931, 'Maribel', 'Oliver', 'Supplier', '2019-09-14 19:24:06', '2020-04-21 07:54:19');
INSERT INTO [Address] (Id, Street, City, [State], Country, Postcode) 
	VALUES (1241, '306 Lexington Court', 'San Remo', 'Catnerbury', 'New Zealand', '2638');
INSERT INTO ContactAddress (ContactId, AddressId, AddressType) 
	VALUES (931, 1241, 1);
INSERT INTO [Address] (Id, Street, City, [State], Country, Postcode) 
		VALUES (1242, '358 Ashley Court', 'Yurammie', 'Nelson', 'New Zealand', '5730');
INSERT INTO ContactAddress (ContactId, AddressId, AddressType) 
		VALUES (931, 1242, 2);
INSERT INTO Contact (Id, GivenName, Surname, ContactType, CreatedDate, LastModifiedDate) 
	VALUES (932, 'Emilee', 'Aguilar', 'Customer', '2023-04-28 15:20:42', '2023-07-28 11:58:05');
INSERT INTO [Address] (Id, Street, City, [State], Country, Postcode) 
	VALUES (1243, '1485 7th Street', 'Airlie Beach', 'Nelson', 'New Zealand', '3997');
INSERT INTO ContactAddress (ContactId, AddressId, AddressType) 
	VALUES (932, 1243, 1);
INSERT INTO Contact (Id, GivenName, Surname, ContactType, CreatedDate, LastModifiedDate) 
	VALUES (933, 'Chaz', 'Melton', 'Employee', '2021-09-05 19:15:23', '2023-09-07 04:26:22');
INSERT INTO [Address] (Id, Street, City, [State], Country, Postcode) 
	VALUES (1244, '1453 Cobblestone Court', 'Mount Remarkable', 'Wellington', 'New Zealand', '7708');
INSERT INTO ContactAddress (ContactId, AddressId, AddressType) 
	VALUES (933, 1244, 1);
INSERT INTO Contact (Id, GivenName, Surname, ContactType, CreatedDate, LastModifiedDate) 
	VALUES (934, 'Raiden', 'Rubio', 'Customer', '2019-11-07 18:18:49', '2023-10-04 20:18:08');
INSERT INTO [Address] (Id, Street, City, [State], Country, Postcode) 
	VALUES (1245, '1008 Evergreen Drive', 'Ridgley', 'Nelson', 'New Zealand', '1466');
INSERT INTO ContactAddress (ContactId, AddressId, AddressType) 
	VALUES (934, 1245, 1);
INSERT INTO [Address] (Id, Street, City, [State], Country, Postcode) 
		VALUES (1246, '1133 Front Street North', 'Moogara', 'Otago', 'New Zealand', '7861');
INSERT INTO ContactAddress (ContactId, AddressId, AddressType) 
		VALUES (934, 1246, 2);
INSERT INTO Contact (Id, GivenName, Surname, ContactType, CreatedDate, LastModifiedDate) 
	VALUES (935, 'Lyla', 'Barker', 'Customer', '2022-11-12 17:14:26', '2023-06-09 08:59:24');
INSERT INTO [Address] (Id, Street, City, [State], Country, Postcode) 
	VALUES (1247, '161 Bay Street', 'Victoria Point', 'Aukland', 'New Zealand', '7110');
INSERT INTO ContactAddress (ContactId, AddressId, AddressType) 
	VALUES (935, 1247, 1);
INSERT INTO Contact (Id, GivenName, Surname, ContactType, CreatedDate, LastModifiedDate) 
	VALUES (936, 'Juliet', 'Skinner', 'Employee', '2018-11-24 06:13:24', '2021-05-01 16:27:41');
INSERT INTO [Address] (Id, Street, City, [State], Country, Postcode) 
	VALUES (1248, '1074 Sycamore Street', 'Salt Ash', 'Nelson', 'New Zealand', '3149');
INSERT INTO ContactAddress (ContactId, AddressId, AddressType) 
	VALUES (936, 1248, 1);
INSERT INTO Contact (Id, GivenName, Surname, ContactType, CreatedDate, LastModifiedDate) 
	VALUES (937, 'Jamie', 'Fleming', 'Customer', '2023-11-22 04:57:30', '2023-12-04 19:24:59');
INSERT INTO [Address] (Id, Street, City, [State], Country, Postcode) 
	VALUES (1249, '1351 Lincoln Street', 'Goldspie', 'Nelson', 'New Zealand', '3600');
INSERT INTO ContactAddress (ContactId, AddressId, AddressType) 
	VALUES (937, 1249, 1);
INSERT INTO [Address] (Id, Street, City, [State], Country, Postcode) 
		VALUES (1250, '1749 Sherwood Drive', 'Killara', 'Aukland', 'New Zealand', '4493');
INSERT INTO ContactAddress (ContactId, AddressId, AddressType) 
		VALUES (937, 1250, 2);
INSERT INTO Contact (Id, GivenName, Surname, ContactType, CreatedDate, LastModifiedDate) 
	VALUES (938, 'Keira', 'Buckley', 'Customer', '2022-04-22 10:02:57', '2022-10-01 09:04:51');
INSERT INTO [Address] (Id, Street, City, [State], Country, Postcode) 
	VALUES (1251, '917 Inverness Drive', 'Eton', 'Wellington', 'New Zealand', '5896');
INSERT INTO ContactAddress (ContactId, AddressId, AddressType) 
	VALUES (938, 1251, 1);
INSERT INTO Contact (Id, GivenName, Surname, ContactType, CreatedDate, LastModifiedDate) 
	VALUES (939, 'Slade', 'Santos', 'Supplier', '2020-01-21 20:21:05', '2020-11-01 12:59:56');
INSERT INTO [Address] (Id, Street, City, [State], Country, Postcode) 
	VALUES (1252, '413 3rd Street North', 'Caboolture', 'Wellington', 'New Zealand', '6460');
INSERT INTO ContactAddress (ContactId, AddressId, AddressType) 
	VALUES (939, 1252, 1);
INSERT INTO Contact (Id, GivenName, Surname, ContactType, CreatedDate, LastModifiedDate) 
	VALUES (940, 'Desiree', 'Evans', 'Customer', '2023-05-20 07:06:37', '2023-10-22 15:07:06');
INSERT INTO [Address] (Id, Street, City, [State], Country, Postcode) 
	VALUES (1253, '316 Evergreen Lane', 'Coombell', 'Catnerbury', 'New Zealand', '4982');
INSERT INTO ContactAddress (ContactId, AddressId, AddressType) 
	VALUES (940, 1253, 1);
INSERT INTO [Address] (Id, Street, City, [State], Country, Postcode) 
		VALUES (1254, '1459 Fawn Lane', 'Mount McIntyre', 'Aukland', 'New Zealand', '2628');
INSERT INTO ContactAddress (ContactId, AddressId, AddressType) 
		VALUES (940, 1254, 2);
INSERT INTO Contact (Id, GivenName, Surname, ContactType, CreatedDate, LastModifiedDate) 
	VALUES (941, 'Maddison', 'Carey', 'Supplier', '2022-04-12 00:11:25', '2022-07-11 10:19:41');
INSERT INTO [Address] (Id, Street, City, [State], Country, Postcode) 
	VALUES (1255, '144 Park Street', 'Baladjie', 'Nelson', 'New Zealand', '6105');
INSERT INTO ContactAddress (ContactId, AddressId, AddressType) 
	VALUES (941, 1255, 1);
INSERT INTO Contact (Id, GivenName, Surname, ContactType, CreatedDate, LastModifiedDate) 
	VALUES (942, 'Julie', 'Newman', 'Customer', '2022-10-11 18:15:50', '2023-04-17 14:09:53');
INSERT INTO [Address] (Id, Street, City, [State], Country, Postcode) 
	VALUES (1256, '32 Willow Lane', 'Mount Dalrymple', 'New Plymouth', 'New Zealand', '8440');
INSERT INTO ContactAddress (ContactId, AddressId, AddressType) 
	VALUES (942, 1256, 1);
INSERT INTO Contact (Id, GivenName, Surname, ContactType, CreatedDate, LastModifiedDate) 
	VALUES (943, 'Jesus', 'Greene', 'Customer', '2019-04-28 09:49:11', '2019-04-29 17:12:54');
INSERT INTO [Address] (Id, Street, City, [State], Country, Postcode) 
	VALUES (1257, '982 Sycamore Street', 'Crab Tree Station', 'Aukland', 'New Zealand', '2870');
INSERT INTO ContactAddress (ContactId, AddressId, AddressType) 
	VALUES (943, 1257, 1);
INSERT INTO [Address] (Id, Street, City, [State], Country, Postcode) 
		VALUES (1258, '1542 Willow Drive', 'Widgeland', 'Catnerbury', 'New Zealand', '6681');
INSERT INTO ContactAddress (ContactId, AddressId, AddressType) 
		VALUES (943, 1258, 2);
INSERT INTO Contact (Id, GivenName, Surname, ContactType, CreatedDate, LastModifiedDate) 
	VALUES (944, 'Ansley', 'Graham', 'Supplier', '2019-03-12 15:14:30', '2022-04-11 07:52:16');
INSERT INTO [Address] (Id, Street, City, [State], Country, Postcode) 
	VALUES (1259, '996 Forest Drive', 'Beechmont', 'Otago', 'New Zealand', '5242');
INSERT INTO ContactAddress (ContactId, AddressId, AddressType) 
	VALUES (944, 1259, 1);
INSERT INTO Contact (Id, GivenName, Surname, ContactType, CreatedDate, LastModifiedDate) 
	VALUES (945, 'Micheal', 'Lutz', 'Employee', '2022-11-22 05:01:50', '2022-11-26 08:29:20');
INSERT INTO [Address] (Id, Street, City, [State], Country, Postcode) 
	VALUES (1260, '360 Cherry Street', 'Munghorn', 'New South Wales', 'Australia', '5640');
INSERT INTO ContactAddress (ContactId, AddressId, AddressType) 
	VALUES (945, 1260, 1);
INSERT INTO Contact (Id, GivenName, Surname, ContactType, CreatedDate, LastModifiedDate) 
	VALUES (946, 'Reuben', 'Bean', 'Customer', '2022-01-31 01:06:59', '2023-03-24 15:11:49');
INSERT INTO [Address] (Id, Street, City, [State], Country, Postcode) 
	VALUES (1261, '552 Beechwood Drive', 'Charlestown', 'Catnerbury', 'New Zealand', '1802');
INSERT INTO ContactAddress (ContactId, AddressId, AddressType) 
	VALUES (946, 1261, 1);
INSERT INTO [Address] (Id, Street, City, [State], Country, Postcode) 
		VALUES (1262, '588 West Avenue', 'Willangie', 'Catnerbury', 'New Zealand', '7781');
INSERT INTO ContactAddress (ContactId, AddressId, AddressType) 
		VALUES (946, 1262, 2);
INSERT INTO Contact (Id, GivenName, Surname, ContactType, CreatedDate, LastModifiedDate) 
	VALUES (947, 'Steve', 'Cowan', 'Customer', '2019-04-04 04:49:45', '2022-08-17 01:45:23');
INSERT INTO [Address] (Id, Street, City, [State], Country, Postcode) 
	VALUES (1263, '386 Cross Street', 'Barongarook', 'Nelson', 'New Zealand', '7354');
INSERT INTO ContactAddress (ContactId, AddressId, AddressType) 
	VALUES (947, 1263, 1);
INSERT INTO Contact (Id, GivenName, Surname, ContactType, CreatedDate, LastModifiedDate) 
	VALUES (948, 'Billy', 'Hopkins', 'Customer', '2021-01-02 18:56:42', '2021-09-17 11:56:59');
INSERT INTO [Address] (Id, Street, City, [State], Country, Postcode) 
	VALUES (1264, '179 Spruce Street', 'Riverhills', 'Catnerbury', 'New Zealand', '1495');
INSERT INTO ContactAddress (ContactId, AddressId, AddressType) 
	VALUES (948, 1264, 1);
INSERT INTO Contact (Id, GivenName, Surname, ContactType, CreatedDate, LastModifiedDate) 
	VALUES (949, 'Jovany', 'Sawyer', 'Customer', '2021-12-24 09:01:01', '2023-04-27 11:52:56');
INSERT INTO [Address] (Id, Street, City, [State], Country, Postcode) 
	VALUES (1265, '1150 Hickory Lane', 'Weldborough', 'Aukland', 'New Zealand', '3648');
INSERT INTO ContactAddress (ContactId, AddressId, AddressType) 
	VALUES (949, 1265, 1);
INSERT INTO [Address] (Id, Street, City, [State], Country, Postcode) 
		VALUES (1266, '363 Andover Court', 'Weatherboard', 'Catnerbury', 'New Zealand', '2771');
INSERT INTO ContactAddress (ContactId, AddressId, AddressType) 
		VALUES (949, 1266, 2);
INSERT INTO Contact (Id, GivenName, Surname, ContactType, CreatedDate, LastModifiedDate) 
	VALUES (950, 'Carmelo', 'Singh', 'Customer', '2022-02-22 09:02:18', '2022-06-12 07:23:08');
INSERT INTO [Address] (Id, Street, City, [State], Country, Postcode) 
	VALUES (1267, '1322 Wood Street', 'North Queenstown', 'New Plymouth', 'New Zealand', '6527');
INSERT INTO ContactAddress (ContactId, AddressId, AddressType) 
	VALUES (950, 1267, 1);
INSERT INTO Contact (Id, GivenName, Surname, ContactType, CreatedDate, LastModifiedDate) 
	VALUES (951, 'Barbara', 'Odonnell', 'Supplier', '2019-04-18 20:33:40', '2022-09-27 19:11:11');
INSERT INTO [Address] (Id, Street, City, [State], Country, Postcode) 
	VALUES (1268, '1956 3rd Street North', 'Warraderry', 'Aukland', 'New Zealand', '4810');
INSERT INTO ContactAddress (ContactId, AddressId, AddressType) 
	VALUES (951, 1268, 1);
INSERT INTO Contact (Id, GivenName, Surname, ContactType, CreatedDate, LastModifiedDate) 
	VALUES (952, 'Marlee', 'Valenzuela', 'Customer', '2021-12-11 12:59:37', '2023-11-08 03:15:56');
INSERT INTO [Address] (Id, Street, City, [State], Country, Postcode) 
	VALUES (1269, '1376 Depot Street', 'Parnaroo', 'Aukland', 'New Zealand', '8987');
INSERT INTO ContactAddress (ContactId, AddressId, AddressType) 
	VALUES (952, 1269, 1);
INSERT INTO [Address] (Id, Street, City, [State], Country, Postcode) 
		VALUES (1270, '1181 Cambridge Court', 'Coreen', 'New Plymouth', 'New Zealand', '5193');
INSERT INTO ContactAddress (ContactId, AddressId, AddressType) 
		VALUES (952, 1270, 2);
INSERT INTO Contact (Id, GivenName, Surname, ContactType, CreatedDate, LastModifiedDate) 
	VALUES (953, 'Lola', 'Freeman', 'Customer', '2021-08-25 10:33:32', '2023-12-19 11:56:09');
INSERT INTO [Address] (Id, Street, City, [State], Country, Postcode) 
	VALUES (1271, '1878 Broad Street West', 'Eight Mile Plains', 'Otago', 'New Zealand', '8345');
INSERT INTO ContactAddress (ContactId, AddressId, AddressType) 
	VALUES (953, 1271, 1);
INSERT INTO Contact (Id, GivenName, Surname, ContactType, CreatedDate, LastModifiedDate) 
	VALUES (954, 'Genevieve', 'Olson', 'Customer', '2023-03-27 02:10:33', '2023-04-03 22:59:48');
INSERT INTO [Address] (Id, Street, City, [State], Country, Postcode) 
	VALUES (1272, '16 Route 5', 'Mount Dalrymple', 'New Plymouth', 'New Zealand', '6777');
INSERT INTO ContactAddress (ContactId, AddressId, AddressType) 
	VALUES (954, 1272, 1);
INSERT INTO Contact (Id, GivenName, Surname, ContactType, CreatedDate, LastModifiedDate) 
	VALUES (955, 'Ross', 'Villarreal', 'Customer', '2018-10-26 01:28:32', '2023-10-15 06:14:06');
INSERT INTO [Address] (Id, Street, City, [State], Country, Postcode) 
	VALUES (1273, '285 Chestnut Avenue', 'Dale Bridge', 'Otago', 'New Zealand', '7596');
INSERT INTO ContactAddress (ContactId, AddressId, AddressType) 
	VALUES (955, 1273, 1);
INSERT INTO [Address] (Id, Street, City, [State], Country, Postcode) 
		VALUES (1274, '1655 Hamilton Street', 'Leafgold', 'Wellington', 'New Zealand', '2110');
INSERT INTO ContactAddress (ContactId, AddressId, AddressType) 
		VALUES (955, 1274, 2);
INSERT INTO Contact (Id, GivenName, Surname, ContactType, CreatedDate, LastModifiedDate) 
	VALUES (956, 'Grace', 'Schroeder', 'Employee', '2019-04-28 09:53:11', '2020-08-01 03:04:37');
INSERT INTO [Address] (Id, Street, City, [State], Country, Postcode) 
	VALUES (1275, '1728 Bank Street', 'Ellalong', 'Wellington', 'New Zealand', '1434');
INSERT INTO ContactAddress (ContactId, AddressId, AddressType) 
	VALUES (956, 1275, 1);
INSERT INTO Contact (Id, GivenName, Surname, ContactType, CreatedDate, LastModifiedDate) 
	VALUES (957, 'Annalise', 'Mahoney', 'Customer', '2022-05-04 12:51:18', '2023-03-05 04:15:21');
INSERT INTO [Address] (Id, Street, City, [State], Country, Postcode) 
	VALUES (1276, '1169 Route 4', 'Port Keats', 'Catnerbury', 'New Zealand', '6767');
INSERT INTO ContactAddress (ContactId, AddressId, AddressType) 
	VALUES (957, 1276, 1);
INSERT INTO Contact (Id, GivenName, Surname, ContactType, CreatedDate, LastModifiedDate) 
	VALUES (958, 'Jude', 'Huynh', 'Supplier', '2020-07-26 04:26:36', '2023-05-10 20:50:09');
INSERT INTO [Address] (Id, Street, City, [State], Country, Postcode) 
	VALUES (1277, '1531 Franklin Court', 'Berendale', 'New Plymouth', 'New Zealand', '5693');
INSERT INTO ContactAddress (ContactId, AddressId, AddressType) 
	VALUES (958, 1277, 1);
INSERT INTO [Address] (Id, Street, City, [State], Country, Postcode) 
		VALUES (1278, '1849 Summit Avenue', 'Woolwick', 'Catnerbury', 'New Zealand', '3314');
INSERT INTO ContactAddress (ContactId, AddressId, AddressType) 
		VALUES (958, 1278, 2);
INSERT INTO Contact (Id, GivenName, Surname, ContactType, CreatedDate, LastModifiedDate) 
	VALUES (959, 'Kassidy', 'Dickerson', 'Customer', '2020-01-23 01:40:30', '2021-10-06 10:58:50');
INSERT INTO [Address] (Id, Street, City, [State], Country, Postcode) 
	VALUES (1279, '869 Lexington Court', 'Backmede', 'Aukland', 'New Zealand', '2825');
INSERT INTO ContactAddress (ContactId, AddressId, AddressType) 
	VALUES (959, 1279, 1);
INSERT INTO Contact (Id, GivenName, Surname, ContactType, CreatedDate, LastModifiedDate) 
	VALUES (960, 'Dorian', 'Mayer', 'Customer', '2021-01-25 00:47:27', '2023-03-03 11:29:23');
INSERT INTO [Address] (Id, Street, City, [State], Country, Postcode) 
	VALUES (1280, '1023 West Street', 'Hodgson', 'Nelson', 'New Zealand', '5585');
INSERT INTO ContactAddress (ContactId, AddressId, AddressType) 
	VALUES (960, 1280, 1);
INSERT INTO Contact (Id, GivenName, Surname, ContactType, CreatedDate, LastModifiedDate) 
	VALUES (961, 'Brett', 'Simon', 'Employee', '2023-12-10 09:18:08', '2024-01-21 06:20:30');
INSERT INTO [Address] (Id, Street, City, [State], Country, Postcode) 
	VALUES (1281, '1349 George Street', 'Mylor', 'Otago', 'New Zealand', '3945');
INSERT INTO ContactAddress (ContactId, AddressId, AddressType) 
	VALUES (961, 1281, 1);
INSERT INTO [Address] (Id, Street, City, [State], Country, Postcode) 
		VALUES (1282, '341 Primrose Lane', 'Pullen Vale', 'Catnerbury', 'New Zealand', '3153');
INSERT INTO ContactAddress (ContactId, AddressId, AddressType) 
		VALUES (961, 1282, 2);
INSERT INTO Contact (Id, GivenName, Surname, ContactType, CreatedDate, LastModifiedDate) 
	VALUES (962, 'Stephany', 'Cowan', 'Customer', '2019-11-01 06:36:59', '2023-09-18 08:54:12');
INSERT INTO [Address] (Id, Street, City, [State], Country, Postcode) 
	VALUES (1283, '1659 Center Street', 'Yelgun', 'Catnerbury', 'New Zealand', '5770');
INSERT INTO ContactAddress (ContactId, AddressId, AddressType) 
	VALUES (962, 1283, 1);
INSERT INTO Contact (Id, GivenName, Surname, ContactType, CreatedDate, LastModifiedDate) 
	VALUES (963, 'Carlie', 'Joyce', 'Customer', '2019-06-16 10:03:49', '2019-12-18 06:52:36');
INSERT INTO [Address] (Id, Street, City, [State], Country, Postcode) 
	VALUES (1284, '1488 Lexington Court', 'Finley', 'Wellington', 'New Zealand', '4412');
INSERT INTO ContactAddress (ContactId, AddressId, AddressType) 
	VALUES (963, 1284, 1);
INSERT INTO Contact (Id, GivenName, Surname, ContactType, CreatedDate, LastModifiedDate) 
	VALUES (964, 'Diya', 'Horton', 'Customer', '2022-12-16 23:23:50', '2023-09-14 10:13:15');
INSERT INTO [Address] (Id, Street, City, [State], Country, Postcode) 
	VALUES (1285, '762 Beech Street', 'Kingstown', 'Wellington', 'New Zealand', '3265');
INSERT INTO ContactAddress (ContactId, AddressId, AddressType) 
	VALUES (964, 1285, 1);
INSERT INTO [Address] (Id, Street, City, [State], Country, Postcode) 
		VALUES (1286, '1404 3rd Street West', 'Bendoc', 'Aukland', 'New Zealand', '7219');
INSERT INTO ContactAddress (ContactId, AddressId, AddressType) 
		VALUES (964, 1286, 2);
INSERT INTO Contact (Id, GivenName, Surname, ContactType, CreatedDate, LastModifiedDate) 
	VALUES (965, 'Mina', 'Sheppard', 'Customer', '2023-08-22 16:49:20', '2024-01-24 00:33:15');
INSERT INTO [Address] (Id, Street, City, [State], Country, Postcode) 
	VALUES (1287, '226 John Street', 'Tantawanglo', 'Wellington', 'New Zealand', '1223');
INSERT INTO ContactAddress (ContactId, AddressId, AddressType) 
	VALUES (965, 1287, 1);
INSERT INTO Contact (Id, GivenName, Surname, ContactType, CreatedDate, LastModifiedDate) 
	VALUES (966, 'Jessie', 'Harding', 'Supplier', '2022-01-08 00:17:42', '2022-10-05 23:59:24');
INSERT INTO [Address] (Id, Street, City, [State], Country, Postcode) 
	VALUES (1288, '1843 Hillside Drive', 'Old Bar', 'Wellington', 'New Zealand', '7571');
INSERT INTO ContactAddress (ContactId, AddressId, AddressType) 
	VALUES (966, 1288, 1);
INSERT INTO Contact (Id, GivenName, Surname, ContactType, CreatedDate, LastModifiedDate) 
	VALUES (967, 'Valerie', 'Gardner', 'Other', '2023-07-09 18:26:16', '2023-11-22 00:56:53');
INSERT INTO [Address] (Id, Street, City, [State], Country, Postcode) 
	VALUES (1289, '572 Summit Street', 'Juradine', 'Wellington', 'New Zealand', '2141');
INSERT INTO ContactAddress (ContactId, AddressId, AddressType) 
	VALUES (967, 1289, 1);
INSERT INTO [Address] (Id, Street, City, [State], Country, Postcode) 
		VALUES (1290, '1304 4th Street', 'Wharparilla North', 'New Plymouth', 'New Zealand', '3142');
INSERT INTO ContactAddress (ContactId, AddressId, AddressType) 
		VALUES (967, 1290, 2);
INSERT INTO Contact (Id, GivenName, Surname, ContactType, CreatedDate, LastModifiedDate) 
	VALUES (968, 'Carson', 'Stokes', 'Customer', '2023-02-23 04:00:32', '2023-10-11 04:38:39');
INSERT INTO [Address] (Id, Street, City, [State], Country, Postcode) 
	VALUES (1291, '232 Park Avenue', 'Rossmoya', 'New Plymouth', 'New Zealand', '2745');
INSERT INTO ContactAddress (ContactId, AddressId, AddressType) 
	VALUES (968, 1291, 1);
INSERT INTO Contact (Id, GivenName, Surname, ContactType, CreatedDate, LastModifiedDate) 
	VALUES (969, 'Mariana', 'Fernandez', 'Customer', '2024-01-05 01:45:55', '2024-01-15 23:26:14');
INSERT INTO [Address] (Id, Street, City, [State], Country, Postcode) 
	VALUES (1292, '1729 Euclid Avenue', 'Rockton', 'Catnerbury', 'New Zealand', '1350');
INSERT INTO ContactAddress (ContactId, AddressId, AddressType) 
	VALUES (969, 1292, 1);
INSERT INTO Contact (Id, GivenName, Surname, ContactType, CreatedDate, LastModifiedDate) 
	VALUES (970, 'Aiyana', 'Morrison', 'Customer', '2022-12-08 17:09:59', '2023-02-24 22:21:28');
INSERT INTO [Address] (Id, Street, City, [State], Country, Postcode) 
	VALUES (1293, '1057 Hillcrest Avenue', 'Burabadji', 'Nelson', 'New Zealand', '5321');
INSERT INTO ContactAddress (ContactId, AddressId, AddressType) 
	VALUES (970, 1293, 1);
INSERT INTO [Address] (Id, Street, City, [State], Country, Postcode) 
		VALUES (1294, '984 Cedar Avenue', 'Brandy Bottom', 'Northern Territory', 'Australia', '2858');
INSERT INTO ContactAddress (ContactId, AddressId, AddressType) 
		VALUES (970, 1294, 2);
INSERT INTO Contact (Id, GivenName, Surname, ContactType, CreatedDate, LastModifiedDate) 
	VALUES (971, 'Kamari', 'Stanley', 'Supplier', '2020-02-01 06:12:20', '2022-09-20 18:27:02');
INSERT INTO [Address] (Id, Street, City, [State], Country, Postcode) 
	VALUES (1295, '42 Bayberry Drive', 'Allambee', 'Aukland', 'New Zealand', '6934');
INSERT INTO ContactAddress (ContactId, AddressId, AddressType) 
	VALUES (971, 1295, 1);
INSERT INTO Contact (Id, GivenName, Surname, ContactType, CreatedDate, LastModifiedDate) 
	VALUES (972, 'Madelynn', 'Mosley', 'Employee', '2019-07-14 20:15:50', '2019-08-20 08:55:42');
INSERT INTO [Address] (Id, Street, City, [State], Country, Postcode) 
	VALUES (1296, '1418 Prospect Street', 'Brownlow', 'Western Australia', 'Australia', '1233');
INSERT INTO ContactAddress (ContactId, AddressId, AddressType) 
	VALUES (972, 1296, 1);
INSERT INTO Contact (Id, GivenName, Surname, ContactType, CreatedDate, LastModifiedDate) 
	VALUES (973, 'Amari', 'Whitaker', 'Supplier', '2023-01-31 10:29:20', '2023-03-07 01:06:49');
INSERT INTO [Address] (Id, Street, City, [State], Country, Postcode) 
	VALUES (1297, '49 Lincoln Street', 'Old Erowal Bay', 'Aukland', 'New Zealand', '8836');
INSERT INTO ContactAddress (ContactId, AddressId, AddressType) 
	VALUES (973, 1297, 1);
INSERT INTO [Address] (Id, Street, City, [State], Country, Postcode) 
		VALUES (1298, '1684 Arlington Avenue', 'Thornton', 'Otago', 'New Zealand', '6718');
INSERT INTO ContactAddress (ContactId, AddressId, AddressType) 
		VALUES (973, 1298, 2);
INSERT INTO Contact (Id, GivenName, Surname, ContactType, CreatedDate, LastModifiedDate) 
	VALUES (974, 'Franco', 'Curtis', 'Customer', '2022-08-31 05:21:21', '2023-02-20 00:08:29');
INSERT INTO [Address] (Id, Street, City, [State], Country, Postcode) 
	VALUES (1299, '1604 Orchard Avenue', 'Morbinning', 'New Plymouth', 'New Zealand', '4363');
INSERT INTO ContactAddress (ContactId, AddressId, AddressType) 
	VALUES (974, 1299, 1);
INSERT INTO Contact (Id, GivenName, Surname, ContactType, CreatedDate, LastModifiedDate) 
	VALUES (975, 'Houston', 'Matthews', 'Customer', '2022-12-18 08:50:07', '2024-01-24 06:11:05');
INSERT INTO [Address] (Id, Street, City, [State], Country, Postcode) 
	VALUES (1300, '693 Hickory Street', 'Warkton', 'Aukland', 'New Zealand', '2023');
INSERT INTO ContactAddress (ContactId, AddressId, AddressType) 
	VALUES (975, 1300, 1);
INSERT INTO Contact (Id, GivenName, Surname, ContactType, CreatedDate, LastModifiedDate) 
	VALUES (976, 'Raphael', 'Kelly', 'Supplier', '2023-02-10 01:34:37', '2023-03-01 20:19:03');
INSERT INTO [Address] (Id, Street, City, [State], Country, Postcode) 
	VALUES (1301, '395 Evergreen Lane', 'Brandy Bottom', 'Wellington', 'New Zealand', '2778');
INSERT INTO ContactAddress (ContactId, AddressId, AddressType) 
	VALUES (976, 1301, 1);
INSERT INTO [Address] (Id, Street, City, [State], Country, Postcode) 
		VALUES (1302, '1940 Madison Street', 'Weldborough', 'New Plymouth', 'New Zealand', '6115');
INSERT INTO ContactAddress (ContactId, AddressId, AddressType) 
		VALUES (976, 1302, 2);
INSERT INTO Contact (Id, GivenName, Surname, ContactType, CreatedDate, LastModifiedDate) 
	VALUES (977, 'Brock', 'Mendez', 'Customer', '2022-04-01 15:33:59', '2023-09-09 03:42:56');
INSERT INTO [Address] (Id, Street, City, [State], Country, Postcode) 
	VALUES (1303, '1640 Locust Lane', 'Miakite', 'Catnerbury', 'New Zealand', '7982');
INSERT INTO ContactAddress (ContactId, AddressId, AddressType) 
	VALUES (977, 1303, 1);
INSERT INTO Contact (Id, GivenName, Surname, ContactType, CreatedDate, LastModifiedDate) 
	VALUES (978, 'Tobias', 'Nguyen', 'Customer', '2023-12-09 00:05:28', '2024-01-04 10:10:23');
INSERT INTO [Address] (Id, Street, City, [State], Country, Postcode) 
	VALUES (1304, '199 Dogwood Drive', 'Barringun', 'Otago', 'New Zealand', '5826');
INSERT INTO ContactAddress (ContactId, AddressId, AddressType) 
	VALUES (978, 1304, 1);
INSERT INTO Contact (Id, GivenName, Surname, ContactType, CreatedDate, LastModifiedDate) 
	VALUES (979, 'Maximus', 'Weaver', 'Customer', '2020-05-03 23:05:06', '2021-06-28 08:52:18');
INSERT INTO [Address] (Id, Street, City, [State], Country, Postcode) 
	VALUES (1305, '1886 Oak Avenue', 'Allambee', 'Otago', 'New Zealand', '6358');
INSERT INTO ContactAddress (ContactId, AddressId, AddressType) 
	VALUES (979, 1305, 1);
INSERT INTO [Address] (Id, Street, City, [State], Country, Postcode) 
		VALUES (1306, '1585 Evergreen Drive', 'Kaoota', 'New Plymouth', 'New Zealand', '7216');
INSERT INTO ContactAddress (ContactId, AddressId, AddressType) 
		VALUES (979, 1306, 2);
INSERT INTO Contact (Id, GivenName, Surname, ContactType, CreatedDate, LastModifiedDate) 
	VALUES (980, 'Alexa', 'Shaw', 'Supplier', '2023-11-07 02:30:24', '2023-11-17 21:25:13');
INSERT INTO [Address] (Id, Street, City, [State], Country, Postcode) 
	VALUES (1307, '510 Highland Drive', 'Kialla East', 'Otago', 'New Zealand', '5071');
INSERT INTO ContactAddress (ContactId, AddressId, AddressType) 
	VALUES (980, 1307, 1);
INSERT INTO Contact (Id, GivenName, Surname, ContactType, CreatedDate, LastModifiedDate) 
	VALUES (981, 'Leonel', 'Levy', 'Employee', '2018-11-01 20:01:39', '2023-05-03 07:24:19');
INSERT INTO [Address] (Id, Street, City, [State], Country, Postcode) 
	VALUES (1308, '558 Park Street', 'Burrapine', 'Catnerbury', 'New Zealand', '2737');
INSERT INTO ContactAddress (ContactId, AddressId, AddressType) 
	VALUES (981, 1308, 1);
INSERT INTO Contact (Id, GivenName, Surname, ContactType, CreatedDate, LastModifiedDate) 
	VALUES (982, 'Deandre', 'Spears', 'Supplier', '2019-11-23 07:35:52', '2023-03-26 09:40:31');
INSERT INTO [Address] (Id, Street, City, [State], Country, Postcode) 
	VALUES (1309, '654 Harrison Avenue', 'Peronne', 'New Plymouth', 'New Zealand', '7144');
INSERT INTO ContactAddress (ContactId, AddressId, AddressType) 
	VALUES (982, 1309, 1);
INSERT INTO [Address] (Id, Street, City, [State], Country, Postcode) 
		VALUES (1310, '896 Cambridge Road', 'Black Lead', 'Wellington', 'New Zealand', '2465');
INSERT INTO ContactAddress (ContactId, AddressId, AddressType) 
		VALUES (982, 1310, 2);
INSERT INTO Contact (Id, GivenName, Surname, ContactType, CreatedDate, LastModifiedDate) 
	VALUES (983, 'Jovanni', 'Jefferson', 'Customer', '2019-11-30 00:03:54', '2022-06-17 23:09:08');
INSERT INTO [Address] (Id, Street, City, [State], Country, Postcode) 
	VALUES (1311, '1634 8th Street South', 'Bellbird', 'Nelson', 'New Zealand', '4634');
INSERT INTO ContactAddress (ContactId, AddressId, AddressType) 
	VALUES (983, 1311, 1);
INSERT INTO Contact (Id, GivenName, Surname, ContactType, CreatedDate, LastModifiedDate) 
	VALUES (984, 'Brenda', 'Watson', 'Supplier', '2021-06-17 10:30:48', '2023-01-16 12:57:16');
INSERT INTO [Address] (Id, Street, City, [State], Country, Postcode) 
	VALUES (1312, '949 Mulberry Street', 'Tuen', 'Wellington', 'New Zealand', '2880');
INSERT INTO ContactAddress (ContactId, AddressId, AddressType) 
	VALUES (984, 1312, 1);
INSERT INTO Contact (Id, GivenName, Surname, ContactType, CreatedDate, LastModifiedDate) 
	VALUES (985, 'Regan', 'Aguilar', 'Customer', '2023-09-20 00:40:53', '2024-01-05 05:15:51');
INSERT INTO [Address] (Id, Street, City, [State], Country, Postcode) 
	VALUES (1313, '1486 High Street', 'Finley', 'Aukland', 'New Zealand', '6321');
INSERT INTO ContactAddress (ContactId, AddressId, AddressType) 
	VALUES (985, 1313, 1);
INSERT INTO [Address] (Id, Street, City, [State], Country, Postcode) 
		VALUES (1314, '1563 Virginia Street', 'Hampshire', 'Catnerbury', 'New Zealand', '6385');
INSERT INTO ContactAddress (ContactId, AddressId, AddressType) 
		VALUES (985, 1314, 2);
INSERT INTO Contact (Id, GivenName, Surname, ContactType, CreatedDate, LastModifiedDate) 
	VALUES (986, 'Odin', 'Potter', 'Supplier', '2021-07-25 01:32:56', '2022-07-11 23:36:56');
INSERT INTO [Address] (Id, Street, City, [State], Country, Postcode) 
	VALUES (1315, '979 Hawthorne Lane', 'Rossmoya', 'New Plymouth', 'New Zealand', '3733');
INSERT INTO ContactAddress (ContactId, AddressId, AddressType) 
	VALUES (986, 1315, 1);
INSERT INTO Contact (Id, GivenName, Surname, ContactType, CreatedDate, LastModifiedDate) 
	VALUES (987, 'Natasha', 'Adkins', 'Customer', '2020-08-05 10:02:26', '2021-01-18 10:45:14');
INSERT INTO [Address] (Id, Street, City, [State], Country, Postcode) 
	VALUES (1316, '558 Jones Street', 'Nullawarre', 'New Plymouth', 'New Zealand', '7635');
INSERT INTO ContactAddress (ContactId, AddressId, AddressType) 
	VALUES (987, 1316, 1);
INSERT INTO Contact (Id, GivenName, Surname, ContactType, CreatedDate, LastModifiedDate) 
	VALUES (988, 'Brent', 'Clark', 'Supplier', '2020-12-30 17:55:57', '2022-08-04 19:43:45');
INSERT INTO [Address] (Id, Street, City, [State], Country, Postcode) 
	VALUES (1317, '258 Market Street', 'Barongarook', 'Aukland', 'New Zealand', '7373');
INSERT INTO ContactAddress (ContactId, AddressId, AddressType) 
	VALUES (988, 1317, 1);
INSERT INTO [Address] (Id, Street, City, [State], Country, Postcode) 
		VALUES (1318, '1349 Grove Street', 'Opossum Bay', 'New Plymouth', 'New Zealand', '7001');
INSERT INTO ContactAddress (ContactId, AddressId, AddressType) 
		VALUES (988, 1318, 2);
INSERT INTO Contact (Id, GivenName, Surname, ContactType, CreatedDate, LastModifiedDate) 
	VALUES (989, 'Kamora', 'Floyd', 'Other', '2023-11-21 13:56:47', '2023-12-17 14:58:54');
INSERT INTO [Address] (Id, Street, City, [State], Country, Postcode) 
	VALUES (1319, '296 Bayberry Drive', 'Cooee', 'Wellington', 'New Zealand', '1479');
INSERT INTO ContactAddress (ContactId, AddressId, AddressType) 
	VALUES (989, 1319, 1);
INSERT INTO Contact (Id, GivenName, Surname, ContactType, CreatedDate, LastModifiedDate) 
	VALUES (990, 'Monica', 'Brown', 'Supplier', '2019-06-29 00:56:41', '2021-01-21 15:14:25');
INSERT INTO [Address] (Id, Street, City, [State], Country, Postcode) 
	VALUES (1320, '751 Hamilton Road', 'Monameith', 'Catnerbury', 'New Zealand', '6368');
INSERT INTO ContactAddress (ContactId, AddressId, AddressType) 
	VALUES (990, 1320, 1);
INSERT INTO Contact (Id, GivenName, Surname, ContactType, CreatedDate, LastModifiedDate) 
	VALUES (991, 'Baron', 'Howe', 'Customer', '2019-04-19 23:27:33', '2022-10-23 08:51:25');
INSERT INTO [Address] (Id, Street, City, [State], Country, Postcode) 
	VALUES (1321, '1777 Railroad Street', 'Manypeaks', 'New Plymouth', 'New Zealand', '8712');
INSERT INTO ContactAddress (ContactId, AddressId, AddressType) 
	VALUES (991, 1321, 1);
INSERT INTO [Address] (Id, Street, City, [State], Country, Postcode) 
		VALUES (1322, '853 Harrison Avenue', 'Doncaster', 'New Plymouth', 'New Zealand', '4986');
INSERT INTO ContactAddress (ContactId, AddressId, AddressType) 
		VALUES (991, 1322, 2);
INSERT INTO Contact (Id, GivenName, Surname, ContactType, CreatedDate, LastModifiedDate) 
	VALUES (992, 'Makaila', 'Werner', 'Customer', '2022-01-26 19:21:52', '2023-01-16 12:43:19');
INSERT INTO [Address] (Id, Street, City, [State], Country, Postcode) 
	VALUES (1323, '661 Cambridge Drive', 'Coogee', 'Wellington', 'New Zealand', '1149');
INSERT INTO ContactAddress (ContactId, AddressId, AddressType) 
	VALUES (992, 1323, 1);
INSERT INTO Contact (Id, GivenName, Surname, ContactType, CreatedDate, LastModifiedDate) 
	VALUES (993, 'Stephen', 'Conway', 'Supplier', '2022-03-08 18:39:20', '2022-03-31 09:42:06');
INSERT INTO [Address] (Id, Street, City, [State], Country, Postcode) 
	VALUES (1324, '1133 Walnut Avenue', 'Degilbo', 'Wellington', 'New Zealand', '8318');
INSERT INTO ContactAddress (ContactId, AddressId, AddressType) 
	VALUES (993, 1324, 1);
INSERT INTO Contact (Id, GivenName, Surname, ContactType, CreatedDate, LastModifiedDate) 
	VALUES (994, 'Nathanial', 'Jensen', 'Customer', '2019-12-30 18:58:38', '2020-05-04 21:24:36');
INSERT INTO [Address] (Id, Street, City, [State], Country, Postcode) 
	VALUES (1325, '313 Division Street', 'Koo-Wee-Rup North', 'New Plymouth', 'New Zealand', '5979');
INSERT INTO ContactAddress (ContactId, AddressId, AddressType) 
	VALUES (994, 1325, 1);
INSERT INTO [Address] (Id, Street, City, [State], Country, Postcode) 
		VALUES (1326, '202 Elizabeth Street', 'Aitkenvale', 'New Plymouth', 'New Zealand', '6254');
INSERT INTO ContactAddress (ContactId, AddressId, AddressType) 
		VALUES (994, 1326, 2);
INSERT INTO Contact (Id, GivenName, Surname, ContactType, CreatedDate, LastModifiedDate) 
	VALUES (995, 'Deven', 'Rubio', 'Customer', '2021-09-13 15:05:33', '2022-03-13 04:35:36');
INSERT INTO [Address] (Id, Street, City, [State], Country, Postcode) 
	VALUES (1327, '338 B Street', 'Strathbogie', 'Nelson', 'New Zealand', '4997');
INSERT INTO ContactAddress (ContactId, AddressId, AddressType) 
	VALUES (995, 1327, 1);
INSERT INTO Contact (Id, GivenName, Surname, ContactType, CreatedDate, LastModifiedDate) 
	VALUES (996, 'Mariyah', 'Galloway', 'Customer', '2022-10-18 14:20:46', '2023-11-25 09:23:39');
INSERT INTO [Address] (Id, Street, City, [State], Country, Postcode) 
	VALUES (1328, '1192 Atlantic Avenue', 'Bohle', 'Aukland', 'New Zealand', '4866');
INSERT INTO ContactAddress (ContactId, AddressId, AddressType) 
	VALUES (996, 1328, 1);
INSERT INTO Contact (Id, GivenName, Surname, ContactType, CreatedDate, LastModifiedDate) 
	VALUES (997, 'Emanuel', 'Velez', 'Customer', '2020-01-11 09:01:34', '2022-01-05 23:38:17');
INSERT INTO [Address] (Id, Street, City, [State], Country, Postcode) 
	VALUES (1329, '395 George Street', 'Waubra Junction', 'Nelson', 'New Zealand', '5723');
INSERT INTO ContactAddress (ContactId, AddressId, AddressType) 
	VALUES (997, 1329, 1);
INSERT INTO [Address] (Id, Street, City, [State], Country, Postcode) 
		VALUES (1330, '875 Somerset Drive', 'Trafalgar West', 'Otago', 'New Zealand', '7939');
INSERT INTO ContactAddress (ContactId, AddressId, AddressType) 
		VALUES (997, 1330, 2);
INSERT INTO Contact (Id, GivenName, Surname, ContactType, CreatedDate, LastModifiedDate) 
	VALUES (998, 'Kaylyn', 'Mckee', 'Customer', '2023-01-02 04:01:24', '2023-07-07 18:31:04');
INSERT INTO [Address] (Id, Street, City, [State], Country, Postcode) 
	VALUES (1331, '324 Canterbury Drive', 'Manypeaks', 'Otago', 'New Zealand', '3483');
INSERT INTO ContactAddress (ContactId, AddressId, AddressType) 
	VALUES (998, 1331, 1);
INSERT INTO Contact (Id, GivenName, Surname, ContactType, CreatedDate, LastModifiedDate) 
	VALUES (999, 'Braydon', 'Watts', 'Employee', '2023-05-28 23:42:54', '2023-11-11 04:26:46');
INSERT INTO [Address] (Id, Street, City, [State], Country, Postcode) 
	VALUES (1332, '1713 Fairway Drive', 'Loch Valley', 'Canberra', 'Australia', '8430');
INSERT INTO ContactAddress (ContactId, AddressId, AddressType) 
	VALUES (999, 1332, 1);
INSERT INTO Contact (Id, GivenName, Surname, ContactType, CreatedDate, LastModifiedDate) 
	VALUES (1000, 'Waylon', 'Mcbride', 'Customer', '2022-04-23 05:23:11', '2023-06-10 15:17:23');
INSERT INTO [Address] (Id, Street, City, [State], Country, Postcode) 
	VALUES (1333, '496 Briarwood Drive', 'Monga', 'Otago', 'New Zealand', '3473');
INSERT INTO ContactAddress (ContactId, AddressId, AddressType) 
	VALUES (1000, 1333, 1);
INSERT INTO [Address] (Id, Street, City, [State], Country, Postcode) 
		VALUES (1334, '', '', 'Nelson', 'New Zealand', '1046');
INSERT INTO ContactAddress (ContactId, AddressId, AddressType) 
		VALUES (1000, 1334, 2);
